1,-11.7014,1,14.0234,1,-60.984,1,-16.5454,1,-64.7183,1,-4.0227,1,0.6191,1,-17.7722,1,-40.9703,1,-27.6869,1,-35.4266,1,-5.8169,1,-49.7548,1,-45.199,1,-40.631,1,-37.1402,1,-24.7913,1,-39.2706,1,-39.5972,1,-42.9147,1,-33.4927,1,-64.0042,1,-77.6346,1,-23.5498,1,-73.2675,1,-49.0887,1,-17.472,1,-19.0579,1,-36.2205,1,-35.492,1,-47.379,1,-41.3444,1,-42.5095,1,-30.2902,1,-12.0319,1,-29.2587,1,-29.2587,1,-32.089,1,-49.2015,1,-11.7496,1,-66.707,1,9.2879,1,-36.6542,1,-62.1211,1,-53.2275,1,-0.2772,1,-20.7024,1,-30.2659,1,-52.6939,1,-33.2049,1,-27.1315,1,-14.2669,1,-46.5976,1,-13.6701,1,-63.784,1,-14.0441,1,-70.6132,1,45.6803,1,-49.8147,1,-10.3443,1,-33.0293,1,48.1294,1,4.8658,1,25.6606,1,-16.4052,1,1.8166,1,-33.5625,1,25.1785,1,-35.3928,1,33.544,1,-26.2321,1,13.2851,1,-30.0352,1,0.5054,1,15.3677,1,-19.4945,1,-32.2235,1,0.1697,1,22.6972,1,1.141,1,6.8077,1,-59.4035,1,-49.6599,1,3.7155,1,-21.8755,1,-37.7519,1,-42.8452,1,-20.3252,1,-7.296,1,-13.1514,1,-8.6062,1,-6.5979,1,-50.6745,1,-2.9255,1,13.428,1,-43.7731,1,-36.7591,1,-6.3689,1,19.0538,1,0.631
2,-3.4917,2,19.7442,2,-55.5489,2,-0.7833,2,-73.8318,2,1.2397,2,-18.583,2,-5.9281,2,-31.4372,2,-28.5175,2,-24.3058,2,-22.8236,2,-49.9667,2,-38.1658,2,-37.5441,2,-37.1384,2,-31.7519,2,-33.127,2,-32.0182,2,-49.4705,2,-44.167,2,-65.7998,2,-72.9986,2,-33.4714,2,-60.6803,2,-55.0626,2,-20.8115,2,-13.9578,2,-33.671,2,-28.2056,2,-53.9113,2,-48.4076,2,-55.3558,2,-36.3602,2,3.5432,2,-26.3804,2,-26.3804,2,-39.42,2,-41.7826,2,-22.3534,2,-62.0281,2,15.7086,2,-27.6482,2,-35.9445,2,-46.3397,2,3.1428,2,-28.4941,2,-11.1609,2,-54.4198,2,-26.9795,2,-31.6345,2,-9.5942,2,-44.0574,2,-22.3073,2,-36.7738,2,-26.7171,2,-52.9576,2,36.5277,2,-50.4476,2,-14.1168,2,-51.7347,2,43.4343,2,8.3803,2,10.2501,2,-13.7346,2,-7.4405,2,-21.6354,2,32.3699,2,-41.8943,2,39.1691,2,-19.3326,2,2.4131,2,-16.9327,2,13.2386,2,0.5147,2,-25.408,2,-28.5532,2,-8.3604,2,31.3595,2,6.3779,2,11.3413,2,-52.7472,2,-58.5174,2,-4.6919,2,-28.8512,2,-23.8427,2,-28.7245,2,-33.3162,2,-23.7547,2,-12.1497,2,0.7549,2,-1.9707,2,-28.6293,2,-1.1683,2,3.173,2,-47.659,2,-42.7468,2,-11.1699,2,28.4643,2,5.519
3,1.6928,3,19.8683,3,-50.4129,3,6.6247,3,-72.3138,3,4.9371,3,-36.2065,3,1.1144,3,-30.4397,3,-33.1217,3,-9.4929,3,-32.0984,3,-56.1005,3,-27.7992,3,-44.2356,3,-26.7555,3,-39.7462,3,-33.0471,3,-20.7617,3,-62.4831,3,-63.3044,3,-60.3231,3,-69.1447,3,-32.577,3,-51.13,3,-60.1302,3,-31.371,3,-17.5953,3,-31.8423,3,-20.3946,3,-53.0389,3,-55.82,3,-59.9532,3,-38.1386,3,21.8715,3,-26.4645,3,-26.4645,3,-42.2378,3,-33.8374,3,-35.7394,3,-44.2784,3,12.1735,3,-24.7302,3,-16.1122,3,-43.6618,3,-5.0769,3,-35.4715,3,-10,3,-57.5025,3,-25.0637,3,-41.9396,3,-5.248,3,-47.3772,3,-27.0074,3,-12.1443,3,-46.8421,3,-32.8755,3,25.1182,3,-48.1963,3,-7.2161,3,-59.357,3,31.7315,3,11.9034,3,-6.3602,3,-14.7736,3,-9.3261,3,-14.8524,3,29.0255,3,-40.4116,3,37.6571,3,-7.1034,3,-6.0927,3,-11.2643,3,20.8481,3,-6.1112,3,-35.6537,3,-28.2699,3,-20.0003,3,31.9015,3,10.4032,3,12.9406,3,-37.0535,3,-63.8849,3,-0.03701,3,-38.8839,3,-19.5173,3,-25.8534,3,-47.9059,3,-25.9995,3,-7.3391,3,5.0124,3,0.09754,3,-7.8936,3,-9.3539,3,-5.8173,3,-54.3487,3,-39.2049,3,-15.6045,3,35.2647,3,-3.788
4,2.4702,4,16.4544,4,-52.8767,4,3.7115,4,-67.3939,4,4.3659,4,-45.5432,4,3.8245,4,-30.5461,4,-21.1318,4,9.3486,4,-20.9234,4,-50.2265,4,-21.6938,4,-49.1659,4,-23.1745,4,-33.4538,4,-36.2237,4,-6.6458,4,-79.5121,4,-81.7899,4,-56.4606,4,-73.2064,4,-35.4041,4,-47.7705,4,-67.233,4,-37.1878,4,-19.8157,4,-26.3827,4,-20.9897,4,-43.9422,4,-52.0298,4,-53.0451,4,-32.3819,4,24.8208,4,-26.1413,4,-26.1413,4,-40.9989,4,-27.5644,4,-52.6845,4,-34.8193,4,1.9113,4,-36.2113,4,-12.8073,4,-39.9757,4,-14.0552,4,-36.6301,4,-7.2234,4,-49.9437,4,-31.6148,4,-46.6909,4,-0.3877,4,-56.6682,4,-25.778,4,-12.0563,4,-53.4159,4,-11.4502,4,-5.6568,4,-42.174,4,0.648,4,-47.1636,4,22.5608,4,14.3013,4,-9.2315,4,-7.1032,4,-4.8507,4,-14.1629,4,19.7497,4,-21.5712,4,29.8545,4,6.9166,4,-10.8656,4,-10.4215,4,22.0009,4,0.2358,4,-47.4949,4,-27.8382,4,-34.5486,4,18.2437,4,18.7681,4,13.4445,4,-28.8101,4,-64.7836,4,1.9406,4,-43.5009,4,-30.541,4,-33.201,4,-61.0736,4,-18.493,4,-7.2879,4,-4.1005,4,-3.4404,4,10.2897,4,-12.1964,4,-0.7795,4,-65.7482,4,-27.3002,4,-26.0123,4,25.7928,4,-11.385
5,-3.8287,5,12.8238,5,-62.2331,5,0.7887,5,-52.3755,5,0.6992,5,-51.5007,5,9.0311,5,-31.7935,5,-9.8283,5,11.3093,5,-4.1091,5,-42.6665,5,-18.9416,5,-39.6966,5,-33.4554,5,-25.7671,5,-40.8683,5,2.212,5,-88.4994,5,-82.7332,5,-52.9417,5,-83.101,5,-45.235,5,-42.9703,5,-70.9965,5,-40.3453,5,-12.3418,5,-13.5893,5,-27.5649,5,-34.7581,5,-48.7974,5,-46.3066,5,-26.1696,5,17.5783,5,-22.4245,5,-22.4245,5,-42.2498,5,-14.2531,5,-64.6543,5,-31.6876,5,-4.0468,5,-51.2753,5,-21.9133,5,-28.0414,5,-22.9382,5,-21.9554,5,-4.9839,5,-39.9933,5,-43.8436,5,-47.0353,5,3.3902,5,-59.0924,5,-23.1131,5,-15.6211,5,-44.76,5,5.762,5,-39.9052,5,-33.1562,5,3.3359,5,-28.9227,5,11.271,5,11.9186,5,-2.2848,5,7.9653,5,-8.4664,5,-19.3654,5,9.9679,5,-3.1635,5,23.9518,5,17.7412,5,-19.0093,5,-3.9292,5,11.1116,5,4.9318,5,-56.5503,5,-28.5746,5,-41.7796,5,5.7433,5,25.8614,5,14.4381,5,-30.4154,5,-63.1723,5,-5.2182,5,-49.5263,5,-38.8237,5,-37.3493,5,-71.3168,5,-6.6637,5,-11.0948,5,-8.9647,5,-8.6232,5,23.6612,5,-20.9706,5,9.58,5,-73.7765,5,-18.1468,5,-32.1665,5,13.0195,5,-24.225
6,-4.5545,6,9.6095,6,-71.6957,6,1.5659,6,-35.4542,6,-0.7191,6,-58.4497,6,0.9193,6,-37.7399,6,-2.288,6,-1.4033,6,6.4947,6,-25.0287,6,-19.1791,6,-23.4074,6,-49.8688,6,-19.664,6,-44.3857,6,-2.185,6,-83.6397,6,-81.5189,6,-54.5002,6,-85.4255,6,-43.5738,6,-39.9743,6,-73.1062,6,-55.2039,6,-10.8729,6,-9.3062,6,-37.7258,6,-28.6545,6,-51.2379,6,-41.6872,6,-22.1508,6,8.0484,6,-26.115,6,-26.115,6,-48.9974,6,-5.5453,6,-66.1347,6,-29.392,6,-8.1331,6,-66.7498,6,-37.1071,6,-14.084,6,-37.298,6,-4.7732,6,-9.6525,6,-28.4672,6,-58.9421,6,-48.3911,6,-0.01619,6,-62.9857,6,-24.1907,6,-12.5666,6,-41.1657,6,8.8084,6,-52.409,6,-20.7374,6,-1.5592,6,-23.7057,6,3.8587,6,8.5053,6,5.118,6,18.8733,6,-14.6157,6,-23.8643,6,-3.2141,6,-2.5433,6,15.0922,6,24.4102,6,-25.6026,6,7.5619,6,1.8815,6,6.3673,6,-58.7517,6,-28.2674,6,-40.2791,6,4.7977,6,24.3317,6,14.1623,6,-38.9396,6,-64.2855,6,-2.4111,6,-52.0047,6,-45.4165,6,-35.8043,6,-73.7135,6,0.8997,6,-17.1932,6,-6.088,6,-14.3162,6,27.0169,6,-30.0743,6,16.6886,6,-69.4024,6,-7.4275,6,-25.7211,6,6.0104,6,-42.358
7,4.0235,7,4.9797,7,-69.0664,7,2.3845,7,-15.6841,7,-7.4174,7,-65.9857,7,-24.3841,7,-37.9993,7,4.5015,7,-17.8573,7,9.0856,7,-8.1086,7,-19.1924,7,-7.2485,7,-54.5625,7,-14.3039,7,-48.2016,7,-6.1885,7,-74.9159,7,-82.0057,7,-57.3295,7,-77.4387,7,-31.5736,7,-32.9748,7,-58.4294,7,-64.1573,7,-12.87,7,-8.7031,7,-42.3783,7,-26.5213,7,-51.4203,7,-39.5654,7,-17.0279,7,11.0667,7,-33.1855,7,-33.1855,7,-44.3538,7,-11.8022,7,-55.8017,7,-36.6812,7,-8.8802,7,-78.4502,7,-42.1135,7,-13.4225,7,-46.8179,7,9.0477,7,-13.7719,7,-19.4961,7,-76.8929,7,-45.0976,7,-8.645,7,-76.8566,7,-28.7553,7,-20.8893,7,-41.4484,7,7.7164,7,-60.7846,7,-13.2115,7,-12.9606,7,-20.9517,7,-1.1065,7,4.5631,7,5.5785,7,16.2684,7,-21.1097,7,-25.6442,7,-7.6024,7,-14.1481,7,0.837,7,26.7765,7,-22.1081,7,16.7257,7,-4.1655,7,6.6967,7,-58.9976,7,-21.1684,7,-30.8042,7,11.6227,7,22.9909,7,7.1983,7,-38.6071,7,-63.7974,7,-5.5182,7,-44.6136,7,-52.8245,7,-37.376,7,-71.25,7,-8.3047,7,-25.8828,7,0.5053,7,-20.1066,7,21.7174,7,-28.5921,7,14.8274,7,-54.4683,7,2.048,7,-26.1672,7,-6.9772,7,-48.893
8,2.8488,8,8.8928,8,-54.0782,8,-7.8508,8,6.6051,8,-23.3804,8,-71.7176,8,-39.8796,8,-37.6775,8,-2.8812,8,-30.4448,8,10.7401,8,-1.1509,8,-18.8071,8,-7.4076,8,-57.0122,8,-10.0877,8,-38.7529,8,-2.8486,8,-64.7658,8,-68.1089,8,-58.5617,8,-67.3627,8,-27.344,8,-30.1101,8,-31.8595,8,-65.5513,8,-24.8741,8,-21.8355,8,-38.5578,8,-37.0879,8,-39.4306,8,-34.0014,8,-11.8819,8,25.7492,8,-38.499,8,-38.499,8,-34.3111,8,-22.2269,8,-35.0331,8,-50.2797,8,-7.6261,8,-85.7744,8,-29.565,8,-30.3243,8,-39.2386,8,12.5069,8,-13.9989,8,-12.8613,8,-88.8695,8,-27.0015,8,-17.491,8,-80.4637,8,-24.9979,8,-25.3491,8,-35.4899,8,0.7339,8,-70.5922,8,-14.286,8,-22.3769,8,-16.7007,8,-4.7847,8,5.656,8,2.075,8,1.9627,8,-29.6474,8,-27.9182,8,-2.1988,8,-27.585,8,-0.6018,8,26.9849,8,-11.5536,8,23.9521,8,-12.0037,8,-0.0939,8,-55.8453,8,-6.0684,8,-25.8092,8,27.6515,8,15.6384,8,-11.2599,8,-38.2884,8,-60.8944,8,-11.4821,8,-36.5896,8,-60.3328,8,-43.3403,8,-60.2881,8,-14.0322,8,-31.5268,8,7.469,8,-22.9551,8,10.8768,8,-18.4018,8,3.9397,8,-40.5784,8,-0.462,8,-36.6226,8,-22.2118,8,-47.78
9,-0.9878,9,19.0982,9,-46.0078,9,-17.1566,9,23.819,9,-37.5044,9,-71.0624,9,-44.2365,9,-33.4602,9,-12.5835,9,-35.8574,9,15.1127,9,-11.8588,9,-17.7822,9,-18.1273,9,-58.1131,9,-5.8241,9,-20.9782,9,0.712,9,-49.8805,9,-52.2262,9,-53.3709,9,-55.6381,9,-31.7098,9,-34.0157,9,-14.9391,9,-54.7612,9,-47.6856,9,-39.4849,9,-35.3182,9,-50.2772,9,-25.5888,9,-15.7317,9,-15.652,9,25.3687,9,-41.8362,9,-41.8362,9,-30.6366,9,-20.0783,9,-23.982,9,-43.9231,9,-8.1359,9,-82.5526,9,-13.285,9,-47.7871,9,-18.1972,9,7.2588,9,-12.5414,9,-12.0454,9,-94.1375,9,-19.3328,9,-12.7618,9,-71.5311,9,-18.885,9,-8.2105,9,-36.5184,9,-13.7458,9,-76.2052,9,-12.7068,9,-20.9433,9,-18.6242,9,-9.1717,9,12.1017,9,5.024,9,-13.5025,9,-37.2893,9,-30.2528,9,6.1957,9,-32.2684,9,4.0065,9,27.1004,9,-3.8283,9,24.4551,9,-16.8688,9,-9.4096,9,-44.7354,9,7.4372,9,-30.6952,9,49.4361,9,1.4675,9,-31.4456,9,-41.8868,9,-57.0817,9,-15.9615,9,-23.6154,9,-54.6555,9,-50.5631,9,-55.9281,9,-25.9603,9,-37.6735,9,14.6488,9,-18.9219,9,0.4594,9,-9.1951,9,-8.3009,9,-41.3541,9,-3.0118,9,-42.1096,9,-29.5304,9,-39.649
10,1.9852,10,22.4776,10,-54.751,10,-22.2844,10,28.1962,10,-39.6664,10,-63.238,10,-44.8164,10,-31.0101,10,-16.1976,10,-42.2139,10,22.0109,10,-20.3042,10,-16.2175,10,-31.1775,10,-46.7506,10,-3.1361,10,-1.0243,10,-10.4328,10,-40.7586,10,-43.1416,10,-43.492,10,-45.9221,10,-30.2996,10,-41.2675,10,-3.0993,10,-44.9266,10,-61.3221,10,-47.0476,10,-44.5442,10,-62.9485,10,-20.6792,10,4.5995,10,-24.9046,10,-7.7799,10,-39.4059,10,-39.4059,10,-33.5792,10,-3.9612,10,-29.0105,10,-31.5754,10,-12.9466,10,-76.4199,10,-4.1113,10,-55.2061,10,-6.8507,10,-4.3082,10,-6.2513,10,-21.9328,10,-89.9721,10,-26.5935,10,-8.7201,10,-56.0814,10,-22.7304,10,-9.7594,10,-40.8391,10,-28.3882,10,-71.9162,10,-4.2551,10,-10.7357,10,-23.2204,10,-13.5497,10,18.8556,10,11.0634,10,-21.9938,10,-38.2619,10,-24.1488,10,7.8358,10,-26.9971,10,12.4219,10,23.7519,10,-0.7745,10,15.3668,10,-20.8584,10,-12.3226,10,-33.9283,10,15.3985,10,-37.9535,10,63.5821,10,-16.145,10,-51.8383,10,-43.1511,10,-45.018,10,-20.8701,10,-14.2892,10,-45.6304,10,-46.3169,10,-46.4726,10,-42.2652,10,-41.2108,10,16.5691,10,-11.9267,10,-10.0256,10,-4.5003,10,-15.6751,10,-49.3983,10,-5.4445,10,-40.7635,10,-31.5301,10,-27.087
11,3.0128,11,16.518,11,-67.7892,11,-21.3026,11,28.1568,11,-35.7724,11,-47.0981,11,-43.0702,11,-26.4841,11,-18.2792,11,-31.7088,11,10.7198,11,-25.126,11,-20.5911,11,-34.4648,11,-33.6592,11,-6.8391,11,0.4637,11,-26.7872,11,-42.1995,11,-35.0811,11,-35.6051,11,-45.4942,11,-27.6404,11,-48.8871,11,2.6426,11,-30.0025,11,-48.8858,11,-38.7763,11,-59.8771,11,-74.9549,11,-23.7392,11,12.134,11,-29.3628,11,-38.0244,11,-36.7133,11,-36.7133,11,-36.3776,11,17.2288,11,-45.3953,11,-30.6088,11,-12.003,11,-65.0644,11,-1.2627,11,-47.7724,11,-15.0662,11,-6.196,11,-14.3638,11,-35.1472,11,-79.6178,11,-20.1803,11,-17.3177,11,-52.671,11,-30.5203,11,-20.5579,11,-32.6049,11,-29.3234,11,-50.8056,11,2.777,11,-2.644,11,-21.5825,11,-21.5935,11,24.3419,11,12.5537,11,-28.1698,11,-33.0037,11,-15.513,11,0.9905,11,-21.2333,11,21.4623,11,10.888,11,-1.7904,11,2.7083,11,-22.6726,11,-8.7521,11,-24.6917,11,16.0695,11,-36.8445,11,60.6295,11,-25.7551,11,-55.6348,11,-38.8271,11,-30.6721,11,-23.2888,11,-14.4278,11,-43.8676,11,-34.625,11,-45.1377,11,-48.3683,11,-35.1087,11,10.5818,11,-8.3634,11,-19.8835,11,-4.8282,11,-20.2155,11,-50.1653,11,-12.4,11,-42.0876,11,-18.6589,11,-20.671
12,-0.3421,12,1.1258,12,-68.588,12,-24.8633,12,23.2221,12,-30.61,12,-29.0087,12,-24.3736,12,-20.1575,12,-18.7879,12,-15.5942,12,-10.9595,12,-34.4026,12,-26.3232,12,-31.4127,12,-28.0057,12,-4.783,12,-2.2943,12,-37.9588,12,-45.0261,12,-29.0794,12,-31.1145,12,-56.9958,12,-20.5281,12,-51.6774,12,-9.7556,12,-19.7905,12,-25.9981,12,-17.4695,12,-76.5119,12,-75.8464,12,-18.3643,12,5.1521,12,-26.023,12,-51.9406,12,-30.4326,12,-30.4326,12,-43.1187,12,29.3015,12,-60.1027,12,-29.1122,12,-9.9711,12,-63.7999,12,2.706,12,-33.5592,12,-22.2767,12,-0.4169,12,-24.8267,12,-40.3695,12,-70.0891,12,-1.676,12,-23.5642,12,-60.7794,12,-32.6995,12,-33.8743,12,-25.0613,12,-23.3845,12,-35.7259,12,3.2383,12,2.6582,12,-16.9982,12,-25.9863,12,31.4976,12,13.5856,12,-30.9252,12,-28.8968,12,-10.756,12,0.1974,12,-26.9016,12,32.4368,12,-9.2103,12,-3.278,12,0.6465,12,-27.053,12,-5.5366,12,-5.3735,12,10.9261,12,-24.2289,12,48.0969,12,-27.3033,12,-36.7833,12,-36.0146,12,-21.9603,12,-15.6788,12,-20.4948,12,-37.8319,12,-25.7,12,-43.6427,12,-47.2665,12,-30.6436,12,0.4577,12,-17.0338,12,-27.2693,12,-11.3901,12,-23.7568,12,-46.722,12,-19.9618,12,-38.4885,12,-2.6938,12,-18.547
13,-8.3031,13,-12.8218,13,-55.7872,13,-35.6709,13,12.237,13,-29.5971,13,-17.5992,13,2.8032,13,-19.6269,13,-11.5534,13,-12.1583,13,-39.497,13,-41.2585,13,-25.3384,13,-24.4203,13,-29.6482,13,8.798,13,-6.1347,13,-43.7012,13,-44.5436,13,-20.7266,13,-38.4164,13,-64.9323,13,-5.7441,13,-42.3416,13,-19.9323,13,-22.955,13,-16.9883,13,-10.0049,13,-85.3672,13,-69.7749,13,-10.4233,13,-7.2967,13,-22.447,13,-60.9906,13,-17.657,13,-17.657,13,-52.3354,13,38.2763,13,-59.8086,13,-13.2091,13,-17.7786,13,-75.9457,13,-1.6852,13,-17.1605,13,-22.9675,13,11.0198,13,-28.3827,13,-41.1268,13,-61.3239,13,8.5091,13,-21.1487,13,-54.4468,13,-28.6774,13,-40.2578,13,-30.0867,13,-23.907,13,-34.289,13,-2.6844,13,3.465,13,-25.7579,13,-16.1117,13,30.91,13,21.1266,13,-28.5158,13,-27.6202,13,-9.9182,13,3.7304,13,-43.1529,13,43.3707,13,-20.6084,13,-4.7207,13,-0.1162,13,-33.526,13,-9.3107,13,16.5242,13,6.5363,13,-12.5561,13,38.5015,13,-25.6359,13,-17.9839,13,-31.4729,13,-22.5314,13,-10.2053,13,-12.305,13,-23.9494,13,-23.7577,13,-42.0555,13,-33.561,13,-31.8455,13,-3.6245,13,-30.8742,13,-30.8513,13,-18.8799,13,-28.7747,13,-40.0176,13,-22.6226,13,-30.793,13,1.3993,13,-16.369
14,-23.8607,14,-17.077,14,-36.7715,14,-42.6364,14,-4.1203,14,-33.7978,14,-8.5331,14,21.9903,14,-21.5362,14,-2.4911,14,-17.7553,14,-65.285,14,-47.6679,14,-28.9011,14,-10.9685,14,-35.7967,14,23.9859,14,-13.0337,14,-51.3279,14,-41.6239,14,-21.1962,14,-51.2955,14,-70.139,14,3.7234,14,-30.508,14,-22.6606,14,-25.8261,14,-18.3784,14,-7.533,14,-79.4842,14,-63.0397,14,-7.154,14,-19.0331,14,-22.0401,14,-52.1286,14,-3.5655,14,-3.5655,14,-53.1467,14,33.2071,14,-48.5999,14,5.0972,14,-26.6587,14,-89.8369,14,1.9986,14,-3.0422,14,-23.8972,14,13.5329,14,-33.1359,14,-39.7654,14,-57.3949,14,10.7214,14,-13.8595,14,-46.5299,14,-17.7158,14,-42.8701,14,-36.8748,14,-15.1861,14,-32.6389,14,-11.1898,14,5.1182,14,-39.9059,14,3.0993,14,30.4239,14,31.2307,14,-18.8557,14,-25.7841,14,-12.6621,14,9.7149,14,-54.0526,14,50.4606,14,-27.2874,14,-7.4096,14,-9.8706,14,-43.2779,14,-17.9006,14,33.7084,14,6.9671,14,-5.2082,14,34.0063,14,-20.3957,14,-7.4277,14,-22.0341,14,-19.8268,14,-8.6629,14,-3.5338,14,-15.0135,14,-18.4157,14,-37.8919,14,-25.1109,14,-35.5843,14,-6.4847,14,-34.1626,14,-24.0082,14,-15.9448,14,-33.7747,14,-29.99,14,-20.4678,14,-26.0395,14,1.6754,14,-28.711
15,-39.6814,15,-14.4594,15,-24.8671,15,-47.798,15,-20.6532,15,-39.6842,15,-4.8662,15,26.8906,15,-24.98,15,-12.7729,15,-20.8882,15,-74.11,15,-47.015,15,-40.6059,15,-8.7586,15,-35.4653,15,32.4356,15,-24.2543,15,-53.686,15,-36.2028,15,-24.2683,15,-60.107,15,-71.8,15,12.6829,15,-28.0791,15,-36.2199,15,-27.0227,15,-20.6967,15,-4.5182,15,-69.9266,15,-54.1955,15,-5.8215,15,-23.6796,15,-23.1513,15,-42.4101,15,8.3725,15,8.3725,15,-47.106,15,18.9962,15,-40.2466,15,9.868,15,-25.2974,15,-93.323,15,-1.4856,15,-1.0239,15,-37.4306,15,-0.3641,15,-43.3556,15,-34.5418,15,-60.1376,15,12.1291,15,-10.2847,15,-43.3147,15,-6.872,15,-36.221,15,-43.4353,15,-7.9132,15,-22.2865,15,-14.9348,15,3.6335,15,-40.0408,15,18.5355,15,30.1373,15,29.4029,15,-3.2454,15,-24.1472,15,-21.6727,15,17.3638,15,-50.8175,15,41.7557,15,-32.601,15,-7.7962,15,-22.1159,15,-49.7651,15,-23.8869,15,49.7783,15,12.9057,15,-3.7949,15,32.3748,15,-16.8212,15,2.4931,15,-12.6851,15,-17.8053,15,-5.2397,15,5.6269,15,-14.3694,15,-10.3204,15,-43.7918,15,-22.6959,15,-36.6195,15,-2.1615,15,-29.7142,15,-1.8301,15,-13.5587,15,-40.206,15,-23.2411,15,-12.6396,15,-29.752,15,-0.6051,15,-45.401
16,-49.3386,16,-7.465,16,-14.354,16,-51.3578,16,-23.505,16,-41.2496,16,-3.6103,16,25.7855,16,-21.579,16,-36.3373,16,-22.5925,16,-73.288,16,-40.6379,16,-45.4579,16,-7.6068,16,-31.5219,16,22.4359,16,-25.7858,16,-50.1006,16,-30.1084,16,-25.1048,16,-59.0624,16,-64.0479,16,10.1538,16,-34.2899,16,-45.5561,16,-22.9713,16,-24.0151,16,-16.1254,16,-64.9847,16,-37.6281,16,-2.0435,16,-17.8422,16,-21.288,16,-35.794,16,7.2985,16,7.2985,16,-35.7764,16,0.9159,16,-26.0927,16,4.4334,16,-19.0216,16,-97.725,16,-9.7009,16,-6.0381,16,-59.6693,16,-27.1539,16,-50.8652,16,-37.0781,16,-66.4371,16,13.867,16,-16.7355,16,-51.9716,16,3.8827,16,-24.6464,16,-43.9297,16,-11.9557,16,-7.9646,16,-17.0733,16,-8.948,16,-24.4123,16,27.1238,16,26.9383,16,23.7256,16,7.5515,16,-26.6281,16,-32.6658,16,23.9096,16,-43.204,16,32.57,16,-32.1698,16,-10.5097,16,-29.4798,16,-51.4135,16,-21.9451,16,58.5466,16,20.472,16,-7.3807,16,32.0451,16,-22.6756,16,16.6136,16,-6.5761,16,-23.4495,16,-6.9329,16,9.0913,16,-13.1666,16,-13.4315,16,-46.9702,16,-28.9658,16,-28.5284,16,1.604,16,-29.4069,16,18.562,16,-10.2171,16,-35.7197,16,-24.0658,16,-12.1879,16,-28.9486,16,-9.0089,16,-58.698
17,-53.0751,17,-3.0849,17,0.5565,17,-52.2085,17,-24.2805,17,-35.5606,17,-1.5181,17,7.824,17,-11.0184,17,-60.015,17,-22.0366,17,-68.9968,17,-40.1726,17,-31.7734,17,-6.4496,17,-22.058,17,8.5681,17,-26.6516,17,-40.8632,17,-30.0408,17,-23.8437,17,-51.8936,17,-44.226,17,0.2344,17,-39.8018,17,-40.0762,17,-22.1233,17,-27.0737,17,-35.496,17,-64.7004,17,-27.1446,17,2.2709,17,-14.402,17,-10.8981,17,-37.6308,17,-11.3916,17,-11.3916,17,-32.7187,17,-2.9319,17,-8.8378,17,2.8119,17,-13.9851,17,-90.4415,17,-16.0868,17,-7.1311,17,-80.6736,17,-39.1671,17,-50.9816,17,-45.1019,17,-70.7145,17,5.6923,17,-20.4449,17,-60.0413,17,15.3002,17,-17.31,17,-36.9991,17,-17.0413,17,0.8346,17,-27.1605,17,-29.3029,17,-5.0623,17,32.1158,17,22.1561,17,23.6553,17,19.223,17,-30.751,17,-41.772,17,26.4467,17,-25.4938,17,24.1717,17,-24.7108,17,-12.706,17,-34.5299,17,-44.0571,17,-12.8538,17,53.355,17,24.8117,17,-12.8714,17,32.7679,17,-33.7719,17,23.8526,17,-7.6915,17,-26.6548,17,-5.1185,17,-4.4814,17,-9.9089,17,-18.9538,17,-46.637,17,-36.3251,17,-30.6841,17,4.6741,17,-43.8986,17,24.4623,17,5.1027,17,-26.0085,17,-28.3453,17,-20.2829,17,-18.7682,17,-15.1899,17,-70.795
18,-49.1672,18,-5.9332,18,1.3742,18,-53.0591,18,-23.4319,18,-28.194,18,2.1352,18,-17.5149,18,1.1877,18,-77.9776,18,-13.1115,18,-66.4442,18,-44.2111,18,-11.1765,18,-7.4142,18,-17.6358,18,8.0177,18,-33.8853,18,-37.4216,18,-37.9979,18,-28.3247,18,-48.666,18,-32.5566,18,-14.5147,18,-40.9322,18,-29.3307,18,-20.7277,18,-26.0747,18,-40.5296,18,-67.6213,18,-29.4058,18,-5.8335,18,-10.7722,18,-1.0973,18,-42.0306,18,-29.8209,18,-29.8209,18,-32.1285,18,0.7024,18,6.2386,18,-2.3036,18,-9.8984,18,-81.46,18,-23.6818,18,-18.7151,18,-86.4717,18,-31.6481,18,-43.5642,18,-46.4261,18,-66.3737,18,-14.0577,18,-26.2859,18,-60.3537,18,17.8411,18,4.6531,18,-25.7673,18,-28.65,18,3.5086,18,-41.9679,18,-34.7642,18,-0.6995,18,33.0114,18,15.7545,18,25.8969,18,25.6294,18,-27.668,18,-41.1855,18,23.7123,18,-5.2574,18,16.845,18,-11.8408,18,-10.92,18,-35.5027,18,-33.1987,18,-1.8456,18,35.8621,18,26.3327,18,-9.2698,18,38.8277,18,-35.7062,18,21.478,18,-17.3143,18,-15.4154,18,-12.3893,18,-34.7786,18,-12.2152,18,-19.3726,18,-39.7169,18,-33.9281,18,-41.825,18,3.6436,18,-66.5963,18,17.3904,18,16.3143,18,-18.9912,18,-37.0578,18,-27.4983,18,-10.0375,18,-27.3955,18,-74.486
19,-39.4912,19,-9.9056,19,-5.4515,19,-48.1024,19,-21.5621,19,-23.5773,19,-2.3574,19,-41.6915,19,4.6263,19,-90.8461,19,-14.2402,19,-66.1568,19,-39.5046,19,-5.87,19,-10.6941,19,-12.6128,19,8.821,19,-35.2717,19,-40.6402,19,-41.0964,19,-37.5306,19,-44.0874,19,-36.7094,19,-30.0431,19,-37.9044,19,-24.0845,19,-18.5164,19,-31.9526,19,-34.6971,19,-69.4375,19,-37.2767,19,-26.104,19,-6.0524,19,2.2265,19,-31.755,19,-33.4747,19,-33.4747,19,-22.9156,19,2.6751,19,13.1569,19,-17.8595,19,-11.1635,19,-61.8052,19,-28.1719,19,-34.4772,19,-89.1771,19,-17.3183,19,-37.6503,19,-45.2277,19,-65.5198,19,-33.7433,19,-27.4232,19,-56.1337,19,11.1843,19,27.685,19,-16.2674,19,-44.9764,19,1.2505,19,-46.5815,19,-24.5053,19,-4.368,19,21.4394,19,0.09352,19,23.7788,19,23.5636,19,-20.2308,19,-25.191,19,23.2356,19,8.2939,19,15.4793,19,-2.2624,19,-5.9636,19,-25.0224,19,-21.7473,19,7.5094,19,9.6359,19,28.6957,19,-1.1451,19,47.6288,19,-29.8874,19,16.1983,19,-21.8234,19,1.9228,19,-36.6066,19,-56.3008,19,-18.5415,19,-12.0077,19,-35.1199,19,-36.4452,19,-56.6836,19,-1.7647,19,-81.9691,19,8.4284,19,5.8361,19,-15.4385,19,-47.918,19,-28.9931,19,-22.3152,19,-38.8813,19,-66.877
20,-21.5925,20,-6.3526,20,-11.0468,20,-37.3718,20,-21.5624,20,-14.646,20,-14.0823,20,-59.5223,20,3.1761,20,-90.184,20,-23.8061,20,-73.3863,20,-27.0651,20,-23.1479,20,-11.2343,20,-0.9392,20,-4.372,20,-37.1476,20,-31.5374,20,-41.9344,20,-47.6318,20,-39.6822,20,-46.607,20,-38.1181,20,-38.7659,20,-18.6097,20,-16.8893,20,-47.3995,20,-30.5873,20,-72.9278,20,-41.2534,20,-51.9464,20,-3.3804,20,-2.1421,20,-18.269,20,-28.8611,20,-28.8611,20,-16.0842,20,6.9981,20,14.7186,20,-32.2645,20,-3.3036,20,-43.5857,20,-26.9793,20,-44.6059,20,-77.2962,20,-6.0886,20,-35.674,20,-50.8982,20,-63.5359,20,-51.0216,20,-17.879,20,-52.2109,20,1.3778,20,31.0401,20,-13.1796,20,-57.6073,20,2.9669,20,-49.5491,20,-22.3168,20,-7.0281,20,7.2036,20,-23.6487,20,26.9252,20,20.4078,20,-12.1603,20,-8.4337,20,21.9803,20,9.7571,20,14.294,20,-6.0343,20,3.0972,20,-15.885,20,-9.292,20,15.0767,20,-20.9448,20,28.9433,20,7.6062,20,53.0952,20,-31.9181,20,0.3731,20,-22.8932,20,9.1777,20,-58.2525,20,-54.9465,20,-24.5185,20,-5.9613,20,-41.9633,20,-35.7815,20,-68.6352,20,-2.4791,20,-82.1346,20,4.6657,20,-11.5329,20,-6.7323,20,-58.3053,20,-26.0027,20,-44.9131,20,-47.8665,20,-42.836
21,0.2502,21,4.0013,21,-10.8407,21,-30.7789,21,-15.4335,21,-15.4593,21,-26.4868,21,-68.8695,21,4.9959,21,-81.3529,21,-31.7456,21,-75.0811,21,-24.9268,21,-45.3683,21,-6.3297,21,3.1423,21,-15.3313,21,-39.3742,21,-20.1721,21,-43.0954,21,-52.9362,21,-42.3293,21,-46.7482,21,-35.1669,21,-33.573,21,-8.4837,21,-10.902,21,-56.208,21,-36.9474,21,-74.5497,21,-44.9066,21,-73.5357,21,-2.4782,21,-6.4231,21,1.7805,21,-28.5486,21,-28.5486,21,-21.789,21,0.1109,21,13.4261,21,-42.7356,21,7.6502,21,-28.9984,21,-28.9698,21,-44.2298,21,-55.1368,21,0.6093,21,-31.9994,21,-50.7158,21,-53.0858,21,-50.1813,21,-12.7016,21,-46.0867,21,-12.7143,21,17.6918,21,-17.9146,21,-64.6483,21,-5.3427,21,-62.0367,21,-18.6617,21,-10.7412,21,-6.6181,21,-25.4538,21,30.7991,21,15.9858,21,-7.0331,21,-2.5257,21,21.5264,21,4.4699,21,2.0377,21,-9.8687,21,7.2517,21,-12.3519,21,-10.3799,21,16.6493,21,-41.6194,21,31.2374,21,13.7335,21,52.9445,21,-34.3775,21,-17.9697,21,-21.9848,21,9.2247,21,-76.9853,21,-37.4985,21,-29.3373,21,-6.8239,21,-43.1324,21,-32.8487,21,-71.3106,21,-3.3879,21,-71.838,21,2.9912,21,-28.6949,21,-3.6229,21,-54.2474,21,-23.1395,21,-45.1377,21,-56.4887,21,-18.808
22,15.4965,22,4.9158,22,-11.2859,22,-26.5429,22,-10.3293,22,-23.3305,22,-31.1192,22,-75.9413,22,-0.3353,22,-74.225,22,-34.6292,22,-66.5737,22,-38.4647,22,-50.6416,22,-8.7104,22,-2.7256,22,-17.3804,22,-42.1356,22,-17.5711,22,-45.4389,22,-49.8483,22,-55.8886,22,-35.3951,22,-33.5504,22,-30.8382,22,-3.5234,22,-11.4195,22,-56.2066,22,-42.2847,22,-68.1565,22,-54.8446,22,-72.1756,22,-7.5897,22,-17.3491,22,26.936,22,-24.4945,22,-24.4945,22,-22.4176,22,-9.7231,22,6.1137,22,-62.517,22,14.7344,22,-11.1076,22,-34.931,22,-31.787,22,-35.2817,22,-0.2606,22,-24.349,22,-31.5552,22,-50.2497,22,-38.2315,22,-15.5275,22,-37.8071,22,-30.9546,22,7.599,22,-25.8495,22,-66.4968,22,-7.1102,22,-70.9427,22,-6.754,22,-10.8033,22,-20.5336,22,-22.7924,22,30.3575,22,3.1791,22,-3.2825,22,-19.0042,22,30.6303,22,1.4907,22,-18.0475,22,-4.8538,22,11.7978,22,-11.1173,22,-14.8316,22,7.3022,22,-49.3602,22,26.5216,22,22.5517,22,44.5642,22,-33.4692,22,-23.7029,22,-23.1188,22,6.4124,22,-94.9856,22,-13.6702,22,-25.8209,22,-9.2276,22,-29.7917,22,-30.1525,22,-66.488,22,-5.5578,22,-53.8778,22,-5.1049,22,-36.8168,22,2.8107,22,-45.0564,22,-23.4922,22,-41.5998,22,-54.0663,22,-2.712
23,16.9752,23,6.4108,23,-12.0971,23,-14.0351,23,-4.022,23,-35.2895,23,-30.5689,23,-76.5018,23,-3.0932,23,-69.9692,23,-38.5738,23,-60.5472,23,-55.1663,23,-39.84,23,-11.2184,23,-12.4204,23,-14.672,23,-41.8917,23,-27.003,23,-35.9045,23,-49.6811,23,-73.2356,23,-21.3375,23,-37.7159,23,-41.9251,23,-6.8996,23,-31.9136,23,-54.7641,23,-46.9992,23,-71.6802,23,-65.4122,23,-62.9775,23,-14.6957,23,-26.563,23,42.8377,23,-17.0215,23,-17.0215,23,-28.0813,23,-21.6667,23,2.4022,23,-108.5273,23,13.5356,23,-1.9799,23,-49.235,23,-22.9412,23,-21.9298,23,3.0599,23,-13.879,23,-7.8842,23,-47.9835,23,-23.9864,23,-23.3264,23,-32.1529,23,-50.2932,23,-1.3152,23,-30.8822,23,-72.4901,23,1.76,23,-65.6308,23,0.4492,23,-25.0292,23,-31.1921,23,-19.9962,23,35.5815,23,-14.0897,23,-1.0152,23,-34.6337,23,37.2002,23,-9.2897,23,-45.4061,23,3.8304,23,11.4325,23,-3.6818,23,-30.463,23,-8.1908,23,-44.8879,23,13.4069,23,30.0022,23,27.9236,23,-36.3729,23,-20.3994,23,-14.378,23,4.9678,23,-112.0847,23,-4.6616,23,-17.6183,23,-4.0327,23,-20.0476,23,-21.8422,23,-49.415,23,-2.8033,23,-25.6301,23,-15.3014,23,-47.1196,23,7.9939,23,-52.4333,23,-35.428,23,-29.5463,23,-34.9663,23,-1.079
24,9.4352,24,12.3904,24,-16.9069,24,2.2159,24,-1.646,24,-47.1087,24,-28.2184,24,-67.9779,24,-8.9222,24,-81.4502,24,-48.2953,24,-45.7969,24,-63.0047,24,-21.6789,24,-12.2172,24,-13.4152,24,-11.4479,24,-40.5409,24,-32.936,24,-25.155,24,-67.6241,24,-98.1347,24,-18.9711,24,-47.8732,24,-51.0763,24,-21.702,24,-78.2994,24,-59.11,24,-49.6097,24,-85.4695,24,-70.5929,24,-54.7731,24,-12.1337,24,-24.592,24,47.4077,24,-20.3913,24,-20.3913,24,-38.6705,24,-25.3518,24,5.8989,24,-169.4617,24,1.5545,24,-2.5824,24,-70.8659,24,-29.3016,24,-17.2923,24,7.7405,24,-13.4589,24,-3.9788,24,-45.5353,24,-21.1591,24,-39.8182,24,-24.3309,24,-64.3612,24,-26.869,24,-38.0304,24,-85.0486,24,3.2962,24,-59.58,24,3.7955,24,-47.0192,24,-38.7997,24,-25.9751,24,34.8106,24,-32.6219,24,2.3841,24,-36.1985,24,33.5323,24,-15.4935,24,-69.7155,24,9.5675,24,5.8939,24,4.7164,24,-51.3769,24,-30.1717,24,-41.2531,24,-0.6993,24,36.2815,24,7.7768,24,-32.0777,24,-19.6179,24,-2.244,24,-5.0713,24,-119.2347,24,-20.1602,24,-14.1337,24,3.8524,24,-24.8338,24,-13.0767,24,-39.2497,24,0.7669,24,-14.7945,24,-30.6464,24,-55.2679,24,6.8104,24,-80.2869,24,-38.9174,24,-9.1654,24,-9.8024,24,-14.017
25,-7.0859,25,15.6835,25,-27.3724,25,9.2742,25,2.6231,25,-69.428,25,-29.4177,25,-49.971,25,-9.1654,25,-113.6446,25,-63.4798,25,-30.1119,25,-62.1787,25,-6.053,25,-22.3289,25,-24.3877,25,-6.0929,25,-50.2421,25,-30.8323,25,-23.2831,25,-105.1277,25,-129.8454,25,-24.5685,25,-68.2716,25,-54.1123,25,-35.4589,25,-139.9976,25,-72.0138,25,-37.9302,25,-96.1626,25,-69.2141,25,-56.9817,25,-9.2547,25,-15.8698,25,42.3202,25,-26.8918,25,-26.8918,25,-36.4813,25,-24.3705,25,7.7166,25,-227.8575,25,-23.7408,25,-17.8754,25,-91.6266,25,-33.6204,25,-16.9329,25,5.6491,25,-34.8784,25,-10.2197,25,-45.8199,25,-24.941,25,-57.1714,25,-19.2206,25,-71.759,25,-64.1455,25,-49.8288,25,-106.0157,25,-5.0461,25,-62.1248,25,14.9621,25,-73.0378,25,-39.7403,25,-44.6744,25,19.1839,25,-40.0275,25,0.9822,25,-33.4775,25,23.6705,25,-21.6437,25,-92.7928,25,13.1084,25,-1.165,25,8.2445,25,-78.9994,25,-56.9026,25,-49.6196,25,-16.1551,25,43.206,25,-14.0808,25,-23.8449,25,-20.5366,25,4.4114,25,-29.9367,25,-109.7576,25,-50.1375,25,-18.9733,25,-1.9344,25,-40.2172,25,-18.2405,25,-47.1644,25,-0.7014,25,-21.9702,25,-46.8656,25,-60.0436,25,-4.999,25,-133.0278,25,-38.8121,25,5.5181,25,14.3664,25,-26.99
26,-33.1996,26,16.6185,26,-51.3477,26,13.307,26,13.3125,26,-96.3433,26,-31.2712,26,-43.6872,26,-11.7757,26,-147.9874,26,-101.4876,26,-24.4222,26,-60.1705,26,-5.6943,26,-35.1908,26,-37.6407,26,-9.1716,26,-65.5056,26,-26.0156,26,-24.5436,26,-157.1931,26,-173.9049,26,-33.1109,26,-80.6883,26,-69.7704,26,-42.2563,26,-215.4673,26,-83.5825,26,-18.5068,26,-103.0543,26,-67.4847,26,-75.5745,26,-19.787,26,-7.6122,26,26.0651,26,-27.1519,26,-27.1519,26,-32.401,26,-23.0835,26,-4.2018,26,-270.0157,26,-49.8081,26,-38.8387,26,-128.7575,26,-40.6687,26,-34.8535,26,-11.4545,26,-79.8638,26,-20.1332,26,-49.7219,26,-24.5321,26,-79.9521,26,-16.7366,26,-82.5386,26,-109.5218,26,-68.6131,26,-137.1059,26,-3.4788,26,-80.0883,26,18.1635,26,-119.4717,26,-43.782,26,-73.7989,26,-10.8596,26,-41.4458,26,-10.7997,26,-40.534,26,18.7503,26,-39.7422,26,-125.3363,26,14.0818,26,-6.7071,26,-5.4739,26,-108.482,26,-104.4088,26,-75.3143,26,-45.6314,26,42.1148,26,-33.9396,26,-29.5555,26,-18.7826,26,3.739,26,-71.8064,26,-108.0551,26,-69.3374,26,-29.7577,26,-17.3165,26,-51.3377,26,-47.6403,26,-62.4634,26,-9.8615,26,-49.5796,26,-67.0468,26,-69.0755,26,-23.996,26,-201.6294,26,-35.9684,26,7.7314,26,29.8835,26,-32.066
27,-67.6862,27,14.4528,27,-97.2156,27,17.6687,27,24.2835,27,-124.4859,27,-40.9465,27,-60.5663,27,-20.9786,27,-176.975,27,-162.4239,27,-23.8615,27,-73.7211,27,-18.1967,27,-44.7563,27,-38.3768,27,-34.7668,27,-73.4341,27,-26.0644,27,-21.9231,27,-218.1363,27,-235.466,27,-44.3142,27,-73.3643,27,-102.0798,27,-44.5005,27,-285.5346,27,-96.21,27,-11.5115,27,-119.0876,27,-64.3837,27,-119.763,27,-23.4249,27,-15.9823,27,-6.197,27,-26.3108,27,-26.3108,27,-46.6755,27,-39.4622,27,-37.6632,27,-287.4109,27,-81.7399,27,-60.7504,27,-176.5081,27,-67.9843,27,-48.5323,27,-43.2447,27,-140.6776,27,-30.7073,27,-63.4444,27,-17.2537,27,-115.0448,27,-18.3182,27,-101.5507,27,-161.9815,27,-96.9579,27,-182.669,27,-15.592,27,-108.8379,27,-2.3705,27,-172.0378,27,-55.571,27,-114.6073,27,-50.4579,27,-44.5309,27,-33.0093,27,-66.7103,27,14.2057,27,-71.8142,27,-160.0328,27,14.4041,27,-8.6877,27,-30.0577,27,-146.4738,27,-172.4633,27,-110.1551,27,-89.9686,27,28.0243,27,-55.8754,27,-58.3853,27,-17.2951,27,-2.3912,27,-124.0044,27,-124.0605,27,-73.5485,27,-47.7982,27,-38.4316,27,-54.8807,27,-80.915,27,-82.037,27,-26.0472,27,-83.8581,27,-90.6547,27,-90.3012,27,-45.1726,27,-277.801,27,-42.7359,27,10.6749,27,38.9589,27,-37.352
28,-113.0586,28,2.8903,28,-148.0934,28,15.6319,28,25.8422,28,-161.2222,28,-63.5073,28,-107.7066,28,-38.2903,28,-202.0587,28,-225.5703,28,-24.1546,28,-102.5421,28,-34.2555,28,-64.5006,28,-35.1738,28,-74.5626,28,-81.3512,28,-25.8063,28,-19.6649,28,-264.3745,28,-293.7447,28,-61.8235,28,-69.1705,28,-134.4186,28,-54.7647,28,-340.7885,28,-114.3694,28,-11.4851,28,-144.898,28,-56.652,28,-172.9905,28,-27.6957,28,-56.9107,28,-66.7064,28,-33.8758,28,-33.8758,28,-64.1529,28,-77.8526,28,-80.5647,28,-288.6896,28,-117.4282,28,-72.8211,28,-224.84,28,-115.1641,28,-52.1963,28,-66.3304,28,-197.9753,28,-39.1845,28,-83.1926,28,-4.0959,28,-157.6197,28,-29.694,28,-131.5286,28,-201.042,28,-135.2879,28,-236.0851,28,-55.19,28,-136.0784,28,-44.6496,28,-202.3469,28,-70.953,28,-168.5276,28,-85.0657,28,-56.4849,28,-59.6591,28,-97.3359,28,-7.8009,28,-111.2185,28,-191.6817,28,11.1094,28,-11.705,28,-70.9381,28,-190.9097,28,-250.9859,28,-145.6359,28,-139.1584,28,-0.4018,28,-89.584,28,-105.3392,28,-27.7854,28,-35.2861,28,-182.4389,28,-139.4124,28,-86.645,28,-66.2862,28,-78.075,28,-49.7645,28,-105.9543,28,-100.3846,28,-60.7441,28,-126.3873,28,-110.8177,28,-108.4431,28,-72.8785,28,-335.6027,28,-58.7713,28,15.3032,28,50.3667,28,-43.196
29,-172.1066,29,-29.6267,29,-201.8776,29,11.9105,29,9.5365,29,-207.0487,29,-107.8675,29,-170.0198,29,-70.8009,29,-225.0676,29,-279.6012,29,-23.2685,29,-145.0998,29,-48.9832,29,-113.0251,29,-43.8099,29,-124.1117,29,-95.3891,29,-33.7586,29,-33.4895,29,-286.8191,29,-341.359,29,-89.1098,29,-84.0634,29,-155.645,29,-72.3888,29,-382.617,29,-135.5424,29,-10.7706,29,-178.2573,29,-56.6156,29,-233.491,29,-59.6361,29,-119.8695,29,-155.2075,29,-52.2672,29,-52.2672,29,-89.1382,29,-131.9445,29,-130.2002,29,-282.3716,29,-157.6235,29,-64.6042,29,-268.5932,29,-175.7916,29,-57.7016,29,-84.4741,29,-240.1098,29,-52.1155,29,-100.2928,29,-4.2282,29,-202.4267,29,-39.8988,29,-163.0883,29,-236.5984,29,-178.7432,29,-290.5408,29,-111.4523,29,-166.3356,29,-101.5283,29,-214.6276,29,-106.1465,29,-225.0761,29,-118.0625,29,-79.4048,29,-89.497,29,-129.4554,29,-51.5679,29,-157.0834,29,-220.1232,29,-0.3016,29,-24.4774,29,-134.9271,29,-245.8838,29,-317.63,29,-176.6845,29,-191.1066,29,-42.7666,29,-138.2376,29,-166.3375,29,-57.2509,29,-86.3758,29,-255.2935,29,-149.8879,29,-115.0699,29,-82.1495,29,-139.2018,29,-56.8807,29,-136.8775,29,-123.1678,29,-118.6084,29,-176.7748,29,-133.5684,29,-127.4849,29,-124.155,29,-360.8841,29,-92.2348,29,20.2312,29,46.6705,29,-66.936
30,-239.519,30,-82.649,30,-261.3613,30,6.5792,30,-26.4966,30,-248.5955,30,-172.1118,30,-233.6517,30,-97.2957,30,-260.2825,30,-339.8672,30,-30.2662,30,-196.369,30,-74.029,30,-186.5459,30,-72.6058,30,-194.7402,30,-116.0864,30,-63.2614,30,-54.5289,30,-311,30,-362.5355,30,-122.9335,30,-123.1471,30,-172.6114,30,-97.9043,30,-402.6075,30,-164.2901,30,-12.977,30,-213.5956,30,-56.0945,30,-283.4663,30,-118.2539,30,-191.6805,30,-237.5147,30,-87.0822,30,-87.0822,30,-140.117,30,-192.5341,30,-186.7262,30,-274.3718,30,-201.5133,30,-62.2438,30,-302.134,30,-243.4245,30,-63.0544,30,-111.7042,30,-272.0214,30,-75.833,30,-107.1011,30,-26.4013,30,-243.636,30,-58.7472,30,-193.6131,30,-285.6347,30,-224.104,30,-335.1553,30,-176.215,30,-200.3354,30,-160.7757,30,-238.2003,30,-162.8182,30,-273.0183,30,-162.2147,30,-115.0862,30,-132.2628,30,-162.038,30,-116.6494,30,-200.8356,30,-249.6344,30,-21.6127,30,-53.1697,30,-208.2246,30,-302.9611,30,-362.4035,30,-208.1762,30,-242.7815,30,-93.3688,30,-185.8421,30,-234.5917,30,-105.7724,30,-140.4257,30,-326.6498,30,-161.723,30,-149.0385,30,-109.2871,30,-203.6894,30,-87.9911,30,-172.2558,30,-156.8086,30,-194.9685,30,-233.3765,30,-159.7079,30,-170.1976,30,-198.9159,30,-375.3145,30,-124.0136,30,21.7363,30,6.1438,30,-127.328
31,-308.6431,31,-144.3174,31,-317.2323,31,-17.4344,31,-81.8416,31,-289.9928,31,-241.5342,31,-276.8635,31,-122.4545,31,-312.5964,31,-391.7045,31,-53.0993,31,-254.4945,31,-115.1508,31,-269.9475,31,-114.3114,31,-268.7306,31,-133.8871,31,-133.9807,31,-86.1054,31,-336.3265,31,-366.1851,31,-162.4049,31,-183.1454,31,-198.3533,31,-141.9832,31,-396.0283,31,-203.4867,31,-24.8591,31,-249.5697,31,-57.7833,31,-315.7922,31,-185.9148,31,-265.1355,31,-302.6058,31,-142.8952,31,-142.8952,31,-202.1266,31,-247.1334,31,-232.877,31,-281.259,31,-244.8495,31,-76.9529,31,-320.3875,31,-291.3539,31,-68.2012,31,-145.9943,31,-312.103,31,-117.3077,31,-116.1026,31,-58.4369,31,-290.5363,31,-87.3048,31,-227.3852,31,-318.7146,31,-266.4005,31,-371.0987,31,-230.757,31,-238.9705,31,-210.8769,31,-267.1733,31,-196.3165,31,-311.9351,31,-209.7251,31,-166.9511,31,-186.2147,31,-196.2955,31,-185.8236,31,-240.4961,31,-273.8703,31,-50.5864,31,-96.7273,31,-266.3695,31,-342.9465,31,-390.4924,31,-237.3129,31,-290.8708,31,-143.4877,31,-220.6231,31,-281.2677,31,-169.5778,31,-191.0858,31,-377.823,31,-191.3012,31,-196.744,31,-161.4128,31,-252.8629,31,-136.1736,31,-217.2466,31,-205.1956,31,-277.0038,31,-296.0029,31,-188.2277,31,-208.5019,31,-273.8117,31,-390.9162,31,-161.6458,31,-8.8338,31,-70.4106,31,-201.946
32,-373.7912,32,-198.3006,32,-357.1711,32,-56.4012,32,-168.7134,32,-326.0123,32,-293.4899,32,-307.3917,32,-171.6834,32,-363.2514,32,-414.407,32,-94.7373,32,-301.8394,32,-170.3762,32,-336.7561,32,-173.2189,32,-334.1382,32,-162.1797,32,-219.9811,32,-143.7788,32,-352.1664,32,-359.5526,32,-207.1445,32,-254.281,32,-239.1269,32,-208.3362,32,-395.9839,32,-248.3973,32,-57.0437,32,-282.8114,32,-74.7732,32,-345.2416,32,-252.2797,32,-328.2889,32,-352.3091,32,-213.2726,32,-213.2726,32,-263.3347,32,-289.1381,32,-256.3613,32,-297.5428,32,-289.2226,32,-111.7536,32,-338.535,32,-317.9785,32,-81.7307,32,-186.1942,32,-355.3346,32,-178.4489,32,-144.7814,32,-109.0078,32,-338.899,32,-131.4199,32,-264.2248,32,-324.4206,32,-296.4676,32,-398.5673,32,-264.4175,32,-278.983,32,-244.149,32,-280.4784,32,-212.258,32,-337.4745,32,-250.8285,32,-218.3174,32,-239.4177,32,-225.8735,32,-251.1651,32,-279.6065,32,-292.2998,32,-94.819,32,-144.7182,32,-304.1331,32,-374.1837,32,-403.3573,32,-258.0837,32,-329.9576,32,-184.7917,32,-249.9236,32,-320.4717,32,-249.8279,32,-233.2902,32,-404.4604,32,-236.9026,32,-250.8986,32,-227.5916,32,-289.012,32,-205.578,32,-273.3243,32,-265.4428,32,-347.6375,32,-354.6697,32,-215.9271,32,-250.6059,32,-336.8124,32,-401.2181,32,-220.9365,32,-48.7572,32,-165.1527,32,-270.044
33,-424.3765,33,-237.3196,33,-373.334,33,-107.518,33,-275.0231,33,-347.1314,33,-326.4779,33,-326.0075,33,-235.7128,33,-395.4236,33,-404.3289,33,-159.0962,33,-330.8887,33,-230.2977,33,-377.9133,33,-244.7338,33,-392.1576,33,-207.5122,33,-304.0851,33,-212.9551,33,-363.1206,33,-366.0829,33,-253.9921,33,-314.4582,33,-280.4033,33,-280.9033,33,-404.0649,33,-296.0517,33,-119.8036,33,-317.026,33,-119.5553,33,-360.0544,33,-316.9864,33,-365.0439,33,-375.2533,33,-289.1211,33,-289.1211,33,-323.1639,33,-311.5717,33,-266.6151,33,-305.1347,33,-330.2427,33,-164.289,33,-359.0563,33,-324.8602,33,-122.0698,33,-227.1894,33,-382.9109,33,-247.0142,33,-188.2699,33,-168.6913,33,-362.0373,33,-169.5902,33,-294.4022,33,-321.9704,33,-308.705,33,-413.0928,33,-283.7243,33,-315.5321,33,-256.377,33,-291.3358,33,-233.906,33,-361.4552,33,-284.1981,33,-250.8595,33,-274.2985,33,-248.4299,33,-291.1589,33,-313.0009,33,-307.7811,33,-150.0727,33,-184.4492,33,-329.7757,33,-392.3566,33,-403.0933,33,-269.4579,33,-349.9511,33,-218.5302,33,-270.7225,33,-347.1677,33,-327.7103,33,-272.8431,33,-416.1104,33,-281.4997,33,-305.0441,33,-281.0908,33,-324.074,33,-285.0765,33,-322.0695,33,-317.7846,33,-395.1817,33,-389.7037,33,-246.7844,33,-300.1217,33,-382.5327,33,-393.4669,33,-289.0261,33,-104.1067,33,-245.5385,33,-325.408
34,-447.8459,34,-276.1218,34,-372.9315,34,-164.8472,34,-350.2856,34,-356.8493,34,-340.9776,34,-342.9737,34,-289.2132,34,-402.2566,34,-382.5813,34,-229.9753,34,-345.2905,34,-277.9039,34,-403.3584,34,-303.7506,34,-437.2479,34,-257.5175,34,-378.8797,34,-283.7212,34,-374.1567,34,-373.2419,34,-305.1328,34,-353.4609,34,-316.8724,34,-342.1061,34,-405.7743,34,-345.8109,34,-210.0601,34,-353.4536,34,-190.4477,34,-361.8192,34,-363.0855,34,-372.039,34,-380.7073,34,-352.551,34,-352.551,34,-366.8351,34,-322.5134,34,-278.9428,34,-301.3468,34,-361.4846,34,-234.9227,34,-373.8123,34,-326.0469,34,-171.4384,34,-260.6676,34,-400.4471,34,-313.5096,34,-237.9033,34,-230.6186,34,-366.6923,34,-207.9216,34,-325.4515,34,-322.4334,34,-320.914,34,-403.6718,34,-296.1153,34,-349.9748,34,-261.3585,34,-313.1848,34,-267.4762,34,-378.6944,34,-309.2509,34,-274.6671,34,-290.186,34,-268.6387,34,-311.747,34,-329.9582,34,-319.0639,34,-194.9852,34,-216.8272,34,-340.0327,34,-397.9877,34,-397.6495,34,-280.3189,34,-353.9348,34,-253.4766,34,-282.144,34,-345.2684,34,-373.6394,34,-308.6123,34,-416.2518,34,-318.8687,34,-349.5146,34,-320.7911,34,-363.0876,34,-345.9305,34,-365.3813,34,-348.7724,34,-411.7033,34,-397.261,34,-271.5209,34,-340.0463,34,-412.4812,34,-383.1919,34,-354.0149,34,-174.3958,34,-302.8711,34,-362.304
35,-440.088,35,-317.8544,35,-379.5366,35,-212.5022,35,-379.5876,35,-367.1892,35,-347.2102,35,-348.4751,35,-325.8598,35,-407.5133,35,-375.6465,35,-298.4658,35,-372.7919,35,-310.4539,35,-423.772,35,-341.5767,35,-473.5037,35,-293.5601,35,-420.2668,35,-337.4566,35,-386.8274,35,-365.2977,35,-350.2239,35,-381.3718,35,-343.0262,35,-376.6389,35,-403.2668,35,-391.2063,35,-294.0016,35,-386.1765,35,-278.5138,35,-363.5952,35,-382.5785,35,-364.0435,35,-370.1731,35,-395.5045,35,-395.5045,35,-380.6404,35,-331.2356,35,-304.7017,35,-301.6557,35,-372.1058,35,-307.754,35,-374.4722,35,-333.1305,35,-221.7988,35,-282.2635,35,-413.1136,35,-356.721,35,-285.7579,35,-286.5136,35,-358.0017,35,-252.9285,35,-356.948,35,-332.4724,35,-333.2369,35,-381.7243,35,-317.502,35,-368.7688,35,-278.8172,35,-341.1062,35,-293.5078,35,-385.9477,35,-326.6683,35,-292.3588,35,-293.5271,35,-289.0936,35,-314.5034,35,-337.0316,35,-324.2746,35,-224.1357,35,-245.6657,35,-345.9897,35,-392.1991,35,-398.2104,35,-293.9545,35,-347.7111,35,-283.6485,35,-293.4221,35,-341.3901,35,-392.2656,35,-338.7049,35,-409.6909,35,-351.1144,35,-374.0521,35,-358.8068,35,-399.5679,35,-375.9756,35,-397.4539,35,-367.6607,35,-414.4927,35,-397.5442,35,-289.092,35,-373.5249,35,-436.2209,35,-381.878,35,-391.0893,35,-247.1938,35,-351.1453,35,-384.289
36,-413.8022,36,-347.562,36,-397.2733,36,-243.3138,36,-387.6322,36,-379.9175,36,-350.4421,36,-345.8832,36,-347.6824,36,-413.8665,36,-382.4924,36,-353.036,36,-399.5455,36,-344.8349,36,-438.22,36,-367.2785,36,-493.4235,36,-322.8215,36,-430.5792,36,-364.6151,36,-389.6993,36,-354.8706,36,-375.7006,36,-396.2812,36,-349.7363,36,-391.953,36,-387.7264,36,-423.9321,36,-345.8493,36,-406.9907,36,-358.2303,36,-369.533,36,-391.6529,36,-371.0334,36,-357.8593,36,-416.5021,36,-416.5021,36,-380.1408,36,-326.1169,36,-324.076,36,-307.1563,36,-370.8452,36,-368.3617,36,-368.0953,36,-334.0167,36,-288.2749,36,-311.0853,36,-407.5414,36,-388.4095,36,-315.0247,36,-335.9714,36,-348.1346,36,-288.3932,36,-364.5992,36,-331.9194,36,-333.7103,36,-355.2587,36,-334.3074,36,-361.4596,36,-303.089,36,-357.1864,36,-310.6219,36,-380.6066,36,-330.7224,36,-304.697,36,-288.0806,36,-302.5038,36,-315.4628,36,-343.9654,36,-323.2443,36,-238.6139,36,-272.1377,36,-355.2484,36,-379.9128,36,-407.9597,36,-308.5198,36,-340.813,36,-304.5681,36,-311.5933,36,-348.8993,36,-400.8581,36,-361.4688,36,-406.797,36,-371.5157,36,-372.8045,36,-388.2851,36,-409.1143,36,-382.0785,36,-408.8726,36,-383.1018,36,-404.8759,36,-404.9928,36,-309.4031,36,-405.9758,36,-441.3578,36,-369.8711,36,-409.7656,36,-303.6862,36,-384.8499,36,-393.979
37,-386.1246,37,-359.6007,37,-416.863,37,-260.3848,37,-382.4998,37,-391.0299,37,-347.8405,37,-334.8476,37,-346.9048,37,-423.0854,37,-391.242,37,-391.2535,37,-403.8672,37,-378.4102,37,-443.2238,37,-381.809,37,-496.2369,37,-349.8132,37,-439.5472,37,-385.8555,37,-393.4056,37,-354.9778,37,-376.9935,37,-396.903,37,-354.6277,37,-390.3943,37,-387.5461,37,-442.0626,37,-367.3496,37,-422.8441,37,-407.1722,37,-370.9343,37,-399.6385,37,-381.9963,37,-362.4738,37,-408.3331,37,-408.3331,37,-382.8944,37,-324.8269,37,-320.8155,37,-309.5013,37,-365.6764,37,-404.9777,37,-364.5002,37,-329.1235,37,-350.3066,37,-329.5218,37,-393.6965,37,-409.3475,37,-326.9348,37,-372.9296,37,-343.5518,37,-301.161,37,-366.3734,37,-327.8371,37,-333.7467,37,-351.8572,37,-338.0288,37,-358.5453,37,-321.7141,37,-362.1842,37,-329.2629,37,-364.9894,37,-322.7039,37,-317.5368,37,-276.2255,37,-315.1017,37,-326.7192,37,-344.2347,37,-318.9481,37,-249.1685,37,-293.3352,37,-363.2591,37,-368.5058,37,-419.8717,37,-317.8321,37,-339.2073,37,-316.7035,37,-332.9713,37,-358.9337,37,-404.8587,37,-380.9687,37,-413.7287,37,-375.4566,37,-371.088,37,-410.0243,37,-402.4763,37,-379.4585,37,-401.5884,37,-396.4183,37,-407.1805,37,-417.4022,37,-331.936,37,-415.4507,37,-435.7154,37,-363.7029,37,-414.371,37,-351.9541,37,-392.9839,37,-395.609
38,-366.014,38,-363.639,38,-423.2064,38,-271.2812,38,-371.9806,38,-408.8747,38,-340.5964,38,-327.4812,38,-330.8793,38,-430.6954,38,-406.2372,38,-414.9341,38,-404.0771,38,-398.6744,38,-446.2942,38,-383.4398,38,-476.3712,38,-367.2056,38,-445.8013,38,-400.5042,38,-393.7164,38,-363.3961,38,-367.073,38,-392.3488,38,-381.8941,38,-386.3697,38,-393.5092,38,-445.9918,38,-375.7198,38,-436.8557,38,-435.3576,38,-371.1675,38,-405.4771,38,-377.2718,38,-366.2998,38,-383.7811,38,-383.7811,38,-383.8272,38,-330.7194,38,-306.4036,38,-311.2387,38,-362.4279,38,-426.3938,38,-360.6811,38,-327.4695,38,-399.5938,38,-339.0767,38,-388.6009,38,-411.5182,38,-328.4938,38,-396.2788,38,-348.1619,38,-320.4257,38,-372.9499,38,-341.7604,38,-336.7521,38,-358.7446,38,-333.4561,38,-373.0169,38,-333.9499,38,-355.0075,38,-348.0972,38,-356.7533,38,-318.1016,38,-339.4627,38,-273.6126,38,-335.2575,38,-343.3664,38,-340.8232,38,-315.2031,38,-260.666,38,-306.0055,38,-370.9638,38,-357.5381,38,-433.1515,38,-323.0734,38,-346.9628,38,-321.8833,38,-345.7768,38,-362.7751,38,-404.7287,38,-395.5883,38,-422.991,38,-380.5508,38,-375.5832,38,-432.5958,38,-394.4331,38,-371.999,38,-392.8997,38,-398.124,38,-415.6912,38,-426.0446,38,-350.3813,38,-408.576,38,-424.168,38,-363.916,38,-418.6587,38,-380.2298,38,-386.3073,38,-392.148
39,-356.2977,39,-358.9295,39,-422.7373,39,-277.7856,39,-368.894,39,-421.3689,39,-340.992,39,-325.5427,39,-317.4046,39,-428.6378,39,-413.7179,39,-425.3093,39,-399.7364,39,-394.7294,39,-446.3768,39,-382.4696,39,-454.3551,39,-369.8688,39,-434.808,39,-409.2234,39,-390.7801,39,-371.6086,39,-362.5008,39,-387.3052,39,-419.3756,39,-375.5287,39,-389.5677,39,-445.1791,39,-382.6573,39,-436.0713,39,-438.8302,39,-378.1233,39,-415.4317,39,-372.5582,39,-366.6412,39,-365.3522,39,-365.3522,39,-388.2533,39,-343.8668,39,-295.5509,39,-322.5675,39,-354.5041,39,-424.4367,39,-361.4678,39,-336.6916,39,-412.7407,39,-326.632,39,-385.8214,39,-402.3743,39,-326.5629,39,-399.5707,39,-362.647,39,-330.8801,39,-384.1533,39,-363.4759,39,-327.4385,39,-358.9899,39,-321.2398,39,-385.8657,39,-343.2121,39,-334.6561,39,-358.4421,39,-355.4241,39,-325.5076,39,-354.7077,39,-280.1236,39,-349.4586,39,-358.4596,39,-342.7998,39,-311.7349,39,-267.4081,39,-307.8486,39,-375.5847,39,-362.8487,39,-446.9445,39,-326.4781,39,-349.6571,39,-321.1487,39,-351.038,39,-364.6006,39,-401.4426,39,-396.8902,39,-429.5514,39,-391.1375,39,-386.6248,39,-447.1272,39,-385.8063,39,-366.5242,39,-392.2684,39,-400.8439,39,-428.4018,39,-428.9737,39,-360.0943,39,-396.0544,39,-417.2522,39,-364.5623,39,-430.7881,39,-383.5523,39,-381.3801,39,-395.008
40,-352.4297,40,-345.3479,40,-422.3111,40,-287.7198,40,-365.7213,40,-425.2017,40,-348.3246,40,-331.7848,40,-317.2287,40,-424.8012,40,-409.2682,40,-425.9372,40,-396.3128,40,-389.9445,40,-454.1752,40,-394.3098,40,-455.4038,40,-369.6551,40,-420.2363,40,-406.9951,40,-389.3452,40,-379.4659,40,-364.6112,40,-390.6254,40,-442.3214,40,-369.8578,40,-378.9029,40,-445.5779,40,-379.1911,40,-421.7482,40,-416.7077,40,-377.3356,40,-425.1719,40,-375.2101,40,-357.1298,40,-363.8379,40,-363.8379,40,-394.7722,40,-356.0149,40,-298.0364,40,-345.1638,40,-335.1954,40,-406.5445,40,-376.8971,40,-336.9922,40,-402.565,40,-315.3036,40,-376.2966,40,-390.5544,40,-331.6093,40,-391.4135,40,-372.6761,40,-333.631,40,-388.6591,40,-379.3029,40,-310.374,40,-354.0387,40,-310.6253,40,-378.263,40,-345.0309,40,-314.8741,40,-363.926,40,-362.9062,40,-333.2484,40,-365.0643,40,-293.5985,40,-343.921,40,-366.506,40,-348.0191,40,-309.4173,40,-277.8784,40,-304.5978,40,-381.2489,40,-376.7901,40,-442.9389,40,-331.4777,40,-349.4635,40,-319.8679,40,-345.6848,40,-374.294,40,-392.7836,40,-389.5025,40,-429.8018,40,-400.7145,40,-401.5632,40,-447.7348,40,-377.1948,40,-359.5205,40,-386.6916,40,-405.5246,40,-443.5304,40,-427.4536,40,-354.9943,40,-387.7285,40,-430.006,40,-374.2734,40,-437.9562,40,-379.0545,40,-382.5273,40,-397.091
41,-347.6906,41,-336.6317,41,-420.5238,41,-291.1605,41,-370.35,41,-422.0362,41,-357.8768,41,-331.2008,41,-306.6081,41,-408.4978,41,-402.8199,41,-419.9567,41,-391.0069,41,-388.9253,41,-463.8987,41,-405.4587,41,-451.0236,41,-368.7145,41,-406.4143,41,-396.6439,41,-389.3306,41,-386.36,41,-371.1148,41,-399.3997,41,-444.7506,41,-365.4678,41,-367.6163,41,-444.5302,41,-354.3857,41,-401.9093,41,-396.4369,41,-377.2693,41,-420.2852,41,-379.176,41,-348.053,41,-374.11,41,-374.11,41,-395.8626,41,-346.112,41,-299.0238,41,-365.2459,41,-322.3651,41,-386.467,41,-393.4808,41,-330.4972,41,-399.3247,41,-322.6429,41,-369.4553,41,-392.8468,41,-350.4993,41,-379.3888,41,-365.1449,41,-333.7937,41,-376.9582,41,-398.0438,41,-321.6744,41,-349.6554,41,-306.9435,41,-359.1205,41,-326.3368,41,-317.0985,41,-362.4966,41,-372.7181,41,-323.8145,41,-362.3954,41,-307.1768,41,-337.2703,41,-372.6827,41,-354.9945,41,-308.957,41,-290.4554,41,-295.119,41,-386.4805,41,-381.992,41,-431.0586,41,-334.8926,41,-351.708,41,-319.9994,41,-324.0804,41,-383.0714,41,-380.7564,41,-385.8539,41,-420.1177,41,-396.272,41,-422.0089,41,-437.0303,41,-376.0375,41,-357.4123,41,-374.6088,41,-411.5049,41,-448.2952,41,-413.995,41,-345.3456,41,-386.4822,41,-437.0323,41,-383.1024,41,-435.3125,41,-364.585,41,-386.2519,41,-388.42
42,-336.2739,42,-334.8554,42,-427.7618,42,-287.1421,42,-380.8282,42,-423.5673,42,-362.6425,42,-328.6916,42,-281.0082,42,-375.8315,42,-404.0777,42,-419.7097,42,-378.4783,42,-389.3699,42,-473.4586,42,-405.9951,42,-421.6601,42,-362.4215,42,-396.9494,42,-382.3734,42,-381.7116,42,-385.445,42,-372.0627,42,-405.5863,42,-429.9108,42,-354.1257,42,-354.6881,42,-438.8378,42,-318.9594,42,-390.9806,42,-380.4388,42,-379.3281,42,-402.448,42,-381.301,42,-338.0858,42,-380.5718,42,-380.5718,42,-397.8624,42,-331.8972,42,-294.1865,42,-378.3341,42,-317.5305,42,-370.3565,42,-406.5496,42,-321.4478,42,-392.2618,42,-325.8229,42,-360.5347,42,-393.0844,42,-367.0189,42,-372.5927,42,-352.229,42,-344.7492,42,-357.4558,42,-409.1568,42,-348.5633,42,-347.0853,42,-299.1433,42,-345.2304,42,-306.577,42,-326.9653,42,-353.5934,42,-369.6061,42,-300.5046,42,-351.1234,42,-308.3959,42,-329.6516,42,-371.3036,42,-357.5538,42,-309.7831,42,-299.5128,42,-286.1088,42,-386.4242,42,-369.8614,42,-412.2747,42,-328.9014,42,-355.592,42,-321.5485,42,-299.8746,42,-368.1578,42,-376.7171,42,-392.8133,42,-406.6731,42,-385.1051,42,-443.7557,42,-423.8853,42,-369.8566,42,-361.058,42,-360.6903,42,-428.1686,42,-443.7623,42,-389.1307,42,-345.23,42,-375.2937,42,-435.0383,42,-384.0616,42,-425.7084,42,-354.2848,42,-386.7445,42,-374.398
43,-316.0033,43,-322.8535,43,-435.1288,43,-282.0176,43,-399.8403,43,-427.8013,43,-362.0671,43,-319.9177,43,-245.0183,43,-330.8438,43,-403.3418,43,-425.4043,43,-347.6715,43,-384.1501,43,-473.1415,43,-401.0109,43,-387.0914,43,-349.1689,43,-389.1576,43,-350.3074,43,-373.294,43,-372.0242,43,-361.0956,43,-400.194,43,-404.9194,43,-353.0016,43,-352.4266,43,-427.6189,43,-284.0004,43,-391.1336,43,-370.8478,43,-387.6841,43,-378.2763,43,-378.9877,43,-328.2094,43,-381.044,43,-381.044,43,-398.5131,43,-319.1803,43,-290.4056,43,-397.5232,43,-319.4828,43,-349.9222,43,-408.3419,43,-309.2999,43,-386.7909,43,-325.2985,43,-328.9922,43,-394.4767,43,-370.4387,43,-374.4536,43,-340.4089,43,-356.8219,43,-328.8446,43,-417.0186,43,-359.1432,43,-341.7762,43,-293.9763,43,-317.089,43,-299.5896,43,-331.9326,43,-346.8581,43,-341.507,43,-279.607,43,-338.0933,43,-307.9272,43,-318.8431,43,-370.2221,43,-355.2506,43,-304.6252,43,-307.5353,43,-273.4231,43,-376.2772,43,-341.6546,43,-395.0749,43,-323.0659,43,-355.4878,43,-319.5209,43,-274.5557,43,-325.3642,43,-379.7478,43,-394.514,43,-386.5013,43,-381.2526,43,-447.9784,43,-411.8215,43,-353.3448,43,-376.4398,43,-364.2927,43,-441.1425,43,-419.0543,43,-353.1368,43,-356.3894,43,-345.2839,43,-418.0821,43,-376.595,43,-413.5464,43,-352.5245,43,-384.5927,43,-375.761
44,-292.108,44,-295.0663,44,-433.9792,44,-274.4442,44,-417.8501,44,-423.7841,44,-357.1365,44,-307.0445,44,-204.5761,44,-279.4197,44,-403.6296,44,-427.55,44,-314.7609,44,-374.7186,44,-463.6806,44,-382.7759,44,-360.4858,44,-329.7464,44,-393.3594,44,-294.1757,44,-372.2754,44,-367.1525,44,-338.8008,44,-370.4298,44,-371.1769,44,-359.7339,44,-356.9797,44,-414.2068,44,-258.654,44,-399.6608,44,-360.4536,44,-387.9169,44,-353.0323,44,-374.272,44,-323.515,44,-382.3491,44,-382.3491,44,-389.7519,44,-311.0062,44,-287.4514,44,-414.906,44,-329.2579,44,-324.6981,44,-388.4115,44,-298.3251,44,-389.1429,44,-321.8284,44,-278.6703,44,-381.7283,44,-358.1792,44,-365.8029,44,-325.4963,44,-360.8299,44,-284.3546,44,-409.235,44,-354.057,44,-331.255,44,-285.5409,44,-266.2973,44,-279.898,44,-319.8622,44,-340.5711,44,-294.8456,44,-254.4114,44,-311.7653,44,-311.1768,44,-308.5287,44,-365.076,44,-350.0088,44,-296.376,44,-309.7364,44,-261.5405,44,-354.7181,44,-313.114,44,-375.3789,44,-334.6652,44,-358.2858,44,-318.9481,44,-253.7332,44,-260.9355,44,-381.1013,44,-388.7802,44,-363.9803,44,-389.6362,44,-437.6675,44,-396.0683,44,-332.3166,44,-380.0279,44,-382.0972,44,-435.2347,44,-386.1425,44,-307.323,44,-358.4416,44,-306.9268,44,-389.3032,44,-368.8301,44,-389.8133,44,-353.2094,44,-385.0865,44,-384.654
45,-269.1514,45,-252.4096,45,-419.0191,45,-250.881,45,-424.4085,45,-415.6962,45,-351.5915,45,-298.4863,45,-162.8498,45,-227.9652,45,-387.4902,45,-413.9771,45,-283.4685,45,-354.7401,45,-440.8211,45,-364.8095,45,-324.519,45,-293.3991,45,-396.6659,45,-226.7828,45,-373.644,45,-389.3856,45,-303.3059,45,-317.5908,45,-316.8951,45,-357.7235,45,-366.8914,45,-397.3167,45,-235.5078,45,-400.8913,45,-342.1196,45,-383.5099,45,-327.4744,45,-374.583,45,-318.6671,45,-386.1359,45,-386.1359,45,-391.8507,45,-311.2161,45,-284.4213,45,-416.9334,45,-340.331,45,-280.4396,45,-354.0209,45,-288.6015,45,-384.7593,45,-306.4868,45,-223.9113,45,-349.6135,45,-338.8105,45,-342.8439,45,-307.7062,45,-356.0187,45,-229.5111,45,-374.853,45,-343.5062,45,-321.2524,45,-293.7015,45,-213.9409,45,-243.4341,45,-286.3834,45,-331.1698,45,-232.6721,45,-217.368,45,-265.9822,45,-312.1348,45,-311.7024,45,-355.3063,45,-338.3778,45,-289.8782,45,-299.5036,45,-257.3596,45,-322.8629,45,-288.3206,45,-352.6604,45,-353.1055,45,-352.3856,45,-320.2221,45,-247.1675,45,-199.449,45,-379.1435,45,-368.4741,45,-351.9884,45,-401.5086,45,-427.3534,45,-369.6748,45,-309.0355,45,-377.2391,45,-393.0972,45,-413.1845,45,-336.844,45,-255.7388,45,-350.2605,45,-268.0316,45,-360.3082,45,-371.0858,45,-349.1845,45,-349.5912,45,-384.9629,45,-370.354
46,-241.7141,46,-209.0906,46,-389.1085,46,-201.7337,46,-426.0383,46,-401.7457,46,-329.3647,46,-291.0197,46,-118.3549,46,-179.3094,46,-331.9583,46,-386.3171,46,-248.7461,46,-321.3685,46,-412.1851,46,-344.6627,46,-268.8486,46,-252.5771,46,-387.442,46,-155.9829,46,-374.6415,46,-405.6906,46,-266.665,46,-252.0644,46,-242.6631,46,-346.0638,46,-371.4552,46,-377.0156,46,-207.0808,46,-404.873,46,-293.1525,46,-387.9323,46,-288.9621,46,-367.4545,46,-315.2664,46,-379.0007,46,-379.0007,46,-387.144,46,-322.3577,46,-279.845,46,-393.9151,46,-343.3704,46,-232.4555,46,-331.7953,46,-277.1133,46,-378.1105,46,-282.2002,46,-170.9024,46,-298.4774,46,-306.4701,46,-314.3955,46,-266.5316,46,-342.6003,46,-169.3188,46,-325.0765,46,-327.5243,46,-316.4275,46,-319.0206,46,-178.1758,46,-198.3346,46,-236.9243,46,-316.4526,46,-167.7703,46,-170.2825,46,-213.6656,46,-311.6023,46,-311.0872,46,-343.6446,46,-313.41,46,-282.7819,46,-276.2965,46,-260.4751,46,-298.3938,46,-262.9868,46,-329.117,46,-363.902,46,-333.1633,46,-315.5953,46,-253.986,46,-152.9032,46,-369.6664,46,-339.8238,46,-341.8564,46,-402.3938,46,-424.5143,46,-324.9222,46,-275.8551,46,-376.9086,46,-387.9929,46,-379.4069,46,-264.5312,46,-208.1716,46,-333.7014,46,-220.8616,46,-337.9032,46,-384.4788,46,-294.0911,46,-331.2367,46,-385.8539,46,-324.328
47,-208.5462,47,-174.1713,47,-340.5006,47,-146.8235,47,-430.429,47,-383.0247,47,-285.9022,47,-282.5718,47,-70.7626,47,-137.4334,47,-252.2616,47,-353.0307,47,-206.336,47,-265.7223,47,-378.0026,47,-310.7383,47,-203.9973,47,-213.2879,47,-367.2972,47,-98.9544,47,-365.8986,47,-393.8497,47,-236.515,47,-189.6641,47,-163.0066,47,-312.6817,47,-364.9112,47,-356.5414,47,-174.1343,47,-398.4695,47,-221.5596,47,-395.737,47,-215.7691,47,-335.687,47,-301.1531,47,-352.757,47,-352.757,47,-361.5708,47,-327.8144,47,-262.7467,47,-353.1121,47,-337.1032,47,-183.6801,47,-313.8336,47,-256.6486,47,-369.1055,47,-256.1132,47,-120.6607,47,-234.8096,47,-266.208,47,-284.9457,47,-200.1106,47,-321.1653,47,-115.8623,47,-265.1422,47,-308.6034,47,-319.9994,47,-335.1399,47,-157.3413,47,-152.6575,47,-179.9965,47,-290.3952,47,-107.323,47,-127.6237,47,-171.2428,47,-300.6629,47,-294.9515,47,-329.6163,47,-278.6723,47,-265.117,47,-245.4704,47,-256.9604,47,-277.8295,47,-224.3442,47,-305.6134,47,-360.937,47,-300.7038,47,-298.6279,47,-256.3949,47,-114.5024,47,-350.1282,47,-319.0054,47,-309.4359,47,-392.0018,47,-417.4997,47,-263.6314,47,-236.2752,47,-374.464,47,-363.5725,47,-343.7495,47,-184.5956,47,-165.4912,47,-311.51,47,-176.3751,47,-303.0704,47,-401.8102,47,-214.8017,47,-303.9691,47,-386.1541,47,-263.141
48,-177.2299,48,-143.6869,48,-278.1845,48,-97.6546,48,-416.2713,48,-350.976,48,-234.6743,48,-269.8773,48,-23.6749,48,-107.8731,48,-165.4129,48,-320.706,48,-150.5723,48,-196.9502,48,-351.8027,48,-252.1602,48,-154.5035,48,-165.0206,48,-324.8733,48,-63.4682,48,-344.8271,48,-375.3695,48,-203.3466,48,-133.7456,48,-108.4224,48,-262.9048,48,-349.415,48,-332.812,48,-135.6857,48,-372.7913,48,-147.444,48,-391.4026,48,-147.1269,48,-282.1889,48,-260.3388,48,-318.7341,48,-318.7341,48,-326.1125,48,-320.7287,48,-220.4561,48,-301.4165,48,-327.6167,48,-134.8551,48,-290.2301,48,-234.8506,48,-335.1668,48,-228.6979,48,-65.94,48,-176.5955,48,-212.992,48,-240.8023,48,-131.0412,48,-286.4068,48,-66.3544,48,-215.8931,48,-293.9686,48,-322.9438,48,-316.5586,48,-138.7472,48,-105.2054,48,-132.104,48,-250.7244,48,-60.5989,48,-102.0624,48,-131.511,48,-274.9843,48,-271.9337,48,-319.1233,48,-241.7754,48,-228.5248,48,-207.2946,48,-236.4414,48,-242.6077,48,-167.4369,48,-282.2409,48,-342.1086,48,-258.325,48,-274.5442,48,-242.6269,48,-81.9153,48,-314.8501,48,-302.545,48,-247.8257,48,-368.5122,48,-399.4025,48,-199.3282,48,-186.5363,48,-344.272,48,-302.5241,48,-294.9384,48,-100.106,48,-129.4491,48,-284.5635,48,-135.6175,48,-244.6743,48,-414.5197,48,-139.5093,48,-258.3336,48,-370.366,48,-193.293
49,-145.6811,49,-126.5852,49,-209.8727,49,-57.961,49,-364.5026,49,-299.032,49,-186.8794,49,-260.5502,49,11.3059,49,-82.7817,49,-88.0304,49,-280.2658,49,-100.6875,49,-142.0877,49,-324.857,49,-180.7145,49,-117.8041,49,-109.057,49,-257.1913,49,-40.7622,49,-334.9414,49,-357.5952,49,-160.7933,49,-95.346,49,-98.1277,49,-201.8131,49,-342.4926,49,-305.3957,49,-92.644,49,-305.3757,49,-74.903,49,-364.3722,49,-96.4501,49,-231.3383,49,-205.7322,49,-285.0191,49,-285.0191,49,-275.0549,49,-295.4437,49,-167.4042,49,-237.4764,49,-317.6829,49,-90.4754,49,-249.1857,49,-210.0477,49,-269.5093,49,-200.5312,49,-15.8575,49,-125.5191,49,-155.8949,49,-177.8373,49,-83.7202,49,-237.991,49,-35.747,49,-182.5128,49,-272.2338,49,-310.3077,49,-272.8158,49,-127.4438,49,-54.523,49,-91.1093,49,-194.2258,49,-26.0169,49,-83.1703,49,-88.059,49,-229.4504,49,-259.38,49,-301.8132,49,-202.3827,49,-182.2968,49,-161.4736,49,-200.5694,49,-195.0704,49,-90.9198,49,-252.4807,49,-316.0453,49,-198.0176,49,-243.9719,49,-215.5404,49,-67.875,49,-277.679,49,-276.4837,49,-180.061,49,-336.2054,49,-367.3834,49,-147.1961,49,-124.7875,49,-285.0803,49,-223.0546,49,-245.2008,49,-32.1088,49,-89.2389,49,-251.0453,49,-111.1194,49,-183.5921,49,-392.3242,49,-90.5284,49,-210.8461,49,-327.9455,49,-129.489
50,-108.9862,50,-113.8887,50,-137.6602,50,-40.7204,50,-295.3362,50,-220.3187,50,-142.4324,50,-238.2244,50,36.0663,50,-56.8552,50,-32.3284,50,-224.4715,50,-69.3778,50,-97.2269,50,-286.1575,50,-131.4383,50,-83.5771,50,-57.3571,50,-175.7437,50,-29.1435,50,-334.2328,50,-334.2747,50,-127.7521,50,-70.5913,50,-94.5459,50,-142.4046,50,-346.9199,50,-276.9047,50,-55.3672,50,-235.7883,50,-36.1456,50,-323.5786,50,-64.8861,50,-182.8693,50,-144.466,50,-239.3178,50,-239.3178,50,-220.0433,50,-251.4719,50,-118.4442,50,-160.8277,50,-308.3154,50,-54.0779,50,-190.6513,50,-180.1376,50,-196.2986,50,-171.0851,50,11.2661,50,-88.4501,50,-110.9705,50,-111.2996,50,-52.717,50,-178.5269,50,-29.3854,50,-157.6605,50,-245.0456,50,-281.0802,50,-214.5763,50,-108.9288,50,-9.1043,50,-49.1805,50,-135.5573,50,-0.03348,50,-54.0846,50,-47.7696,50,-172.2084,50,-252.096,50,-270.5273,50,-155.094,50,-139.4767,50,-115.4331,50,-155.6703,50,-137.2776,50,-22.0784,50,-222.3634,50,-293.6157,50,-130.9739,50,-202.432,50,-176.6916,50,-55.4868,50,-238.1207,50,-250.3035,50,-120.1601,50,-299.1637,50,-326.6326,50,-109.7732,50,-63.5224,50,-214.9601,50,-153.3833,50,-190.5154,50,16.865,50,-49.7029,50,-217.8622,50,-105.2021,50,-125.0776,50,-353.0744,50,-64.8004,50,-162.735,50,-265.0088,50,-86.338
51,-76.7401,51,-101.4593,51,-71.8462,51,-41.0477,51,-222.1292,51,-139.5533,51,-103.7414,51,-200.136,51,35.2441,51,-39.8609,51,-10.7669,51,-164.5461,51,-56.041,51,-68.9172,51,-225.2646,51,-98.8197,51,-59.9067,51,-23.5936,51,-110.9423,51,-32.0181,51,-325.0313,51,-299.3705,51,-109.0643,51,-55.9646,51,-81.069,51,-88.3524,51,-349.0208,51,-237.146,51,-30.187,51,-165.0054,51,-23.6098,51,-277.0293,51,-54.6074,51,-141.9658,51,-89.123,51,-176.8775,51,-176.8775,51,-172.0076,51,-181.7416,51,-79.632,51,-99.2081,51,-300.8933,51,-25.4887,51,-132.6856,51,-145.8408,51,-135.2109,51,-125.8837,51,17.9975,51,-65.9803,51,-83.7218,51,-70.2325,51,-38.0458,51,-122.993,51,-29.6021,51,-131.0615,51,-222.7378,51,-233.8433,51,-143.2737,51,-83.1838,51,8.2973,51,-13.7459,51,-90.4203,51,25.8038,51,-19.8825,51,-21.8338,51,-113.6037,51,-237.3244,51,-225.9784,51,-105.0695,51,-101.6455,51,-84.8197,51,-103.4276,51,-84.7336,51,19.4758,51,-195.9465,51,-260.9975,51,-73.9238,51,-148.0507,51,-138.1467,51,-45.3112,51,-189.986,51,-224.7273,51,-77.2964,51,-256.3131,51,-256.9605,51,-85.6307,51,-27.96,51,-134.0853,51,-103.9194,51,-138.3238,51,40.2888,51,-28.6193,51,-197.0088,51,-89.1991,51,-74.6041,51,-315.8804,51,-51.7933,51,-129.9469,51,-200.3976,51,-53.055
52,-55.8987,52,-80.3806,52,-29.9725,52,-41.16,52,-161.2448,52,-76.6626,52,-82.0787,52,-152.706,52,27.4465,52,-31.4169,52,-2.8357,52,-108.3334,52,-45.125,52,-58.4602,52,-162.0158,52,-79.3436,52,-51.2506,52,-6.5849,52,-77.5865,52,-39.4697,52,-293.6654,52,-250.617,52,-98.5449,52,-45.822,52,-64.3976,52,-43.89,52,-350.4197,52,-188.1618,52,-15.8392,52,-100.3697,52,-27.0029,52,-227.6928,52,-46.177,52,-112.2952,52,-62.9241,52,-116.9951,52,-116.9951,52,-129.8201,52,-115.4196,52,-59.743,52,-49.5157,52,-282.7136,52,-8.8505,52,-90.8986,52,-122.1572,52,-91.1769,52,-73.6414,52,20.0607,52,-55.653,52,-76.1032,52,-52.5473,52,-38.3806,52,-82.3945,52,-23.83,52,-100.0244,52,-204.0679,52,-162.2119,52,-75.7439,52,-56.225,52,6.3095,52,3.1759,52,-67.4099,52,28.4207,52,12.2036,52,-9.0683,52,-66.3146,52,-204.7972,52,-168.3102,52,-67.382,52,-67.7233,52,-69.3865,52,-55.5321,52,-40.638,52,31.0982,52,-172.5121,52,-216.8555,52,-39.0875,52,-92.6916,52,-100.8699,52,-51.9779,52,-137.3105,52,-188.0375,52,-49.3319,52,-188.8668,52,-178.5371,52,-73.6982,52,-19.1343,52,-62.3949,52,-77.9697,52,-80.9137,52,43.5059,52,-20.6339,52,-171.0405,52,-69.6865,52,-33.2848,52,-268.5057,52,-38.0509,52,-102.5675,52,-143.0702,52,-17.666
53,-39.2247,53,-53.1136,53,-7.8847,53,-38.5161,53,-114.8246,53,-32.8084,53,-70.2533,53,-100.6116,53,32.1715,53,-33.5644,53,-5.8059,53,-72.5262,53,-40.7254,53,-48.145,53,-113.2451,53,-70.4055,53,-43.8661,53,2.1868,53,-64.4941,53,-52.1313,53,-245.5883,53,-204.1893,53,-91.904,53,-42.9291,53,-53.3141,53,-19.0359,53,-330.0694,53,-144.0731,53,-13.5688,53,-49.1704,53,-35.1871,53,-179.9516,53,-46.4898,53,-90.3882,53,-63.5738,53,-71.234,53,-71.234,53,-95.1189,53,-69.2598,53,-60.5461,53,-13.6802,53,-242.6342,53,-10.9247,53,-58.1058,53,-111.2288,53,-57.7868,53,-30.4907,53,20.654,53,-46.2314,53,-78.398,53,-47.894,53,-43.9511,53,-57.7563,53,-16.0908,53,-65.2588,53,-182.9741,53,-103.2109,53,-26.3091,53,-29.1912,53,2.2398,53,6.2917,53,-50.4492,53,6.3101,53,24.5002,53,-10.9248,53,-34.6189,53,-160.4123,53,-103.7894,53,-41.6641,53,-38.8182,53,-55.5047,53,-21.2723,53,-13.3937,53,20.02,53,-146.7775,53,-177.445,53,-24.1184,53,-52.3946,53,-58.1992,53,-62.7464,53,-93.4776,53,-141.6611,53,-30.0072,53,-112.7134,53,-100.2042,53,-61.1699,53,-19.8765,53,-19.6909,53,-76.1059,53,-32.6271,53,31.1487,53,-12.0951,53,-143.3368,53,-65.8035,53,-4.2784,53,-213.9257,53,-16.5129,53,-89.4254,53,-101.1153,53,-3.347
54,-21.4223,54,-37.2668,54,3.5303,54,-33.8057,54,-78.1013,54,-8.451,54,-69.9002,54,-48.7397,54,29.9904,54,-30.7425,54,-10.3654,54,-56.6748,54,-38.1457,54,-37.7247,54,-86.0444,54,-68.2867,54,-34.1156,54,-0.5478,54,-48.8314,54,-66.5414,54,-197.3292,54,-158.3912,54,-87.7441,54,-39.9421,54,-45.1745,54,-9.2235,54,-287.5076,54,-109.601,54,-14.0602,54,-33.3904,54,-39.2259,54,-140.0046,54,-53.7788,54,-74.469,54,-71.1852,54,-40.6747,54,-40.6747,54,-78.1882,54,-41.5954,54,-64.0703,54,9.5355,54,-189.9309,54,-23.8091,54,-31.2827,54,-110.9012,54,-31.0289,54,-6.2915,54,13.9532,54,-36.5694,54,-79.6152,54,-43.2609,54,-47.1332,54,-38.8031,54,-18.033,54,-35.7629,54,-153.8871,54,-62.2353,54,-5.7379,54,-20.9317,54,-0.09197,54,1.4654,54,-37.0757,54,-13.7907,54,14.4272,54,-21.735,54,-14.4255,54,-113.1093,54,-46.8535,54,-23.7868,54,-19.6801,54,-43.3541,54,-1.3178,54,-3.112,54,10.001,54,-123.3304,54,-141.4303,54,-16.4283,54,-31.0769,54,-16.9904,54,-66.0458,54,-75.968,54,-103.839,54,-23.5075,54,-59.648,54,-44.5113,54,-45.1592,54,-19.3761,54,-6.2427,54,-85.5114,54,-9.8754,54,10.8929,54,-0.3791,54,-115.7997,54,-71.4462,54,8.1715,54,-161.3364,54,2.9577,54,-79.7665,54,-78.152,54,-3.402
55,-10.4002,55,-33.2796,55,9.3363,55,-29.9027,55,-43.5617,55,1.6318,55,-70.2586,55,-5.7424,55,16.6248,55,-29.8265,55,-27.5224,55,-44.6473,55,-39.111,55,-37.9447,55,-64.7885,55,-61.8066,55,-24.2641,55,-13.5558,55,-32.0872,55,-80.8973,55,-154.4799,55,-111.8894,55,-84.0028,55,-32.5232,55,-43.1905,55,-5.3939,55,-225.9182,55,-86.1265,55,-11.3632,55,-34.5408,55,-40.6641,55,-105.552,55,-66.6525,55,-70.9483,55,-65.2615,55,-31.4852,55,-31.4852,55,-80.765,55,-35.0113,55,-61.2961,55,9.9491,55,-142.0646,55,-42.0779,55,-10.8909,55,-92.0091,55,-15.3178,55,-4.0682,55,8.8175,55,-27.5678,55,-74.6254,55,-38.0008,55,-46.5434,55,-27.807,55,-31.0271,55,-12.1627,55,-120.6253,55,-49.4648,55,-1.5779,55,-14.6892,55,-0.6551,55,-4.9565,55,-19.4564,55,-15.6362,55,2.2598,55,-37.2934,55,-0.884,55,-75.2804,55,-9.4784,55,-11.7292,55,-16.5295,55,-34.1145,55,6.7732,55,5.7176,55,12.943,55,-106.2535,55,-105.003,55,-9.6327,55,-29.8236,55,17.71,55,-74.7212,55,-73.0608,55,-81.6996,55,-22.4318,55,-31.0986,55,-10.2181,55,-38.1947,55,-19.1659,55,-6.5069,55,-92.0642,55,-9.2447,55,-0.6089,55,9.3133,55,-85.4656,55,-62.3784,55,9.1683,55,-107.6391,55,11.7435,55,-61.1928,55,-69.7865,55,-1.68
56,-15.779,56,-35.9982,56,4.2436,56,-23.1255,56,-18.6677,56,3.0448,56,-61.7253,56,16.22,56,-6.2404,56,-32.7668,56,-39.9397,56,-27.8583,56,-38.739,56,-42.4689,56,-52.8151,56,-42.4436,56,-9.7758,56,-20.2158,56,-20.8943,56,-83.7327,56,-117.1089,56,-71.777,56,-81.0416,56,-28.901,56,-45.7539,56,-11.3285,56,-151.0668,56,-76.1873,56,-10.3906,56,-36.7355,56,-43.915,56,-75.048,56,-77.858,56,-62.7482,56,-39.349,56,-33.5395,56,-33.5395,56,-81.6396,56,-55.399,56,-60.4056,56,1.1643,56,-105.0207,56,-59.4619,56,1.4668,56,-76.0526,56,0.6676,56,-12.3439,56,14.4,56,-26.8668,56,-63.3517,56,-31.6204,56,-52.1092,56,-28.0209,56,-48.5775,56,5.7875,56,-86.6398,56,-46.822,56,7.1059,56,-1.6182,56,-0.1415,56,-15.5829,56,-18.1144,56,-3.5123,56,-7.992,56,-48.8277,56,3.663,56,-42.1924,56,10.5193,56,-8.6612,56,-21.2363,56,-25.0803,56,-4.3766,56,5.0727,56,15.0737,56,-91.6528,56,-68.7839,56,-2.1733,56,-34.5678,56,38.9413,56,-72.7329,56,-70.483,56,-77.823,56,-19.5903,56,-21.6638,56,9.2269,56,-34.9603,56,-31.0897,56,-19.2821,56,-91.6052,56,-15.9295,56,-4.9634,56,7.4791,56,-52.0523,56,-49.3212,56,12.9314,56,-61.5029,56,14.114,56,-52.9665,56,-53.3989,56,-8.811
57,-31.8195,57,-40.8168,57,-10.9503,57,-8.9334,57,-10.401,57,-7.5753,57,-52.3723,57,20.6549,57,-35.0389,57,-41.2983,57,-42.0284,57,-14.0239,57,-40.6998,57,-43.2412,57,-53.254,57,-19.2509,57,3.6369,57,-21.4667,57,-20.4396,57,-78.6407,57,-79.9198,57,-28.8722,57,-76.0035,57,-32.7457,57,-41.9006,57,-28.3901,57,-86.2699,57,-66.9627,57,-16.4354,57,-36.4624,57,-47.0026,57,-61.5717,57,-85.6541,57,-45.825,57,-18.2012,57,-38.0738,57,-38.0738,57,-73.5543,57,-73.6877,57,-54.8695,57,-4.036,57,-73.7299,57,-66.8139,57,1.1876,57,-74.4418,57,9.6024,57,-24.11,57,15.4647,57,-44.8055,57,-52.8905,57,-22.7636,57,-70.6543,57,-35.802,57,-63.5894,57,20.802,57,-65.4946,57,-52.9102,57,17.8085,57,2.3578,57,-1.4243,57,-29.3456,57,-24.0393,57,-5.0378,57,-17.945,57,-45.4762,57,1.353,57,-12.6299,57,19.5598,57,-15.0958,57,-24.779,57,-17.8698,57,-22.1202,57,-3.7438,57,17.4423,57,-73.5081,57,-42.2997,57,1.4159,57,-29.3797,57,38.5261,57,-60.7465,57,-59.1399,57,-80.674,57,-14.103,57,-26.2326,57,7.8381,57,-34.3726,57,-46.8651,57,-33.6784,57,-83.0675,57,-18.7049,57,-8.8506,57,2.606,57,-12.6594,57,-42.3741,57,19.9796,57,-32.1714,57,16.859,57,-61.5642,57,-30.2344,57,-9.365
58,-48.5069,58,-40.7797,58,-25.061,58,2.5256,58,-11.8732,58,-24.514,58,-58.8882,58,7.5773,58,-50.4178,58,-50.4412,58,-52.1812,58,-9.3843,58,-41.6436,58,-33.7,58,-53.6309,58,1.8271,58,14.4012,58,-16.0171,58,-28.7821,58,-67.543,58,-58.1855,58,-7.8401,58,-66.2465,58,-42.2611,58,-44.9737,58,-46.5196,58,-43.0657,58,-53.8098,58,-25.3788,58,-34.8589,58,-53.0535,58,-60.9621,58,-88.32,58,-27.0584,58,-8.1376,58,-54.7058,58,-54.7058,58,-59.6092,58,-80.9053,58,-48.6971,58,-3.6153,58,-46.7946,58,-60.4826,58,-3.8785,58,-66.3355,58,1.2953,58,-30.5511,58,10.8302,58,-66.5708,58,-53.7142,58,-12.7966,58,-87.1502,58,-46.4148,58,-74.6233,58,23.3502,58,-62.3269,58,-58.9128,58,20.9001,58,0.2684,58,-4.7202,58,-32.5946,58,-25.2732,58,-4.5398,58,-23.0309,58,-37.3986,58,3.7625,58,6.4701,58,21.5965,58,-15.1578,58,-24.4186,58,-13.7662,58,-34.8081,58,-17.0238,58,27.7616,58,-54.2086,58,-32.3594,58,0.03728,58,-15.4795,58,18.5148,58,-50.8991,58,-39.0147,58,-87.5335,58,-13.4814,58,-20.9929,58,-6.3439,58,-35.8229,58,-55.3667,58,-38.1877,58,-75.9847,58,-21.054,58,-22.4336,58,-4.9384,58,24.0501,58,-35.4208,58,26.8601,58,-16.1766,58,16.855,58,-72.4374,58,-27.2829,58,4.366
59,-52.7767,59,-37.3739,59,-32.5863,59,5.5932,59,-7.1051,59,-38.6047,59,-61.7712,59,9.8434,59,-44.9669,59,-57.8795,59,-56.673,59,-6.1018,59,-40.5611,59,-25.4968,59,-51.9098,59,15.9595,59,13.7992,59,-7.5956,59,-37.4792,59,-62.0695,59,-50.7499,59,-9.8962,59,-55.3563,59,-52.8786,59,-49.787,59,-57.8294,59,-16.9645,59,-41.2709,59,-23.4973,59,-31.9841,59,-59.7271,59,-53.782,59,-85.0704,59,-28.2032,59,-3.8093,59,-77.924,59,-77.924,59,-38.1831,59,-77.5615,59,-50.1892,59,-1.4646,59,-31.8236,59,-48.798,59,-0.6052,59,-56.5693,59,-17.2593,59,-16.581,59,9.5,59,-68.7285,59,-63.1529,59,-2.677,59,-88.8769,59,-54.8674,59,-83.6016,59,-5.8024,59,-58.2213,59,-72.8199,59,16.7042,59,3.1443,59,-7.1425,59,-26.1994,59,-17.7281,59,-2.8927,59,-19.3448,59,-26.9505,59,9.7007,59,12.5261,59,26.1621,59,-10.2775,59,-15.9547,59,-5.8749,59,-39.751,59,-24.7355,59,40.5098,59,-41.044,59,-29.1309,59,-2.817,59,3.3206,59,-10.4544,59,-43.4152,59,-28.2162,59,-92.5386,59,-18.8076,59,-20.8534,59,-17.4912,59,-31.4488,59,-57.7427,59,-36.5779,59,-64.891,59,-24.8843,59,-30.5255,59,-13.4357,59,49.2399,59,-25.8059,59,32.4715,59,-4.6755,59,12.8143,59,-76.7761,59,-39.05,59,16.007
60,-40.4396,60,-35.5671,60,-41.8529,60,-3.5895,60,-3.9529,60,-47.1551,60,-62.1338,60,13.7662,60,-45.9036,60,-59.7049,60,-58.7241,60,1.8755,60,-32.3302,60,-27.691,60,-39.0369,60,19.7333,60,11.477,60,-3.2139,60,-43.9471,60,-55.0995,60,-58.3122,60,-12.9564,60,-50.7468,60,-61.5947,60,-44.927,60,-52.5661,60,-4.9753,60,-30.7772,60,-22.2271,60,-38.1133,60,-57.3291,60,-40.2138,60,-77.6903,60,-32.9485,60,1.9388,60,-91.1052,60,-91.1052,60,-25.1458,60,-68.109,60,-64.4522,60,-3.132,60,-26.6027,60,-34.4342,60,8.6459,60,-49.3678,60,-35.1051,60,-11.0917,60,15.9862,60,-49.5381,60,-80.1109,60,-2.2595,60,-76.7812,60,-54.8837,60,-87.2964,60,-30.7723,60,-49.2387,60,-85.3826,60,7.1803,60,4.4919,60,-1.8385,60,-22.2604,60,-14.2319,60,-2.1862,60,-9.3965,60,-17.2663,60,14.3721,60,7.0671,60,30.424,60,-3.206,60,-7.8736,60,1.9072,60,-41.0369,60,-27.208,60,48.3535,60,-26.2119,60,-25.5001,60,-5.4272,60,18.0307,60,-37.5094,60,-31.2362,60,-37.7478,60,-87.6512,60,-19.7386,60,-37.469,60,-14.9051,60,-37.0268,60,-58.3546,60,-33.619,60,-52.6651,60,-18.9165,60,-32.9733,60,-14.8571,60,66.4841,60,-21.8089,60,18.7912,60,-3.7742,60,4.3499,60,-82.9064,60,-48.5789,60,18.352
61,-25.5352,61,-41.853,61,-49.2124,61,-13.7117,61,1.8902,61,-50.8755,61,-58.8113,61,6.9982,61,-60.9276,61,-56.4569,61,-61.8721,61,13.3887,61,-27.3561,61,-31.9641,61,-35.4178,61,6.1683,61,15.4634,61,-2.1223,61,-44.8682,61,-44.5809,61,-69.4534,61,-12.9729,61,-49.9631,61,-59.741,61,-40.0818,61,-40.5371,61,-29.3066,61,-29.6207,61,-34.9756,61,-46.4995,61,-52.7102,61,-38.3122,61,-74.0008,61,-33.3404,61,0.8363,61,-94.1369,61,-94.1369,61,-15.7979,61,-64.3449,61,-79.0972,61,-9.7022,61,-18.2998,61,-23.7092,61,12.1433,61,-34.991,61,-43.0959,61,-16.3503,61,28.5844,61,-38.7574,61,-92.5044,61,0.7773,61,-71.5461,61,-52.1829,61,-84.5062,61,-43.9847,61,-42.9486,61,-85.2925,61,-2.1443,61,0.05134,61,3.6791,61,-15.3898,61,-9.2612,61,-4.7528,61,-0.4202,61,-12.6697,61,23.3554,61,-2.0001,61,20.5151,61,-0.4639,61,-2.3797,61,0.5887,61,-35.5877,61,-28.6207,61,45.8744,61,-14.4504,61,-26.4892,61,-6.0064,61,15.5865,61,-52.5963,61,-12.7448,61,-47.5766,61,-85.6759,61,-20.057,61,-53.0736,61,-4.7218,61,-49.9005,61,-54.7239,61,-31.8524,61,-48.5134,61,-7.1448,61,-23.5997,61,-10.8775,61,68.6088,61,-27.0094,61,10.3109,61,-9.1674,61,-8.0471,61,-74.1605,61,-59.4011,61,21.266
62,-12.6679,62,-45.7501,62,-52.0026,62,-21.0432,62,2.6861,62,-50.7228,62,-49.6578,62,-7.3197,62,-74.1664,62,-52.7812,62,-60.4119,62,11.5716,62,-23.9266,62,-35.6782,62,-44.1105,62,-10.3909,62,1.7312,62,2.2341,62,-50.7427,62,-33.1312,62,-75.5368,62,-20.1336,62,-48.1094,62,-43.9413,62,-42.9934,62,-38.7181,62,-58.1589,62,-38.3122,62,-54.3459,62,-52.1074,62,-51.5874,62,-41.2558,62,-51.4014,62,-30.3309,62,1.2732,62,-91.7795,62,-91.7795,62,-6.1813,62,-61.8723,62,-83.2232,62,-32.9056,62,-15.167,62,-25.5137,62,4.5776,62,-15.2277,62,-37.5048,62,-18.8357,62,33.2303,62,-45.854,62,-99.5608,62,12.3886,62,-77.4674,62,-45.8484,62,-77.6233,62,-46.2703,62,-41.6395,62,-78.0752,62,2.152,62,-5.1878,62,1.6156,62,-1.5657,62,-0.08304,62,1.2521,62,2.5049,62,-18.2684,62,30.2532,62,-5.2615,62,1.0451,62,-6.1518,62,3.8476,62,-7.0403,62,-36.0912,62,-32.2961,62,40.2926,62,-13.1936,62,-31.2909,62,-9.9509,62,5.8388,62,-53.7341,62,7.886,62,-44.0072,62,-83.6399,62,-22.891,62,-49.1322,62,2.707,62,-53.6331,62,-46.2678,62,-22.5538,62,-47.8533,62,1.9747,62,-11.9157,62,-9.1324,62,62.2886,62,-36.0353,62,7.5329,62,-24.2512,62,-11.779,62,-63.0268,62,-56.8622,62,6.386
63,6.5849,63,-45.4791,63,-43.8809,63,-20.9642,63,-0.969,63,-50.1348,63,-52.0247,63,-19.5995,63,-76.9179,63,-52.9353,63,-62.0237,63,-3.4256,63,-18.0468,63,-39.0892,63,-64.928,63,-14.9043,63,-17.7422,63,-2.6558,63,-59.0883,63,-29.6951,63,-73.3768,63,-23.133,63,-46.1515,63,-28.3084,63,-52.5981,63,-48.9416,63,-65.1511,63,-48.0911,63,-71.6245,63,-62.3355,63,-53.8485,63,-43.568,63,-29.6797,63,-29.0441,63,3.2737,63,-83.8515,63,-83.8515,63,1.5952,63,-53.8022,63,-78.3748,63,-59.8221,63,-19.8269,63,-31.3513,63,-13.0935,63,-17.4493,63,-32.3694,63,-19.9464,63,18.4983,63,-55.503,63,-94.8225,63,30.0938,63,-81.3053,63,-35.8469,63,-72.3346,63,-40.0267,63,-41.1589,63,-63.1138,63,15.5243,63,-4.2742,63,-7.9282,63,18.6571,63,4.4415,63,10.1727,63,4.6807,63,-25.6016,63,31.7461,63,-6.7441,63,-25.6304,63,-13.4634,63,9.2843,63,-12.0711,63,-35.7218,63,-41.1852,63,29.0748,63,-23.9866,63,-35.0306,63,-12.7717,63,-2.2209,63,-48.5834,63,17.0416,63,-34.7283,63,-76.893,63,-27.6857,63,-28.6951,63,1.6018,63,-53.5515,63,-35.2252,63,-11.9251,63,-48.4872,63,13.3882,63,-20.441,63,-10.2495,63,42.4872,63,-48.8842,63,4.1327,63,-43.0732,63,-18.0624,63,-54.6755,63,-42.6569,63,-9.341
64,22.0881,64,-44.109,64,-32.5589,64,-15.6684,64,-2.3167,64,-51.3375,64,-56.3188,64,-21.0423,64,-64.4118,64,-63.6693,64,-69.9205,64,-23.5477,64,-15.564,64,-32.5608,64,-76.3497,64,-23.2986,64,-43.0314,64,-17.332,64,-57.0335,64,-27.6064,64,-60.8005,64,-31.4182,64,-43.1975,64,-30.6659,64,-59.2287,64,-56.9407,64,-63.3952,64,-43.7298,64,-79.6099,64,-71.9162,64,-60.4136,64,-47.3272,64,-20.1371,64,-32.0345,64,10.5015,64,-79.1018,64,-79.1018,64,-3.1135,64,-44.0657,64,-73.8505,64,-62.9522,64,-15.3711,64,-35.5742,64,-28.8342,64,-31.2985,64,-41.8997,64,-17.0309,64,2.005,64,-56.7123,64,-74.6186,64,39.7329,64,-83.4304,64,-26.9984,64,-72.6904,64,-28.1181,64,-44.7013,64,-47.3335,64,12.5466,64,-3.6706,64,-20.2597,64,24.1384,64,10.1518,64,14.391,64,5.1888,64,-33.5416,64,26.5418,64,-12.1219,64,-46.6894,64,-20.7946,64,10.2217,64,-16.354,64,-36.2895,64,-43.6615,64,20.1245,64,-43.287,64,-30.6191,64,-15.9512,64,-3.778,64,-43.268,64,21.9645,64,-18.8141,64,-64.9798,64,-26.1129,64,-18.1114,64,-4.086,64,-60.5563,64,-26.1566,64,1.1668,64,-41.282,64,21.154,64,-30.4929,64,-8.9316,64,9.695,64,-60.9944,64,-6.6104,64,-57.0138,64,-20.4115,64,-50.8483,64,-20.1019,64,-25.229
65,19.3593,65,-47.2102,65,-22.3986,65,-13.4046,65,-2.701,65,-49.3508,65,-55.742,65,-14.495,65,-56.0591,65,-67.9405,65,-64.6825,65,-34.7414,65,-16.3944,65,-22.2818,65,-81.6246,65,-37.6439,65,-62.4269,65,-33.9658,65,-53.4473,65,-29.1679,65,-49.0216,65,-43.9209,65,-46.0007,65,-28.3335,65,-63.65,65,-57.852,65,-69.7459,65,-34.9474,65,-81.6455,65,-66.0072,65,-74.8039,65,-48.7323,65,-13.4369,65,-31.598,65,16.1179,65,-76.3687,65,-76.3687,65,-9.2731,65,-32.4401,65,-69.0423,65,-57.9745,65,-5.3917,65,-23.8528,65,-31.6927,65,-39.8126,65,-63.1257,65,-19.9936,65,-17.7266,65,-52.5088,65,-55.2253,65,35.7532,65,-86.6391,65,-27.6405,65,-76.1031,65,-18.2589,65,-54.5404,65,-38.209,65,-2.8045,65,-16.4901,65,-26.5922,65,10.943,65,20.1577,65,13.0536,65,1.7414,65,-39.1649,65,12.6057,65,-21.9921,65,-54.1503,65,-22.0579,65,10.544,65,-18.8534,65,-34.5173,65,-47.3648,65,9.3532,65,-59.8021,65,-16.6893,65,-23.3358,65,-4.873,65,-42.0641,65,19.0535,65,-0.3429,65,-53.5663,65,-24.441,65,-30.451,65,-21.6705,65,-56.198,65,-20.3374,65,12.8992,65,-34.301,65,15.1521,65,-33.8839,65,-7.2885,65,-26.3639,65,-66.7592,65,-29.5737,65,-55.8989,65,-22.3908,65,-44.2513,65,-6.6801,65,-37.889
66,7.5108,66,-42.5444,66,-9.767,66,-17.1194,66,-12.2635,66,-45.9658,66,-50.8604,66,-14.0091,66,-57.2351,66,-60.2088,66,-56.6552,66,-30.1374,66,-14.3079,66,-15.483,66,-85.8475,66,-53.4889,66,-62.6966,66,-37.6869,66,-55.4155,66,-29.9271,66,-38.0281,66,-50.3573,66,-61.9993,66,-26.4199,66,-73.6981,66,-54.7345,66,-69.778,66,-31.4357,66,-73.0563,66,-48.066,66,-84.0875,66,-47.3358,66,-5.2988,66,-19.852,66,9.9191,66,-76.2017,66,-76.2017,66,-14.5963,66,-32.0367,66,-68.7793,66,-55.916,66,-5.7227,66,-7.3287,66,-17.9767,66,-39.3802,66,-68.1178,66,-19.8311,66,-43.6105,66,-45.2387,66,-51.3277,66,25.9102,66,-95.3552,66,-29.2213,66,-72.0446,66,-20.8407,66,-66.0554,66,-31.0777,66,-9.174,66,-38.7717,66,-35.8855,66,-3.2377,66,23.0889,66,10.1502,66,0.5675,66,-37.4101,66,-1.8511,66,-35.7255,66,-58.219,66,-21.1008,66,5.5179,66,-23.1658,66,-35.1773,66,-54.7051,66,-2.9873,66,-64.1542,66,0.9845,66,-25.4308,66,-5.2229,66,-40.0302,66,2.5554,66,15.58,66,-41.1643,66,-24.9331,66,-37.8725,66,-45.9516,66,-44.7465,66,-15.4052,66,17.3689,66,-28.6368,66,7.4309,66,-28.0301,66,-14.0167,66,-54.8229,66,-67.0732,66,-53.2974,66,-46.2768,66,-27.1841,66,-30.151,66,-14.2611,66,-39.321
67,-3.6004,67,-29.0318,67,2.7708,67,-17.4202,67,-21.6992,67,-45.0815,67,-34.5099,67,-17.5767,67,-52.8332,67,-46.5772,67,-54.8417,67,-25.6704,67,-17.1771,67,-13.4483,67,-82.9175,67,-57.7671,67,-62.6165,67,-40.481,67,-58.1686,67,-38.1097,67,-30.1286,67,-49.8088,67,-80.6178,67,-31.0775,67,-83.3403,67,-51.5219,67,-67.7758,67,-34.7359,67,-59.5197,67,-25.587,67,-86.1903,67,-44.9587,67,-12.6355,67,-6.0158,67,-14.1064,67,-70.9276,67,-70.9276,67,-25.7861,67,-40.6406,67,-75.439,67,-47.4521,67,-7.7646,67,-5.0903,67,-9.5022,67,-37.3778,67,-51.5109,67,-6.9289,67,-60.4662,67,-36.8242,67,-46.6121,67,14.1331,67,-96.7132,67,-23.9547,67,-72.5227,67,-32.8884,67,-71.3196,67,-35.2651,67,-12.6523,67,-57.4367,67,-46.8808,67,-16.8087,67,14.6184,67,0.8435,67,10.0335,67,-38.0774,67,-12.9336,67,-42.5433,67,-59.0993,67,-16.266,67,-5.7407,67,-25.9925,67,-37.4487,67,-59.6243,67,-18.5732,67,-60.6781,67,17.9412,67,-23.8216,67,2.0562,67,-28.1576,67,-21.5681,67,26.5621,67,-32.9101,67,-24.2526,67,-40.9987,67,-59.7701,67,-50.5582,67,-7.6097,67,6.3522,67,-31.4094,67,2.6999,67,-17.3322,67,-32.6827,67,-67.27,67,-55.0375,67,-51.4251,67,-36.9369,67,-34.0988,67,-16.6338,67,-21.4819,67,-33.873
68,-11.4185,68,-19.4521,68,5.2424,68,-15.9067,68,-29.5194,68,-45.4014,68,-18.9171,68,-28.7417,68,-50.6969,68,-36.4571,68,-50.4634,68,-18.7625,68,-28.599,68,-16.3688,68,-72.7717,68,-43.7497,68,-57.1388,68,-52.9731,68,-65.4011,68,-50.5204,68,-26.7718,68,-39.6999,68,-88.5662,68,-28.4771,68,-79.5585,68,-49.1331,68,-66.3472,68,-43.8025,68,-52.9399,68,-16.0503,68,-73.3852,68,-43.7344,68,-32.6771,68,-3.4058,68,-35.9034,68,-59.0596,68,-59.0596,68,-32.8171,68,-51.8738,68,-89.7686,68,-25.854,68,-8.6348,68,-3.5228,68,-24.5644,68,-38.9793,68,-42.0133,68,1.8381,68,-65.2703,68,-31.1766,68,-40.2369,68,5.8425,68,-93.9273,68,-18.9401,68,-78.8208,68,-32.127,68,-70.2824,68,-42.4107,68,-16.8538,68,-69.8562,68,-37.4211,68,-25.0384,68,-2.8986,68,-12.4962,68,13.2921,68,-32.0639,68,-16.8233,68,-34.0673,68,-56.898,68,-12.474,68,-18.619,68,-23.1435,68,-41.3872,68,-63.0345,68,-23.2152,68,-49.7559,68,29.8522,68,-27.3902,68,14.1151,68,-9.5486,68,-39.6426,68,29.1328,68,-27.3868,68,-24.3989,68,-49.3474,68,-56.669,68,-61.4375,68,-3.3266,68,-6.8935,68,-29.161,68,2.4828,68,-8.3962,68,-53.7906,68,-72.0795,68,-42.6859,68,-52.8789,68,-28.0561,68,-44.7634,68,-12.5311,68,-13.6924,68,-25.074
69,-16.1981,69,-20.2262,69,3.4404,69,-14.5121,69,-34.7037,69,-40.2663,69,-24.6026,69,-42.6829,69,-51.5414,69,-32.925,69,-36.892,69,-13.4583,69,-46.9577,69,-16.7903,69,-62.4901,69,-21.0514,69,-49.179,69,-64.0359,69,-78.5601,69,-59.8575,69,-28.4999,69,-28.5548,69,-88.054,69,-19.9996,69,-71.3005,69,-44.2004,69,-72.6244,69,-50.875,69,-53.2168,69,-14.7225,69,-57.9498,69,-40.034,69,-45.6331,69,-10.6492,69,-46.0464,69,-51.1947,69,-51.1947,69,-37.9399,69,-59.4643,69,-93.2906,69,-8.73,69,-10.2147,69,-10.079,69,-43.573,69,-42.3369,69,-37.8216,69,9.6302,69,-57.9269,69,-30.9021,69,-36.4242,69,2.6821,69,-91.7557,69,-26.2065,69,-85.1029,69,-16.9044,69,-68.1336,69,-47.1835,69,-15.6341,69,-74.4514,69,-17.4223,69,-21.3892,69,-23.537,69,-24.212,69,18.7973,69,-20.9212,69,-18.8841,69,-19.3643,69,-52.5735,69,-14.2398,69,-28.4721,69,-11.0873,69,-43.9491,69,-57.423,69,-17.9623,69,-39.6823,69,36.5355,69,-33.4826,69,23.963,69,6.5398,69,-46.9828,69,22.0096,69,-23.8133,69,-27.1225,69,-58.5873,69,-47.7835,69,-62.9802,69,-10.2829,69,-15.0865,69,-22.0155,69,-3.3655,69,6.3847,69,-62.2528,69,-73.8088,69,-38.0187,69,-61.8675,69,-24.5631,69,-51.9151,69,-22.4585,69,-2.306,69,-19.344
70,-22.7536,70,-24.6757,70,6.6056,70,-12.6153,70,-36.7062,70,-33.8574,70,-50.959,70,-49.7785,70,-45.2633,70,-40.9898,70,-21.9446,70,-5.5009,70,-65.1173,70,-17.156,70,-54.3387,70,-5.5417,70,-34.7034,70,-60.7136,70,-86.9951,70,-61.8383,70,-42.7584,70,-28.1193,70,-82.5137,70,-24.2661,70,-67.6946,70,-34.7432,70,-79.6924,70,-55.9887,70,-51.905,70,-19.7512,70,-45.3964,70,-38.8045,70,-54.4503,70,-22.646,70,-37.3742,70,-55.7028,70,-55.7028,70,-52.9973,70,-56.0616,70,-81.1263,70,-10.8329,70,-14.9414,70,-17.5569,70,-56.5976,70,-41.3247,70,-38.8743,70,14.3584,70,-46.6593,70,-36.2748,70,-28.541,70,3.4963,70,-90.2601,70,-35.9178,70,-82.9304,70,6.3827,70,-64.6344,70,-51.1792,70,-4.7206,70,-71.8597,70,-13.2116,70,-11.8414,70,-32.691,70,-34.2002,70,23.5638,70,-14.5702,70,-22.4811,70,-10.5156,70,-46.1569,70,-24.2282,70,-35.4581,70,9.1408,70,-44.3878,70,-48.4098,70,-8.2525,70,-37.1208,70,26.9143,70,-37.0511,70,22.1833,70,18.2899,70,-44.455,70,7.5426,70,-23.6933,70,-31.7842,70,-68.61,70,-48.3079,70,-59.3138,70,-21.2732,70,-17.6499,70,-15.254,70,-15.8655,70,19.3245,70,-64.1701,70,-75.3224,70,-34.7394,70,-69.0185,70,-30.4931,70,-44.855,70,-38.8304,70,4.67,70,-22.459
71,-37.4156,71,-29.0156,71,11.5748,71,-2.7281,71,-30.9608,71,-29.6464,71,-73.3097,71,-47.5737,71,-30.4396,71,-57.2549,71,-9.135,71,2.1941,71,-68.9055,71,-24.4019,71,-58.4311,71,6.1794,71,-15.8578,71,-38.4763,71,-92.3202,71,-52.2959,71,-46.0205,71,-37.6675,71,-75.7964,71,-36.519,71,-66.7617,71,-31.2758,71,-78.1226,71,-54.8795,71,-49.5004,71,-25.3312,71,-41.6479,71,-42.8036,71,-58.629,71,-35.9248,71,-33.7824,71,-61.3399,71,-61.3399,71,-72.7419,71,-55.3955,71,-65.6874,71,-33.5144,71,-19.2039,71,-23.3826,71,-73.1306,71,-37.4151,71,-43.7232,71,17.3424,71,-54.505,71,-42.5344,71,-36.3529,71,14.1829,71,-84.5848,71,-41.042,71,-69.7184,71,30.1555,71,-59.3028,71,-47.338,71,10.6371,71,-54.505,71,-29.7893,71,-12.224,71,-28.6411,71,-39.7262,71,17.7646,71,-14.7382,71,-24.7374,71,-12.6403,71,-38.5379,71,-40.6779,71,-41.3047,71,16.3773,71,-39.6845,71,-39.7206,71,-5.685,71,-37.7082,71,11.6595,71,-35.3199,71,15.0702,71,29.721,71,-42.1575,71,-8.128,71,-27.2846,71,-28.0159,71,-58.6358,71,-40.5774,71,-61.7222,71,-36.8825,71,-9.7287,71,-11.1464,71,-28.5495,71,26.5446,71,-60.3833,71,-77.104,71,-28.8095,71,-67.213,71,-28.8128,71,-34.6807,71,-46.9016,71,3.3219,71,-33.458
72,-51.6689,72,-31.741,72,12.9076,72,2.994,72,-22.074,72,-36.3378,72,-76.0197,72,-33.0436,72,-28.1685,72,-63.6894,72,-9.8067,72,7.6274,72,-51.0142,72,-37.141,72,-70.3682,72,-0.3701,72,-12.9251,72,-24.2246,72,-99.9291,72,-49.4056,72,-38.0559,72,-44.5296,72,-72.4765,72,-38.2426,72,-65.5348,72,-48.1237,72,-78.9312,72,-56.0591,72,-36.797,72,-41.6823,72,-39.4296,72,-50.4288,72,-56.8331,72,-39.7006,72,-28.5045,72,-58.5793,72,-58.5793,72,-79.125,72,-59.619,72,-62.1165,72,-58.3722,72,-20.8067,72,-23.7015,72,-89.0121,72,-30.942,72,-55.6116,72,7.5533,72,-66.5397,72,-41.6163,72,-43.1741,72,20.728,72,-75.9396,72,-38.3442,72,-54.3402,72,42.8632,72,-52.0305,72,-40.2268,72,23.4688,72,-39.8615,72,-50.0192,72,-1.0473,72,-21.5462,72,-33.309,72,10.1198,72,-8.1558,72,-23.677,72,-13.6008,72,-26.7821,72,-50.2423,72,-41.9727,72,7.7168,72,-30.0018,72,-33.7993,72,-4.6287,72,-40.7687,72,0.5524,72,-35.0317,72,9.1954,72,35.8845,72,-45.8849,72,-30.331,72,-28.5846,72,-29.7361,72,-48.6751,72,-22.2322,72,-63.9271,72,-48.5024,72,5.6597,72,-7.3599,72,-33.7117,72,26.5715,72,-57.8709,72,-77.4353,72,-23.305,72,-48.3143,72,-36.1893,72,-35.5848,72,-50.3387,72,6.0634,72,-41.356
73,-55.5233,73,-29.1903,73,15.133,73,1.6573,73,-13.9805,73,-45.8386,73,-61.92,73,-19.7156,73,-28.405,73,-63.4524,73,-16.0996,73,0.6631,73,-23.6735,73,-47.8333,73,-87.9655,73,-17.0565,73,-21.9256,73,-19.2377,73,-97.9648,73,-52.144,73,-27.773,73,-51.0244,73,-70.3983,73,-27.6148,73,-69.8302,73,-59.628,73,-74.7919,73,-44.5178,73,-28.1377,73,-62.5741,73,-33.5109,73,-57.3813,73,-44.642,73,-39.4807,73,-13.6028,73,-50.1761,73,-50.1761,73,-70.6852,73,-59.4486,73,-61.6767,73,-80.8941,73,-23.9449,73,-20.2323,73,-82.1209,73,-31.2779,73,-72.9875,73,-13.327,73,-71.4826,73,-39.3651,73,-43.0768,73,7.2023,73,-65.0013,73,-39.3202,73,-38.2028,73,37.7107,73,-43.8629,73,-36.3093,73,24.8917,73,-28.1851,73,-63.1544,73,12.4294,73,-19.5091,73,-25.1652,73,7.0523,73,2.2335,73,-17.5329,73,-7.2234,73,-12.3774,73,-50.3253,73,-35.2629,73,-2.0473,73,-18.3424,73,-35.0267,73,-2.3229,73,-45.2737,73,-8.1852,73,-33.7073,73,1.9554,73,26.8902,73,-39.0322,73,-47.5194,73,-21.1601,73,-26.0051,73,-50.5511,73,-17.8039,73,-63.562,73,-51.2675,73,9.5781,73,-15.8678,73,-23.0728,73,27.8212,73,-58.7203,73,-68.948,73,-19.3328,73,-29.2772,73,-60.2013,73,-35.3889,73,-39.2052,73,14.4884,73,-46.915
74,-57.9257,74,-34.2752,74,18.154,74,1.6748,74,-9.4563,74,-46.5779,74,-41.6673,74,-17.8155,74,-30.5611,74,-54.7414,74,-26.8238,74,-11.9309,74,-7.7599,74,-55.8676,74,-101.2468,74,-35.5395,74,-32.4692,74,-18.4817,74,-84.504,74,-62.4647,74,-29.2347,74,-53.8541,74,-66.5808,74,-17.3473,74,-65.9084,74,-57.0077,74,-65.2803,74,-28.5064,74,-35.6107,74,-76.9921,74,-30.2128,74,-64.2615,74,-37.8488,74,-46.1991,74,-7.2489,74,-39.1732,74,-39.1732,74,-68.3687,74,-51.8605,74,-62.3749,74,-83.7768,74,-36.6546,74,-22.3989,74,-57.7517,74,-41.7567,74,-92.9326,74,-29.5756,74,-68.4398,74,-45.5276,74,-41.2615,74,-15.2576,74,-51.7917,74,-46.9435,74,-40.0387,74,17.2614,74,-39.475,74,-41.6838,74,12.3311,74,-20.8486,74,-59.5397,74,15.9328,74,-19.5986,74,-16.174,74,17.1565,74,1.4121,74,-8.892,74,2.1656,74,-0.9233,74,-40.9131,74,-16.5332,74,-2.8975,74,-11.5738,74,-38.5088,74,-11.4895,74,-57.7416,74,-21.1715,74,-29.8127,74,-4.4738,74,14.7858,74,-20.4499,74,-60.2822,74,-15.6685,74,-9.3959,74,-47.6648,74,-17.3873,74,-57.9541,74,-52.838,74,6.8656,74,-22.6749,74,-11.3217,74,28.8367,74,-68.0494,74,-46.4583,74,-14.0818,74,-28.5539,74,-66.724,74,-20.3767,74,-23.0923,74,22.7342,74,-59.474
75,-62.523,75,-50.8657,75,11.1797,75,2.6697,75,-12.6598,75,-38.3307,75,-19.2891,75,-13.4048,75,-20.6653,75,-40.3335,75,-36.5263,75,-24.8901,75,-12.5171,75,-62.3462,75,-101.2271,75,-49.4335,75,-35.6639,75,-20.4406,75,-75.1963,75,-71.6344,75,-41.9489,75,-52.3664,75,-65.9388,75,-12.8972,75,-56.6557,75,-51.761,75,-55.1307,75,-30.7626,75,-46.091,75,-88.1172,75,-31.8122,75,-66.531,75,-31.8049,75,-54.2186,75,-18.7333,75,-24.8735,75,-24.8735,75,-68.2518,75,-46.8892,75,-52.4877,75,-54.8233,75,-46.2805,75,-41.2246,75,-34.9159,75,-51.0216,75,-89.3441,75,-34.7823,75,-55.6504,75,-56.977,75,-38.8721,75,-38.2297,75,-38.4286,75,-53.9788,75,-56.2429,75,-0.9212,75,-40.2996,75,-41.2341,75,-12.6704,75,-17.095,75,-56.0719,75,18.7962,75,-12.5044,75,-13.5784,75,26.4129,75,-1.6446,75,-4.5644,75,3.7922,75,3.6973,75,-19.5392,75,0.7056,75,-0.1968,75,-12.8341,75,-38.0076,75,-20.0389,75,-64.0568,75,-37.5752,75,-16.6928,75,-9.1588,75,9.3874,75,-10.4484,75,-62.4705,75,-15.7901,75,8.5246,75,-39.1917,75,-10.23,75,-50.3052,75,-53.932,75,0.5453,75,-29.8146,75,-4.1714,75,25.8669,75,-76.3158,75,-23.1605,75,-11.5704,75,-39.498,75,-59.7544,75,-17.35,75,-9.6877,75,16.5823,75,-61.555
76,-67.1013,76,-61.9533,76,-4.8987,76,8.7327,76,-23.1389,76,-26.9285,76,-7.2839,76,-11.1786,76,0.5694,76,-30.6919,76,-37.7304,76,-31.7198,76,-18.3469,76,-51.3634,76,-87.9444,76,-53.0258,76,-39.909,76,-20.152,76,-71.7362,76,-81.6886,76,-54.6012,76,-47.7041,76,-74.3207,76,-16.3422,76,-50.7915,76,-45.7436,76,-55.2926,76,-54.3991,76,-56.4207,76,-86.9165,76,-29.2369,76,-61.4673,76,-17.6996,76,-56.9702,76,-38.4439,76,-11.5451,76,-11.5451,76,-65.087,76,-61.2163,76,-44.3534,76,-15.024,76,-46.0265,76,-61.5603,76,-22.6571,76,-63.3431,76,-69.0016,76,-33.0778,76,-44.3196,76,-59.6373,76,-41.2122,76,-51.641,76,-36.4821,76,-60.3022,76,-69.6424,76,-5.3191,76,-36.7305,76,-38.6689,76,-44.5265,76,-13.59,76,-63.9175,76,8.7514,76,-1.6967,76,-8.8521,76,16.9131,76,-7.9093,76,-2.0523,76,-3.8981,76,6.7132,76,0.3345,76,13.0071,76,3.0216,76,-19.0047,76,-38.7383,76,-25.47,76,-56.4057,76,-44.7433,76,3.3356,76,-13.213,76,10.7381,76,-10.2615,76,-54.8745,76,-16.0938,76,17.2807,76,-34.5511,76,-4.9696,76,-43.8066,76,-39.0555,76,-13.3316,76,-32.4696,76,-2.8663,76,28.4772,76,-67.6764,76,-10.6138,76,-9.7983,76,-53.757,76,-57.5054,76,-25.5765,76,-9.884,76,-6.0422,76,-54.473
77,-66.3648,77,-59.1435,77,-22.3267,77,22.5588,77,-40.5119,77,-19.7761,77,-5.0215,77,-19.0073,77,18.6681,77,-31.9493,77,-37.3005,77,-28.1224,77,-18.4128,77,-30.7914,77,-56.895,77,-50.9411,77,-48.0353,77,-23.0517,77,-66.9991,77,-88.295,77,-62.0212,77,-47.0646,77,-82.0037,77,-19.7072,77,-53.4077,77,-36.7664,77,-56.1995,77,-84.7349,77,-54.7297,77,-81.6323,77,-23.7677,77,-53.9571,77,-8.9454,77,-48.9732,77,-45.0549,77,-14.0518,77,-14.0518,77,-64.6356,77,-63.7671,77,-52.6805,77,18.4668,77,-43.4213,77,-72.0239,77,-12.2119,77,-65.2752,77,-48.4763,77,-31.9905,77,-28.3287,77,-48.5356,77,-55.9189,77,-52.2272,77,-41.3067,77,-70.9496,77,-77.1289,77,-15.1391,77,-41.2869,77,-44.4544,77,-58.8427,77,-16.5388,77,-67.8012,77,-2.36,77,4.6611,77,-3.5985,77,-9.9595,77,-18.714,77,-3.1237,77,-6.1754,77,8.3254,77,10.6847,77,17.2858,77,0.1543,77,-17.9199,77,-45.062,77,-34.5569,77,-43.087,77,-40.3954,77,17.2296,77,-17.1827,77,13.4056,77,-14.9235,77,-38.6266,77,-16.7164,77,11.4781,77,-24.718,77,-9.5165,77,-41.0838,77,-19.5702,77,-23.8062,77,-29.7584,77,-5.8951,77,30.0332,77,-60.356,77,-6.1037,77,-15.3036,77,-64.5971,77,-55.9251,77,-34.7171,77,-10.7093,77,-32.3845,77,-54.401
78,-58.1043,78,-50.5065,78,-27.2864,78,27.2144,78,-61.0463,78,-20.2802,78,-8.8225,78,-33.4141,78,15.3509,78,-34.04,78,-24.3968,78,-19.5088,78,-21.1648,78,-17.5129,78,-39.3701,78,-42.5339,78,-60.3367,78,-25.6213,78,-57.8376,78,-94.7553,78,-63.9423,78,-50.2208,78,-84.3145,78,-21.7996,78,-53.3526,78,-29.4705,78,-62.0213,78,-99.2346,78,-36.7482,78,-78.3857,78,-25.2856,78,-48.2473,78,-11.1674,78,-39.4019,78,-41.933,78,-28.5696,78,-28.5696,78,-63.4635,78,-59.456,78,-62.9881,78,38.6424,78,-40.2551,78,-72.7159,78,-6.0974,78,-59.0807,78,-23.3361,78,-30.4609,78,-20.5363,78,-37.805,78,-77.2677,78,-53.7968,78,-53.2562,78,-75.1325,78,-69.7291,78,-26.0835,78,-53.9161,78,-51.4877,78,-52.5572,78,-16.5226,78,-60.9413,78,-16.9846,78,7.2344,78,-1.8595,78,-38.6798,78,-28.203,78,-4.608,78,-4.5863,78,3.8418,78,11.6779,78,16.11,78,-7.5106,78,-8.0124,78,-54.1358,78,-46.8347,78,-38.6749,78,-27.5292,78,14.9198,78,-22.6676,78,15.3769,78,-22.3873,78,-24.3663,78,-19.4126,78,0.6026,78,-20.1513,78,-19.9382,78,-45.1489,78,-10.236,78,-27.5754,78,-24.4512,78,-8.1719,78,22.6154,78,-61.9744,78,-2.982,78,-22.8797,78,-67.6719,78,-56.2991,78,-32.5689,78,-21.1548,78,-51.4467,78,-69.759
79,-43.6973,79,-45.1426,79,-21.5478,79,21.2682,79,-72.2652,79,-24.2895,79,-4.7491,79,-47.706,79,6.537,79,-32.6903,79,-7.1548,79,-6.4056,79,-22.1396,79,-5.9652,79,-37.9627,79,-24.9354,79,-71.8926,79,-19.5599,79,-52.6908,79,-92.0875,79,-66.1548,79,-47.6439,79,-81.6694,79,-26.9763,79,-43.2591,79,-29.7328,79,-62.8755,79,-94.9994,79,-20.3767,79,-78.9561,79,-38.4752,79,-50.4577,79,-23.5313,79,-36.9831,79,-32.1958,79,-49.614,79,-49.614,79,-68.2234,79,-61.4968,79,-69.4114,79,39.1354,79,-33.0444,79,-67.9239,79,-15.8224,79,-54.7061,79,-14.7828,79,-18.2606,79,-20.3838,79,-39.6535,79,-88.5858,79,-66.465,79,-63.252,79,-81.1056,79,-53.4166,79,-25.1637,79,-68.8415,79,-56.1873,79,-31.3331,79,-20.6718,79,-44.7516,79,-39.2499,79,9.5237,79,1.3118,79,-51.0111,79,-31.8656,79,-0.1059,79,-5.0108,79,-12.7804,79,-0.7592,79,14.9502,79,-14.4461,79,0.8494,79,-53.4083,79,-59.2217,79,-39.5662,79,-17.0657,79,-2.6802,79,-28.6479,79,17.2357,79,-33.6897,79,-23.2253,79,-23.1882,79,-2.0029,79,-31.438,79,-30.9774,79,-45.9719,79,-18.9074,79,-21.9841,79,-15.1018,79,-19.5643,79,3.478,79,-73.8105,79,8.9486,79,-18.9644,79,-53.6164,79,-57.3198,79,-23.3831,79,-23.188,79,-60.4539,79,-80.467
80,-39.9103,80,-18.2441,80,5.9339,80,-60.2274,80,-23.7394,80,12.0181,80,-57.3648,80,8.7736,80,-23.3955,80,-2.9635,80,3.1479,80,-25.3935,80,0.6812,80,-52.2099,80,-3.3736,80,-70.3912,80,-7.7849,80,-46.0796,80,-75.3162,80,-70.9581,80,-41.7495,80,-79.3389,80,-30.9432,80,-27.0101,80,-33.393,80,-60.5322,80,-85.6562,80,-21.4473,80,-76.2513,80,-56.3167,80,-51.5823,80,-42.2636,80,-43.388,80,-10.5252,80,-71.6765,80,-71.6765,80,-68.5136,80,-69.8602,80,-67.1972,80,25.9934,80,-34.1913,80,-61.0363,80,-34.7182,80,-48.8815,80,-23.237,80,-17.5268,80,-48.7479,80,-90.4476,80,-65.1977,80,-69.4938,80,-81.4144,80,-52.3517,80,-17.0061,80,-84.1159,80,-63.1744,80,-10.055,80,-53.6234,80,-18.2442,80,-56.4548,80,0.9296,80,10.4787,80,-49.5101,80,-29.0113,80,11.2384,80,-7.1491,80,-36.649,80,-21.0649,80,15.4883,80,-26.4442,80,2.2975,80,-43.7174,80,-68.507,80,-39.5736,80,-10.0661,80,-13.1281,80,-33.6854,80,20.4804,80,-48.919,80,-34.4009,80,-26.938,80,-8.1392,80,-22.132,80,-2.604,80,-42.0022,80,-27.3182,80,-41.0058,80,-24.7842,80,-16.5462,80,-9.6314,80,-9.1732,80,-77.4384,80,18.6579,80,-5.714,80,-57.2954,80,-15.7037,80,-12.2951,80,-78.9523,80,-78.9523,80,-61.4539,80,-74.806