0,4.8857,0,16.661,0,15.308,0,18.161,0,21.118,0,-3.081,0,10.2155,0,27.267,0,5.593,0,23.524,0,21.223,0,9.718,0,14.1386,0,33.514,0,-11.2311,0,-1.167,0,9.967,0,18.0946,0,3.561,0,13.862,0,16.405,0,19.488,0,26.986,0,34.283,0,-2.193
1,9.0932,1,15.572,1,18.867,1,15.224,1,19.0782,1,2.802,1,11.9835,1,24.392,1,15.909,1,24.249,1,15.587,1,6.354,1,9.8674,1,34.451,1,2.5206,1,6.861,1,12.2196,1,17.2833,1,0.658,1,10.217,1,16.126,1,16.694,1,25.033,1,23.933,1,6.082
2,12.6804,2,17.305,2,17.847,2,9.651,2,10.1655,2,9.148,2,7.0453,2,18.524,2,23.43,2,23.089,2,12.956,2,6.011,2,4.9601,2,23.154,2,6.8174,2,11.084,2,16.2615,2,14.8498,2,-8.017,2,6.397,2,13.665,2,23.066,2,21.842,2,12.138,2,10.157
3,10.7689,3,20.23,3,16.07,3,5.183,3,6.6918,3,12.781,3,3.3321,3,14.125,3,32.254,3,18.334,3,16.46,3,6.647,3,5.9112,3,12.802,3,10.215,3,15.581,3,16.4442,3,12.6737,3,-10.049,3,4.785,3,12.239,3,28.798,3,17.594,3,11.588,3,2.258
4,1.417,4,13.674,4,16.573,4,4.087,4,9.0199,4,12.6,4,7.6063,4,7.998,4,33.885,4,21.584,4,21.575,4,7.151,4,8.6019,4,6.132,4,9.7202,4,23.823,4,15.308,4,13.6573,4,-5.625,4,1.955,4,15.539,4,21.864,4,15.599,4,16.941,4,-5.438
5,-6.103,5,9.221,5,11.56,5,10.527,5,12.1861,5,19.048,5,10.1909,5,8.481,5,27.711,5,27.462,5,22.011,5,10.225,5,14.2459,5,2.738,5,7.6166,5,20.285,5,19.2919,5,13.9621,5,0.351,5,3.4,5,9.292,5,10.897,5,15.56,5,20.355,5,-6.822
6,-2.0027,6,18.153,6,6.626,6,10.895,6,16.4117,6,25.879,6,1.5293,6,16.002,6,25.486,6,22.666,6,19.387,6,16.559,6,13.8926,6,7.15,6,10.857,6,10.368,6,21.7451,6,11.9521,6,7.565,6,5.334,6,0.318,6,9.268,6,21.709,6,19.863,6,-2.31
7,7.9681,7,23.94,7,8.646,7,11.232,7,15.0827,7,24.781,7,-0.8136,7,14.023,7,24.712,7,20.571,7,15.352,7,17.478,7,5.29,7,17.198,7,15.8648,7,9.301,7,15.2484,7,14.3791,7,12.089,7,5.611,7,-1.146,7,15.985,7,20.662,7,15.947,7,4.766
8,11.5549,8,25.488,8,14.313,8,15.094,8,9.6136,8,14.873,8,8.7613,8,7.146,8,24.579,8,23.756,8,14.766,8,14.837,8,-2.9729,8,20.456,8,22.1372,8,14.003,8,8.229,8,16.7112,8,10.057,8,5.495,8,1.915,8,12.212,8,12.449,8,15.052,8,8.212
9,6.5885,9,28.061,9,20.119,9,16.104,9,4.0417,9,6.25,9,13.5654,9,1.212,9,28.316,9,14.595,9,17.03,9,16.36,9,-6.5095,9,18.368,9,23.0552,9,12.186,9,3.9446,9,13.8063,9,8.17,9,6.933,9,9.955,9,6.399,9,10.67,9,9.43,9,6.596
10,3.2658,10,25.229,10,29.581,10,14.841,10,1.4764,10,3.7,10,11.0113,10,-7.002,10,32.797,10,8.149,10,20.078,10,19.845,10,-5.4332,10,21.141,10,15.8655,10,10.948,10,5.5624,10,8.1137,10,5.73,10,6.617,10,18.083,10,5.237,10,15.739,10,1.405,10,10.282
11,1.511,11,21.526,11,35.179,11,14.143,11,6.3286,11,9.379,11,7.4111,11,-8.713,11,32.429,11,10.349,11,21.35,11,20.875,11,3.8631,11,25.699,11,7.1374,11,13.539,11,10.6141,11,3.7685,11,-0.528,11,-3.125,11,29.963,11,5.749,11,19.549,11,2.516,11,14.705
12,2.8072,12,19.172,12,34.301,12,17.407,12,9.2106,12,10.686,12,10.475,12,-2.83,12,23.002,12,10.564,12,17.564,12,20.297,12,9.5921,12,26.284,12,-1.1445,12,13.93,12,18.4576,12,11.3647,12,-2.285,12,-12.643,12,30.616,12,6.701,12,16.87,12,10.445,12,3.649
13,6.6025,13,22.402,13,31.255,13,17.396,13,6.0733,13,8.378,13,8.6484,13,-1.215,13,18.163,13,5.089,13,15.677,13,17.917,13,3.2316,13,23.58,13,-7.8245,13,10.273,13,17.8073,13,17.3081,13,0.04,13,-8.579,13,24.122,13,7.208,13,8.205,13,17.93,13,-1.098
14,10.5068,14,27.154,14,25.586,14,15.642,14,2.5932,14,13.96,14,6.7655,14,-2.434,14,23.61,14,3.42,14,17.905,14,18.104,14,-1.8683,14,22.492,14,-12.796,14,4.762,14,8.7446,14,16.7657,14,3.274,14,0.531,14,14.767,14,0.462,14,6.748,14,21.019,14,8.711
15,9.1579,15,27.67,15,20.167,15,16.63,15,1.0751,15,23.355,15,9.5438,15,-0.875,15,27.591,15,11.827,15,17.528,15,16.301,15,1.1944,15,20.656,15,-17.1005,15,10.898,15,-0.4808,15,9.2593,15,7.945,15,9.343,15,13.088,15,1.777,15,14.96,15,19.031,15,13.904
16,3.2385,16,29.52,16,16.369,16,16.252,16,1.1163,16,14.032,16,12.6643,16,1.59,16,27.266,16,22.374,16,21.271,16,14.135,16,4.525,16,19.349,16,-16.8088,16,22.629,16,-6.1005,16,4.7641,16,12.097,16,13.426,16,17.835,16,8.885,16,15.509,16,14.954,16,13.477
17,1.9249,17,24.569,17,9.554,17,16.219,17,-0.4745,17,11.023,17,12.4194,17,6.204,17,26.925,17,25.978,17,22.438,17,12.389,17,6.9054,17,11.619,17,-12.0953,17,29.05,17,-6.9565,17,8.5824,17,14.754,17,9.937,17,21.933,17,15.827,17,16.068,17,12.252,17,10.044
18,7.7943,18,18.757,18,8.857,18,19.972,18,-3.231,18,10.31,18,9.6183,18,12.089,18,26.547,18,28.464,18,17.585,18,14.3,18,9.1419,18,-1.177,18,-11.4305,18,27.357,18,-4.4857,18,15.6103,18,21.07,18,1.294,18,29.573,18,20.528,18,18.587,18,13.612,18,8.602
19,6.2532,19,17.234,19,11.461,19,18.272,19,-6.2049,19,9.968,19,9.4086,19,11.547,19,25.246,19,32.079,19,14.12,19,15.089,19,8.5514,19,-9.31,19,-14.1043,19,23.907,19,4.5519,19,13.7463,19,25.53,19,-5.668,19,33.768,19,22.194,19,16.76,19,14.922,19,10.208
20,-1.4209,20,16.318,20,11.253,20,17.141,20,3.0505,20,9.803,20,12.2349,20,4.29,20,24.706,20,32.585,20,17.293,20,14.928,20,5.8474,20,-4.251,20,-11.8172,20,17.172,20,8.4148,20,11.4871,20,17.367,20,5.72,20,34.578,20,17.742,20,12.561,20,10.476,20,0.325
21,-5.888,21,21.521,21,6.802,21,13.433,21,4.2794,21,5.475,21,15.5363,21,-4.834,21,21.86,21,37.101,21,23.967,21,20.207,21,5.7025,21,5.843,21,-4.9343,21,8.164,21,7.0728,21,16.3896,21,6.615,21,13.957,21,34.299,21,13.33,21,5.74,21,2.217,21,-1.312
22,-5.9491,22,26.825,22,4.464,22,4.384,22,4.8231,22,3.661,22,15.9149,22,-5.387,22,19.109,22,37.297,22,29.031,22,25.753,22,6.8838,22,5.636,22,0.063,22,3.784,22,4.3066,22,16.4779,22,3.032,22,13.003,22,32.916,22,11.203,22,12.111,22,-6.559,22,5.987
23,-6.0568,23,30.467,23,10.64,23,4.693,23,10.4887,23,4.371,23,13.8986,23,2.315,23,17.739,23,31.413,23,27.824,23,24.818,23,9.9438,23,-0.244,23,1.5317,23,-3.462,23,5.9501,23,6.1161,23,-1.24,23,7.725,23,34.944,23,10.381,23,20.726,23,-9.183,23,11.43
24,-6.9113,24,33.184,24,23.161,24,12.805,24,11.0727,24,5.535,24,8.2422,24,10.705,24,21.552,24,30.123,24,18.262,24,19.043,24,15.1368,24,-5.767,24,1.1508,24,-8.307,24,13.4671,24,1.1071,24,-5.419,24,3.956,24,34.848,24,9.025,24,26.982,24,-4.083,24,10.158
25,-6.7577,25,38.843,25,34.957,25,22.85,25,7.9574,25,9.599,25,1.4134,25,7.665,25,37.047,25,34.872,25,9.036,25,18.811,25,22.0398,25,-8.716,25,-8.2303,25,-7.197,25,18.2663,25,1.8869,25,-3.023,25,6.932,25,27.798,25,3.536,25,24.321,25,3.825,25,5.741
26,-7.5765,26,45.275,26,35.404,26,26.454,26,1.452,26,12.691,26,-2.0591,26,-12.873,26,43.355,26,30.694,26,12.471,26,18.813,26,23.8186,26,-6.576,26,-14.2298,26,-0.693,26,18.8201,26,7.919,26,-0.794,26,12.841,26,20.998,26,2.281,26,19.787,26,11.262,26,4.216
27,-5.0953,27,39.892,27,22.803,27,24.5,27,-2.5916,27,16.686,27,4.7387,27,-20.708,27,41.577,27,20.884,27,21.659,27,12.452,27,23.0201,27,-5.339,27,-14.7067,27,2.464,27,11.2522,27,13.7663,27,-2.995,27,14.441,27,21.887,27,12.99,27,19.706,27,17.283,27,7.044
28,-4.1509,28,33.162,28,11.635,28,19.525,28,-0.1309,28,22.011,28,13.2892,28,-14.407,28,33.861,28,19.16,28,29.995,28,5.514,28,19.5587,28,-6.263,28,-4.8881,28,-2.51,28,7.8383,28,8.8223,28,-2.226,28,9.441,28,18.266,28,21.897,28,21.313,28,18.142,28,14.729
29,-8.5055,29,28.225,29,10.578,29,16.865,29,6.568,29,26.24,29,18.1587,29,0.397,29,22.065,29,22.281,29,24.967,29,9.098,29,12.0195,29,1.586,29,2.5174,29,-8.909,29,5.9655,29,1.9346,29,-0.343,29,-2.271,29,10.914,29,21.195,29,24.98,29,14.355,29,15.873
30,-6.1418,30,28.228,30,16.416,30,9.51,30,13.1739,30,31.227,30,19.7102,30,11.88,30,21.782,30,21.9,30,16.919,30,22.352,30,11.8828,30,14.388,30,2.0928,30,-11.403,30,8.1308,30,0.7353,30,-0.36,30,-6.054,30,9.441,30,18.358,30,23.369,30,14.299,30,11.197
31,3.2283,31,25.947,31,16.278,31,-3.364,31,18.0128,31,31.466,31,8.9047,31,22.6,31,30.053,31,20.001,31,14.304,31,27.232,31,17.8411,31,21.269,31,-6.2015,31,-3.568,31,15.5504,31,1.1162,31,-1.868,31,-0.16,31,8.402,31,16.251,31,16.34,31,21.495,31,8.76
32,7.489,32,21.104,32,20.212,32,-4.64,32,17.8235,32,29.723,32,-2.5167,32,25.055,32,25.883,32,21.677,32,15.126,32,25.08,32,21.6397,32,20.083,32,-15.8255,32,2.912,32,18.3427,32,6.4761,32,-0.134,32,8.003,32,10.398,32,16.891,32,12.268,32,27.86,32,14.536
33,8.9028,33,22.394,33,30.857,33,3.334,33,13.4744,33,21.977,33,-2.9945,33,19.012,33,16.652,33,25.701,33,16.5,33,16.176,33,19.2932,33,13.843,33,-11.4481,33,0.624,33,21.1475,33,7.0989,33,1.292,33,11.545,33,17.772,33,9.874,33,14.206,33,27.889,33,20.626
34,8.5069,34,26.214,34,36.954,34,12.555,34,5.4064,34,16.649,34,7.4679,34,20.564,34,19.083,34,29.822,34,19.96,34,6.172,34,11.63,34,5.795,34,4.7249,34,-6.716,34,24.4844,34,5.5141,34,-0.393,34,8.87,34,20.649,34,1.314,34,16.415,34,29.665,34,14.45
35,4.0306,35,17.575,35,32.045,35,17.384,35,-0.1262,35,17.972,35,13.426,35,21.172,35,28.549,35,30.31,35,21.191,35,10.709,35,8.1104,35,2.669,35,11.5568,35,-11.857,35,22.2603,35,8.141,35,4.783,35,1.157,35,19.788,35,5.135,35,13.943,35,35.452,35,9.167
36,1.6785,36,11.447,36,19.248,36,16.214,36,-0.7531,36,13.327,36,10.4795,36,19.386,36,26.887,36,25.889,36,17.806,36,16.97,36,8.8393,36,4.29,36,9.0629,36,-8.525,36,21.4654,36,15.4914,36,18.689,36,-1.5,36,19.667,36,16.058,36,8.903,36,31.062,36,7.969
37,9.475,37,13.045,37,7.867,37,14.452,37,0.0921,37,9.981,37,9.4409,37,18.173,37,21.533,37,23.828,37,18.619,37,28.202,37,8.5912,37,8.562,37,8.3089,37,6.322,37,20.2928,37,19.6966,37,29.376,37,-2.29,37,17.721,37,18.6,37,10.935,37,19.764,37,5.457
38,10.6274,38,11.823,38,8.119,38,12.691,38,-1.1919,38,4.851,38,13.3609,38,19.108,38,12.434,38,29.426,38,22.883,38,32.823,38,10.6645,38,18.062,38,7.6371,38,19.89,38,15.5966,38,10.2508,38,30.86,38,-0.535,38,13.808,38,15.061,38,15.932,38,12.727,38,3.656
39,3.4148,39,10.835,39,2.027,39,8.491,39,0.4657,39,0.585,39,25.1119,39,17.74,39,0.707,39,33.054,39,24.908,39,23.037,39,14.0046,39,30.832,39,5.9092,39,21.135,39,10.1624,39,0.4235,39,27.25,39,5.527,39,12.725,39,8.311,39,10.851,39,13.477,39,8.874
40,-3.1803,40,10.364,40,6.448,40,6.365,40,1.1203,40,-0.929,40,32.2001,40,11.169,40,-1.743,40,28.18,40,19.537,40,8.677,40,15.4472,40,37.528,40,4.2376,40,16.218,40,8.772,40,-0.6038,40,24.761,40,9.065,40,16.184,40,5.881,40,7.111,40,14.101,40,19.159
41,-7.6965,41,15.536,41,15.308,41,11.088,41,4.737,41,5.009,41,30.5127,41,10.915,41,5.281,41,22.183,41,11.269,41,5.458,41,21.4701,41,35.324,41,-4.8909,41,9.877,41,12.0181,41,11.5162,41,24,41,11.999,41,23.33,41,14.997,41,10.079,41,13.713,41,24.837
42,-15.8614,42,23.168,42,23.85,42,12.856,42,8.5053,42,13.502,42,18.3859,42,16.309,42,13.545,42,26.632,42,9.597,42,5.389,42,27.3471,42,28.264,42,-14.4875,42,4.614,42,15.7979,42,19.2229,42,24.278,42,15.635,42,28.161,42,22.718,42,12.73,42,11.421,42,14.256
43,-21.492,43,27.65,43,28.748,43,4.721,43,9.2899,43,22.185,43,10.1493,43,18.405,43,13.926,43,33.562,43,8.789,43,14.664,43,22.6286,43,21.419,43,-17.553,43,2.599,43,21.927,43,16.3443,43,19.971,43,17.618,43,24.598,43,21.71,43,13.15,43,13.689,43,2.761
44,-19.738,44,22.706,44,28.467,44,-0.886,44,1.822,44,19.073,44,18.9934,44,17.933,44,3.059,44,32.535,44,5.968,44,23.177,44,15.1006,44,20.351,44,-20.2449,44,9.329,44,24.0904,44,4.7754,44,10.686,44,19.175,44,15.525,44,23.636,44,12.91,44,15.87,44,-1.336
45,-14.4419,45,16.205,45,26.627,45,6.023,45,3.4455,45,7.063,45,17.1249,45,19.049,45,-10.644,45,31.214,45,7.959,45,23.592,45,15.7025,45,20.239,45,-29.3483,45,16.665,45,34.1235,45,-7.2775,45,5.108,45,18.983,45,10.48,45,27.96,45,13.175,45,13.563,45,-5.143
46,-10.4907,46,8.703,46,23.277,46,16.065,46,2.4848,46,6.203,46,-0.0738,46,12.816,46,-20.788,46,28.968,46,14.841,46,24.387,46,18.7821,46,15.443,46,-43.5519,46,12.123,46,42.3865,46,-14.9799,46,3.124,46,10.358,46,9.056,46,29.183,46,6.914,46,11.234,46,-9.464
47,-11.5772,47,16.621,47,14.582,47,15.914,47,-2.8782,47,8.546,47,-11.2125,47,4.284,47,-31.293,47,17.201,47,17.337,47,15.851,47,20.1007,47,6.281,47,-54.6467,47,4.877,47,38.2572,47,-17.8364,47,-0.877,47,5.427,47,8.442,47,24.206,47,-2.384,47,9.439,47,-14.391
48,-19.7084,48,24.908,48,1.952,48,8.965,48,-2.5642,48,1.132,48,-7.8855,48,-1.161,48,-44.659,48,2.807,48,11.254,48,0.746,48,20.9785,48,-6.92,48,-58.8046,48,-1.458,48,23.1286,48,-20.7828,48,-5.217,48,1.304,48,9.838,48,18.407,48,-4.199,48,0.231,48,-25.149
49,-35.3649,49,27.006,49,-6.803,49,7.455,49,-2.796,49,-5.499,49,-0.4266,49,-9.742,49,-54.684,49,-2.63,49,5.165,49,-11.225,49,13.0923,49,-17.144,49,-55.4731,49,2.515,49,9.0079,49,-30.2237,49,-7.243,49,-2.324,49,17.664,49,11.679,49,-0.953,49,-13.024,49,-31.829
50,-48.3515,50,34.238,50,-5.991,50,9.032,50,-0.9235,50,-8.022,50,-1.1222,50,-15.539,50,-61.418,50,-4.833,50,3.799,50,-18.597,50,-2.2855,50,-18.852,50,-48.2208,50,7.842,50,4.789,50,-34.7066,50,-12.2,50,-7.411,50,12.546,50,-8.444,50,-4.675,50,-16.423,50,-35.409
51,-52.6346,51,42.233,51,6.903,51,10.815,51,7.4322,51,-5.345,51,-2.2641,51,-18.972,51,-57.7,51,-10.742,51,3.641,51,-28.324,51,-17.382,51,-21.273,51,-44.2495,51,1.615,51,5.8665,51,-32.345,51,-20.306,51,-12.591,51,-2.525,51,-24.645,51,-15.774,51,-11.984,51,-39.59
52,-53.9464,52,40.512,52,17.618,52,9.653,52,16.4113,52,3.041,52,-14.1663,52,-19.624,52,-49.847,52,-14.372,52,4.97,52,-42.473,52,-31.8378,52,-30.03,52,-47.6052,52,-9.131,52,-1.1827,52,-28.493,52,-25.275,52,-23.946,52,-11.85,52,-34.16,52,-29.241,52,-14.72,52,-38.451
53,-50.2796,53,30.534,53,14.801,53,1.9,53,18.6192,53,9.219,53,-29.9045,53,-22.572,53,-44.515,53,-20.587,53,2.356,53,-51.285,53,-41.5094,53,-36.252,53,-50.8986,53,-19.593,53,-17.8023,53,-34.3469,53,-28.754,53,-36.559,53,-21.733,53,-40.67,53,-43.463,53,-28.835,53,-35.013
54,-46.3771,54,20.613,54,3.412,54,-4.267,54,11.5278,54,11.704,54,-38.7087,54,-26.542,54,-38.636,54,-35.498,54,-10.078,54,-47.628,54,-43.1878,54,-37.979,54,-54.5458,54,-30.086,54,-32.8003,54,-37.608,54,-31.744,54,-45.191,54,-33.999,54,-46.641,54,-53.336,54,-40.287,54,-40.629
55,-49.8474,55,16.593,55,-3.803,55,-6.598,55,1.7362,55,5.35,55,-42.1515,55,-30.298,55,-44.183,55,-53.304,55,-25.735,55,-42.336,55,-43.0303,55,-45.906,55,-56.8896,55,-46.473,55,-38.8574,55,-40.2982,55,-38.599,55,-58.643,55,-46.233,55,-45.346,55,-60.102,55,-42.365,55,-45.186
56,-60.4948,56,17.462,56,-3.166,56,-12.135,56,-6.4867,56,-16.961,56,-47.9208,56,-33.329,56,-49.636,56,-64.408,56,-36.701,56,-39.842,56,-45.7219,56,-59.368,56,-55.829,56,-52.692,56,-42.0924,56,-42.8545,56,-50.635,56,-64.828,56,-57.519,56,-31.958,56,-61.915,56,-45.068,56,-47.675
57,-59.5884,57,11.037,57,-9.759,57,-21.433,57,-16.5472,57,-34.946,57,-56.5377,57,-40.061,57,-54.511,57,-68.993,57,-41.363,57,-41.001,57,-51.4884,57,-68.943,57,-53.6415,57,-54.13,57,-42.1595,57,-47.2381,57,-55.7,57,-65.437,57,-66.549,57,-28.068,57,-64.827,57,-52.987,57,-52.327
58,-54.4196,58,-6.066,58,-23.167,58,-32.5,58,-18.3476,58,-44.446,58,-60.785,58,-52.411,58,-59.329,58,-68.876,58,-48.295,58,-47.039,58,-50.4932,58,-70.602,58,-55.1336,58,-56.495,58,-41.468,58,-43.7454,58,-54.388,58,-64.42,58,-69.8,58,-38.803,58,-70.022,58,-55.029,58,-57.711
59,-52.6841,59,-20.914,59,-38.207,59,-40.465,59,-16.5919,59,-43.654,59,-61.3289,59,-56.107,59,-57.317,59,-60.741,59,-59.927,59,-58.671,59,-45.6333,59,-67.33,59,-53.742,59,-61.819,59,-40.3847,59,-40.3338,59,-54.992,59,-63.99,59,-63.613,59,-42.945,59,-73.655,59,-49.738,59,-63.149
60,-50.5894,60,-32.114,60,-51.019,60,-45.834,60,-20.336,60,-36.39,60,-55.8703,60,-57.496,60,-56.174,60,-46.405,60,-61.942,60,-64.871,60,-47.7138,60,-59.647,60,-50.3712,60,-62.485,60,-35.4423,60,-37.4291,60,-57.851,60,-66.503,60,-49.025,60,-47.426,60,-73.946,60,-45.343,60,-63.724
61,-45.9746,61,-43.195,61,-53.174,61,-51.779,61,-32.9817,61,-35.935,61,-50.3322,61,-61.525,61,-58.352,61,-35.151,61,-54.973,61,-61.805,61,-52.3423,61,-54.237,61,-53.6586,61,-56.729,61,-31.8584,61,-39.1116,61,-61.314,61,-69.131,61,-39.995,61,-53.192,61,-69,61,-48.635,61,-49.737
62,-40.9473,62,-53.64,62,-51.041,62,-57.99,62,-55.9642,62,-38.79,62,-52.0397,62,-65.144,62,-60.21,62,-36.425,62,-48.561,62,-56.81,62,-56.0534,62,-54.758,62,-54.8281,62,-51.313,62,-27.9694,62,-44.1763,62,-63.753,62,-70.461,62,-41.16,62,-55.264,62,-63.817,62,-52.855,62,-32.63
63,-39.7633,63,-59.631,63,-47.261,63,-59.46,63,-68.8023,63,-42.722,63,-54.6955,63,-63.93,63,-66.283,63,-43.391,63,-53.78,63,-54.705,63,-56.5138,63,-56.648,63,-56.4858,63,-51.972,63,-30.0568,63,-49.4635,63,-65.094,63,-54.365,63,-42.268,63,-58.658,63,-67.54,63,-48.537,63,-38.496
64,-45.0152,64,-58.175,64,-44.316,64,-52.685,64,-71.2296,64,-48.597,64,-53.3282,64,-61.173,64,-64.929,64,-50.149,64,-63.022,64,-50.28,64,-52.0725,64,-53.11,64,-63.652,64,-58.768,64,-35.9169,64,-50.8543,64,-66.546,64,-52.982,64,-43.046,64,-64.783,64,-74.686,64,-40.206,64,-51.722
65,-53.1142,65,-57.055,65,-53.539,65,-46.168,65,-65.5818,65,-59.965,65,-48.3199,65,-57.294,65,-56.501,65,-56.403,65,-70.536,65,-50.369,65,-49.4392,65,-48.785,65,-66.0095,65,-67.444,65,-43.1563,65,-47.782,65,-64.968,65,-64.539,65,-47.816,65,-69.075,65,-70.462,65,-45.845,65,-63.313
66,-58.685,66,-57.8,66,-60.375,66,-46.303,66,-59.4049,66,-60.53,66,-45.7066,66,-54.345,66,-50.551,66,-54.992,66,-72.065,66,-49.81,66,-49.1983,66,-50.395,66,-60.6348,66,-77.669,66,-39.973,66,-48.4006,66,-64.698,66,-73.014,66,-52.084,66,-69.14,66,-64.523,66,-53.144,66,-63.754
67,-59.9509,67,-58.42,67,-55.542,67,-45.649,67,-67.622,67,-53.956,67,-44.457,67,-57.447,67,-52.769,67,-49.579,67,-65.396,67,-52.937,67,-50.204,67,-54.459,67,-53.3521,67,-77.561,67,-33.2638,67,-44.5879,67,-66.193,67,-75.229,67,-54.831,67,-63.392,67,-63.869,67,-55.991,67,-52.091
68,-57.0833,68,-52.98,68,-56.811,68,-46.554,68,-73.163,68,-55.824,68,-53.2677,68,-64.969,68,-57.232,68,-49.672,68,-52.448,68,-50.029,68,-55.0577,68,-57.997,68,-43.2985,68,-70.5,68,-35.0047,68,-36.6998,68,-64.293,68,-76.185,68,-59.645,68,-55.259,68,-64.168,68,-53.753,68,-42.531
69,-50.9261,69,-51.556,69,-55.3,69,-52.083,69,-74.1079,69,-67.35,69,-60.0345,69,-70.136,69,-57.718,69,-49.723,69,-54.085,69,-50.909,69,-61.2755,69,-62.782,69,-38.8258,69,-63.793,69,-44.5947,69,-31.304,69,-58.252,69,-69.263,69,-59.027,69,-57.534,69,-59.88,69,-55.011,69,-50.959
70,-50.9555,70,-44.602,70,-51.306,70,-55.128,70,-72.2463,70,-67.371,70,-58.681,70,-65.424,70,-55.508,70,-49.556,70,-62.661,70,-53.607,70,-61.8276,70,-65.358,70,-39.7267,70,-62.265,70,-50.8367,70,-29.3282,70,-53.792,70,-66.226,70,-64.572,70,-60.244,70,-58.644,70,-61.648,70,-66.137
71,-50.3567,71,-44.882,71,-48.758,71,-43.591,71,-63.6971,71,-60.579,71,-55.8427,71,-59.14,71,-54.91,71,-52.296,71,-65.911,71,-59.861,71,-58.5554,71,-63.13,71,-39.4805,71,-58.587,71,-52.4932,71,-29.0169,71,-56.645,71,-75.756,71,-63.727,71,-60.484,71,-68.052,71,-64.877,71,-70.861
72,-47.8047,72,-54.549,72,-51.721,72,-41.206,72,-58.5647,72,-52.671,72,-55.739,72,-68.491,72,-55.958,72,-52.534,72,-66.645,72,-61.143,72,-59.9191,72,-61.332,72,-44.1658,72,-53.851,72,-49.3535,72,-38.6373,72,-64.195,72,-76.271,72,-59.313,72,-59.295,72,-77.389,72,-61.135,72,-71.268
73,-43.8901,73,-56.068,73,-52.626,73,-49.07,73,-61.0298,73,-49.712,73,-54.5531,73,-81.739,73,-53.271,73,-51.725,73,-69.332,73,-61.215,73,-60.3073,73,-59.266,73,-48.4076,73,-57.977,73,-41.5499,73,-52.3176,73,-63.824,73,-62.14,73,-51.777,73,-55.248,73,-81.406,73,-63,73,-66.227
74,-39.0753,74,-50.052,74,-46.341,74,-56.556,74,-63.0858,74,-48.173,74,-56.4292,74,-87.172,74,-47.865,74,-55.074,74,-65.923,74,-56.984,74,-55.8806,74,-54.602,74,-46.647,74,-67.593,74,-30.8861,74,-53.1989,74,-55.307,74,-59.686,74,-53.11,74,-49.602,74,-76.674,74,-65.136,74,-60.466
75,-33.7447,75,-44.541,75,-44.952,75,-54.304,75,-60.3849,75,-51.903,75,-56.1577,75,-78.982,75,-43.844,75,-59.94,75,-60.846,75,-54.899,75,-53.2304,75,-51.189,75,-43.2114,75,-69.117,75,-27.3303,75,-52.1102,75,-49.355,75,-64.037,75,-63.886,75,-44.075,75,-68.457,75,-57.725,75,-60.706
76,-34.5344,76,-49.133,76,-51.919,76,-48.568,76,-60.6,76,-56.782,76,-50.8625,76,-60.225,76,-46.204,76,-64.433,76,-56.606,76,-58.114,76,-51.245,76,-51.637,76,-42.1275,76,-66.393,76,-29.4131,76,-51.5533,76,-46.383,76,-70.357,76,-66.602,76,-39.21,76,-62.745,76,-53.348,76,-57.951
77,-41.5001,77,-57.667,77,-60.747,77,-51.148,77,-69.2165,77,-60.029,77,-51.8912,77,-48.519,77,-52.657,77,-68.438,77,-52.824,77,-57.238,77,-44.2532,77,-52.291,77,-43.0274,77,-67.014,77,-36.4714,77,-51.2663,77,-44.256,77,-73.741,77,-63.595,77,-35.401,77,-60.517,77,-52.736,77,-52.048
78,-52.872,78,-65.687,78,-60.842,78,-55.129,78,-71.9944,78,-68.535,78,-54.7288,78,-52.946,78,-53.545,78,-67.466,78,-53.584,78,-49.421,78,-38.4324,78,-46.63,78,-43.4244,78,-70.103,78,-40.5572,78,-49.8457,78,-43.975,78,-78.017,78,-61.506,78,-35.978,78,-58.7,78,-51.126,78,-45.972
79,-60.745,79,-68.312,79,-54.805,79,-54.918,79,-68.0257,79,-72.668,79,-56.7088,79,-59.128,79,-51.482,79,-69.45,79,-54.339,79,-48.91,79,-41.6205,79,-39.554,79,-42.5341,79,-73.945,79,-42.4879,79,-49.8232,79,-46.05,79,-73.285,79,-59.506,79,-40.284,79,-51.753,79,-49.498,79,-39.259
80,-62.5288,80,-70.183,80,-53.929,80,-55.481,80,-65.2359,80,-66.099,80,-55.9128,80,-64.411,80,-47.881,80,-65.007,80,-50.723,80,-53.335,80,-46.125,80,-42.325,80,-47.0672,80,-73.562,80,-44.62,80,-55.1646,80,-39.314,80,-61.507,80,-55.421,80,-44.501,80,-52.125,80,-58.384,80,-30.102
81,-61.5158,81,-68.58,81,-63.923,81,-52.5,81,-64.7108,81,-54.854,81,-50.5105,81,-68.354,81,-43.808,81,-52.695,81,-44.428,81,-50.833,81,-46.0081,81,-52.163,81,-52.5061,81,-69.019,81,-46.5346,81,-61.8648,81,-24.859,81,-38.561,81,-37.129,81,-49.013,81,-55.263,81,-68.889,81,-19.086
82,-55.2005,82,-62.12,82,-73.391,82,-44.879,82,-59.7061,82,-49.711,82,-32.1177,82,-63.47,82,-32.574,82,-43.523,82,-40.15,82,-44.117,82,-43.358,82,-58.62,82,-56.823,82,-68.084,82,-44.1324,82,-60.6363,82,-11.138,82,-18.908,82,-19.24,82,-59.391,82,-54.753,82,-72.907,82,-10.084
83,-45.409,83,-53.651,83,-73.005,83,-45.049,83,-62.4095,83,-51.426,83,-11.785,83,-62.402,83,-34.797,83,-41.19,83,-34.196,83,-37.979,83,-41.8821,83,-56.487,83,-55.3002,83,-68.802,83,-33.9785,83,-53.048,83,-2.712,83,-4.779,83,2.433,83,-73.29,83,-44.646,83,-72.867,83,-9.409
84,-43.0223,84,-54.829,84,-67.912,84,-50.507,84,-60.0662,84,-47.921,84,5.2745,84,-61.422,84,-44.409,84,-41.49,84,-17.542,84,-29.185,84,-44.6945,84,-45.119,84,-50.2446,84,-55.436,84,-27.3216,84,-52.0277,84,1.922,84,-3.675,84,19.593,84,-75.984,84,-26.226,84,-67.982,84,-5.638
85,-39.5875,85,-60.089,85,-60.811,85,-53.511,85,-40.5868,85,-43.049,85,15.374,85,-46.904,85,-46.066,85,-41.025,85,-1.512,85,-20.219,85,-41.9046,85,-26.272,85,-40.4101,85,-38.367,85,-21.6211,85,-52.7242,85,7.347,85,-0.205,85,24.533,85,-70.774,85,-16.114,85,-65.291,85,-0.87
86,-34.7055,86,-63.802,86,-51.62,86,-53.394,86,-20.351,86,-35.732,86,21.5244,86,-26.157,86,-42.132,86,-37.273,86,8.765,86,-9.995,86,-29.0405,86,-9.555,86,-24.996,86,-19.296,86,-8.3465,86,-50.7835,86,17.873,86,1.983,86,27.463,86,-56.881,86,-19.985,86,-64.162,86,-2.142
87,-29.2402,87,-57.248,87,-45.217,87,-57.636,87,-6.9037,87,-23.579,87,18.5644,87,-12.62,87,-38.666,87,-32.633,87,12.846,87,3.086,87,-15.9143,87,-7.139,87,-18.9082,87,-6.652,87,6.2661,87,-48.1738,87,30.08,87,-1.944,87,29.375,87,-41.52,87,-26.291,87,-59.137,87,-2.696
88,-22.7072,88,-52.65,88,-41.877,88,-65.008,88,1.3185,88,-9.941,88,12.7807,88,-4.757,88,-31.763,88,-25.645,88,14.62,88,12.446,88,-4.2561,88,-10.245,88,-13.2145,88,-4.866,88,12.6459,88,-42.2629,88,34.687,88,-1.35,88,29.248,88,-27.224,88,-31.882,88,-53.582,88,2.925
89,-11.3794,89,-49.294,89,-38.085,89,-65.911,89,4.2734,89,2.151,89,7.5601,89,0.52,89,-22.345,89,-4.987,89,16.789,89,11.814,89,6.5648,89,-9.473,89,-7.4779,89,-1.593,89,10.9437,89,-36.4938,89,31.249,89,8.062,89,25.712,89,-18.838,89,-31.896,89,-53.387,89,7.264
90,-1.0017,90,-42.156,90,-39.999,90,-56.842,90,8.3086,90,7.607,90,8.7674,90,3.783,90,-10.742,90,14.864,90,19.082,90,14.987,90,14.351,90,-7.486,90,-1.8717,90,5.22,90,7.4634,90,-32.9548,90,27.472,90,16.414,90,20.086,90,-13.052,90,-22.875,90,-43.399,90,15.131
91,9.5306,91,-36.671,91,-42.033,91,-42.627,91,17.7109,91,4.069,91,10.4363,91,7.152,91,1.293,91,26.898,91,19.718,91,16.518,91,15.7317,91,-9.384,91,3.6088,91,6.175,91,4.4072,91,-31.0327,91,27.953,91,15.429,91,18.066,91,-5.765,91,-2.749,91,-42.855,91,14.999
92,14.4111,92,-33.13,92,-44.817,92,-31.887,92,20.6561,92,-4.406,92,13.7525,92,13.034,92,12.892,92,33.921,92,18.166,92,21.281,92,13.5603,92,-11.949,92,8.617,92,4.851,92,2.4478,92,-29.3033,92,27.185,92,6.088,92,26.833,92,0.7,92,12.525,92,-45.562,92,17.043
93,17.7667,93,-15.988,93,-49.851,93,-29.866,93,19.4739,93,-5.763,93,17.7062,93,15.323,93,18.019,93,41.076,93,20.139,93,15.847,93,17.7653,93,-10.828,93,10.8827,93,3.095,93,3.5675,93,-27.6486,93,18.184,93,-0.443,93,26.451,93,6.072,93,19.23,93,-48.159,93,23.416
94,22.01,94,1.783,94,-44.332,94,-37.746,94,20.7123,94,-3.463,94,21.3541,94,16.522,94,21.315,94,43.628,94,21.326,94,9.889,94,25.9051,94,-2.048,94,12.9576,94,3.086,94,19.3087,94,-22.7847,94,6.01,94,1.336,94,29.572,94,-0.449,94,17.739,94,-45.617,94,28.773
95,23.0244,95,8.102,95,-33.492,95,-31.992,95,19.4596,95,0.015,95,24.0961,95,18.256,95,25.473,95,29.446,95,20.31,95,2.788,95,25.1445,95,12.029,95,12.2401,95,3.015,95,31.7091,95,-8.9548,95,2.052,95,8.344,95,35.677,95,-1.304,95,16.834,95,-33.979,95,33.16
96,22.3975,96,10.031,96,-22.738,96,-14.675,96,21.7042,96,5.989,96,27.2281,96,16.924,96,25.161,96,16.461,96,18.744,96,0.967,96,21.8956,96,23.587,96,6.0649,96,-4.449,96,29.4085,96,2.2973,96,7.667,96,9.182,96,32.675,96,1.85,96,11.541,96,-19.476,96,31.392
97,23.3988,97,12.14,97,-20.162,97,6.888,97,23.1651,97,11.58,97,27.7067,97,8.773,97,19.353,97,10.072,97,17.551,97,8.593,97,21.381,97,25.117,97,1.4594,97,-12.386,97,17.8255,97,5.2904,97,13.202,97,10.793,97,20.07,97,7.827,97,9.519,97,-7.08,97,22.436
98,19.8283,98,19.391,98,-12.192,98,24.362,98,14.3595,98,8.055,98,28.219,98,4.241,98,13.606,98,6.871,98,18.736,98,19.47,98,13.7699,98,18.644,98,-0.7993,98,-13.729,98,9.9546,98,1.647,98,12.431,98,13.287,98,13.147,98,6.645,98,15.307,98,0.997,98,9.449
99,16.4391,99,22.057,99,-11.707,99,34.474,99,3.083,99,3.608,99,25.3671,99,4.222,99,8.596,99,4.453,99,21.059,99,19.268,99,3.8805,99,8.652,99,-0.2317,99,-9.574,99,11.3425,99,-0.8894,99,9.434,99,5.207,99,15.363,99,4.406,99,24.157,99,0.487,99,5.551
100,16.9275,100,22.561,100,-5.683,100,34.334,100,2.7848,100,9.315,100,20.1595,100,2.665,100,6.054,100,10.959,100,26.12,100,13.693,100,-2.0566,100,0.444,100,4.851,100,-9.922,100,16.7054,100,-0.9083,100,11.03,100,0.17,100,18.215,100,3.547,100,31.023,100,0.114,100,10.468
101,16.0097,101,21.978,101,2.73,101,32.267,101,9.677,101,11.235,101,17.2821,101,2.841,101,15.4,101,14.139,101,29.296,101,8.527,101,-4.402,101,0.602,101,12.5305,101,-8.495,101,10.9761,101,-0.3248,101,15.782,101,6.109,101,27.295,101,5.023,101,27.728,101,1.862,101,12.746
102,5.6994,102,15.879,102,-5.365,102,33.06,102,14.1715,102,12.48,102,11.9871,102,10.082,102,23.133,102,11.296,102,22.795,102,7.636,102,-1.8852,102,4.616,102,21.539,102,-5.335,102,4.9796,102,-1.5336,102,14.61,102,15.61,102,32.748,102,9.513,102,25.793,102,5.086,102,12.225
103,-3.6299,103,10.968,103,-11.478,103,30.951,103,18.0419,103,12.646,103,9.0438,103,16.588,103,23.618,103,12.63,103,16.704,103,12.418,103,1.0674,103,5.241,103,21.6813,103,-2.054,103,6.3421,103,2.2611,103,9.811,103,27.056,103,28.272,103,15.189,103,20.826,103,10.432,103,6.781
104,-7.5248,104,5.644,104,-8.609,104,24.21,104,16.0565,104,13.08,104,9.8753,104,14.537,104,21.122,104,12.2,104,16.634,104,20.852,104,-0.0274,104,2.115,104,14.1285,104,-2.105,104,4.994,104,6.3705,104,6.248,104,25.811,104,13.525,104,16.531,104,18.931,104,10.419,104,3.952
105,-7.2046,105,5.139,105,-5.171,105,16.828,105,4.6416,105,15.971,105,15.0966,105,10.795,105,15.599,105,6.751,105,17.966,105,30.188,105,2.6472,105,2.949,105,8.4207,105,-12.824,105,6.9081,105,13.1664,105,1.819,105,22.606,105,8.243,105,15.416,105,15.368,105,3.799,105,4.251
106,-2.459,106,3.414,106,1.482,106,10.147,106,-5.8492,106,16.96,106,10.6568,106,13.782,106,5.609,106,9.238,106,19.928,106,36.058,106,11.5872,106,5.976,106,4.8849,106,-25.554,106,11.8515,106,17.0418,106,0.436,106,24.438,106,12.792,106,10.894,106,11.87,106,8.268,106,-3.444
107,3.0281,107,-0.727,107,8.003,107,11.827,107,-4.8871,107,15.422,107,5.491,107,18.027,107,3.792,107,15.853,107,22.999,107,33.671,107,19.2904,107,11.654,107,5.4332,107,-26.627,107,19.2278,107,12.9741,107,1.797,107,19.991,107,17.149,107,9.025,107,8.74,107,16.645,107,-6.222
108,5.2396,108,1.144,108,6.732,108,16.824,108,-8.6423,108,11.996,108,2.9891,108,15.788,108,5.843,108,16.068,108,18.17,108,23.552,108,24.2463,108,19.362,108,11.1989,108,-18.323,108,26.1314,108,6.6149,108,3.11,108,18.612,108,12.169,108,10.33,108,10.221,108,23.244,108,-0.569
109,6.4922,109,8.393,109,4.671,109,18.394,109,-12.9983,109,8.865,109,10.302,109,14.506,109,10.793,109,13.063,109,14.902,109,20.214,109,23.0675,109,20.783,109,15.9522,109,-6.006,109,29.4575,109,8.7412,109,3.468,109,15.176,109,4.949,109,17.035,109,5.352,109,27.289,109,2.308
110,6.0434,110,14.414,110,9.41,110,20.279,110,-13.5583,110,6.026,110,17.6598,110,16.034,110,20.5,110,11.824,110,17.895,110,22.125,110,16.4723,110,13.787,110,16.7796,110,-2.968,110,27.5127,110,11.347,110,0.639,110,6,110,1.05,110,22.54,110,1.018,110,30.732,110,-3.065
111,4.7568,111,17.462,111,18.468,111,22.744,111,-13.1637,111,10.581,111,18.9124,111,16.139,111,19.036,111,11.643,111,12.028,111,24.958,111,9.5402,111,2.146,111,15.32,111,-4.08,111,21.7364,111,11.0749,111,2.316,111,6.106,111,0.084,111,23.935,111,5.948,111,35.151,111,-2.894
112,7.8811,112,18.826,112,24.586,112,20.235,112,-10.4282,112,17.993,112,19.0084,112,9.582,112,19.046,112,9.589,112,9.81,112,24.562,112,3.2325,112,-3.499,112,17.3128,112,-7.791,112,22.3553,112,11.5005,112,6.938,112,9.546,112,8.054,112,19.169,112,12.619,112,29.479,112,0.715
113,9.6838,113,19.547,113,25.233,113,17.627,113,-5.5844,113,16.987,113,20.5925,113,0.972,113,19.778,113,6.512,113,11.325,113,18.489,113,4.3049,113,-0.408,113,21.9423,113,-8.103,113,26.4547,113,13.0776,113,5.984,113,15.392,113,12.885,113,19.254,113,8.225,113,15.267,113,6.692
114,8.0305,114,18.195,114,17.16,114,14.1,114,-1.8665,114,13.785,114,24.6526,114,-4.409,114,15.207,114,6.965,114,12.001,114,14.984,114,9.51,114,1.544,114,23.8813,114,1.964,114,19.5007,114,9.4749,114,5.036,114,10.328,114,13.495,114,20.582,114,0.003,114,11.557,114,9.698
115,12.1813,115,14.648,115,2.94,115,17.028,115,2.1418,115,8.126,115,27.24,115,-3.852,115,9.75,115,16.174,115,11.426,115,20.576,115,10.2179,115,0.828,115,22.6456,115,6.053,115,7.0038,115,5.0293,115,12.059,115,7.058,115,11.921,115,18.595,115,-3.505,115,10.47,115,8.531
116,22.0837,116,13.452,116,-0.281,116,16.625,116,10.815,116,10.384,116,17.3293,116,-3.696,116,7.3,116,23.259,116,7.481,116,21.368,116,12.2898,116,1.509,116,16.2752,116,2.069,116,1.5925,116,-1.6122,116,15.681,116,5.563,116,12.45,116,18.465,116,-4.185,116,18.546,116,5.258
117,22.6287,117,17.565,117,6.598,117,11.594,117,16.7052,117,19.162,117,5.377,117,-5.228,117,7.054,117,25.542,117,1.613,117,21.592,117,16.2517,117,7.6,117,4.0647,117,-2.079,117,-1.5702,117,1.5049,117,16.296,117,3.17,117,12.613,117,21.092,117,-0.941,117,24.587,117,-5.113
118,16.7021,118,12.165,118,9.141,118,9.716,118,13.9927,118,27.059,118,2.0002,118,-3.73,118,4.685,118,21.514,118,-6.925,118,22.769,118,17.0645,118,14.432,118,-5.4195,118,-0.992,118,-2.4523,118,5.708,118,20.667,118,-1.54,118,13.109,118,19.844,118,0.396,118,23.194,118,-9.516
119,10.917,119,5.531,119,7.59,119,11.975,119,12.4664,119,34.3,119,-0.7728,119,-0.276,119,4.683,119,16.064,119,-8.173,119,26.241,119,17.1982,119,15.255,119,-0.2712,119,5.509,119,-3.9477,119,10.2507,119,23,119,-10.905,119,13.04,119,16.683,119,0.039,119,21.878,119,-2.306
120,9.8389,120,6.757,120,9.431,120,19.704,120,10.2979,120,23.326,120,-4.9459,120,4.056,120,10.545,120,16.112,120,-0.803,120,26.403,120,19.8068,120,13.242,120,6.0736,120,15.121,120,-3.7332,120,3.3038,120,20.778,120,-18.339,120,11.837,120,17.657,120,1.933,120,16.956,120,3.373
121,15.131,121,3.998,121,8.413,121,27.229,121,3.1592,121,10.637,121,-6.2646,121,7.526,121,16.671,121,15.586,121,11.831,121,18.613,121,20.4026,121,10.658,121,13.0344,121,23.942,121,1.8509,121,-3.3886,121,13.028,121,-17.936,121,9.643,121,23.944,121,7.704,121,10.454,121,8.093
122,22.828,122,-0.507,122,0.687,122,27.166,122,5.3961,122,7.816,122,-0.0708,122,5.082,122,20.232,122,18.198,122,22.777,122,16.143,122,17.665,122,12.452,122,10.8881,122,21.915,122,10.4368,122,-5.2015,122,2.938,122,-12.047,122,6.674,122,24.864,122,11.746,122,5.65,122,11.948
123,27.3454,123,-2.093,123,-3.763,123,26.432,123,9.7829,123,13.923,123,4.1682,123,4.263,123,23.024,123,22.311,123,25.625,123,19.813,123,11.8726,123,15.912,123,-2.9107,123,13.26,123,14.2596,123,-5.6942,123,-5.232,123,-7.005,123,8.3,123,29.344,123,13.235,123,4.883,123,10.115
124,24.3764,124,-3.301,124,-1.755,124,21.583,124,13.8684,124,23.492,124,5.4612,124,0.176,124,20.145,124,18.193,124,23.12,124,22.722,124,2.8196,124,15.721,124,-0.773,124,5.828,124,15.3079,124,-6.1215,124,-7.091,124,-8.884,124,18.259,124,30.587,124,7.781,124,12.171,124,12.904
125,19.5112,125,4.184,125,2.747,125,12.857,125,13.0088,125,19.632,125,6.4359,125,1.248,125,14.012,125,15.753,125,17.423,125,19.788,125,-7.4387,125,13.513,125,11.2914,125,2.016,125,11.3492,125,0.5384,125,-8.648,125,-9.408,125,25.853,125,23.67,125,10.629,125,13.042,125,11.019
126,16.8538,126,8.034,126,10.948,126,8.72,126,8.3689,126,11.823,126,12.3077,126,6.134,126,10.604,126,15.733,126,8.893,126,11.653,126,-13.8712,126,12.741,126,7.1053,126,-1.069,126,8.9695,126,5.8018,126,-12.882,126,-9.295,126,22.904,126,14.981,126,16.995,126,6.293,126,5.682
127,15.8897,127,12.198,127,17.928,127,14.172,127,2.1534,127,11.161,127,11.1121,127,7.882,127,13.233,127,17.968,127,-1.081,127,9.341,127,-14.9342,127,11.597,127,-0.8621,127,-3.115,127,7.4221,127,6.8102,127,-15.671,127,-10.092,127,18.36,127,11.873,127,17.827,127,-2.661,127,5.012
128,22.7296,128,16.568,128,16.605,128,20.242,128,2.5796,128,21.319,128,14.0864,128,9.118,128,24.517,128,18.047,128,-4.131,128,17.944,128,-13.1831,128,7.977,128,-7.9639,128,-3.067,128,6.9866,128,8.4519,128,-13.734,128,-10.413,128,21.943,128,11.514,128,16.076,128,-14.601,128,8.393
129,24.4303,129,15.03,129,15.39,129,23.726,129,10.044,129,24.447,129,21.6201,129,5.131,129,30.76,129,14.851,129,-6.848,129,27.499,129,-12.0824,129,4.805,129,-11.3679,129,-0.052,129,10.3803,129,14.0479,129,-10.432,129,-14.476,129,17.408,129,14.834,129,21.387,129,-23.191,129,8.751
130,16.6013,130,13.861,130,26.086,130,23.28,130,12.5873,130,10.178,130,30.9616,130,1.061,130,27.68,130,9.427,130,-12.075,130,31.823,130,-6.5762,130,5.39,130,-7.3719,130,4.521,130,17.5316,130,21.7853,130,-7.781,130,-18.977,130,7.78,130,22.605,130,26.974,130,-17.06,130,4.662
131,10.3913,131,20.226,131,26.12,131,11.4,131,10.1859,131,2.386,131,34.0578,131,-3.885,131,19.075,131,5.205,131,-12.642,131,31.781,131,-2.3273,131,11.377,131,-5.7814,131,13.234,131,18.2982,131,19.8702,131,-6.198,131,-15.084,131,7.78,131,24.032,131,29.298,131,-1.26,131,6.29
132,8.3447,132,25.884,132,21.692,132,0.436,132,10.4987,132,4.505,132,32.2275,132,2.776,132,7.801,132,9.371,132,-9.073,132,30.58,132,-4.3438,132,15.887,132,-6.8673,132,8.546,132,16.0417,132,12.6449,132,-1.999,132,-9.79,132,15.783,132,20.805,132,27.456,132,7.924,132,12.801
133,11.2915,133,28.776,133,17.617,133,-7.069,133,13.1208,133,6.168,133,26.3245,133,12.185,133,0.255,133,16.292,133,-1.363,133,25.318,133,-3.6185,133,14.735,133,-10.0863,133,0.586,133,13.9484,133,4.5578,133,3.077,133,-16.397,133,14.09,133,18.55,133,17.936,133,10.865,133,10.85
134,16.6512,134,29.394,134,14.234,134,-1.004,134,14.1993,134,7.861,134,16.438,134,8.91,134,-5.601,134,21.557,134,2.788,134,19.012,134,-0.4185,134,16.048,134,-18.6364,134,-2.101,134,14.5299,134,0.3889,134,8.32,134,-22.433,134,9.546,134,15.929,134,0.765,134,12.265,134,5.667