1,-76.5337,1,-60.9707,1,-37.0322,1,-67.8623,1,-56.4331,1,-60.1889,1,-61.175,1,-56.1649,1,-56.6427,1,-52.3648,1,-63.6212,1,-62.1749,1,-81.1639,1,-73.4127,1,-64.2525,1,-72.459,1,-66.9966,1,-64.0238,1,-84.9963,1,-70.0867,1,-64.996,1,-74.0057,1,-69.1028,1,-51.0473,1,-59.4979,1,-55.2893,1,-53.2086,1,-64.305,1,-68.2381,1,-73.4064,1,-67.9654,1,-64.5973,1,-86.208,1,-57.7431,1,-44.8153,1,-61.4521,1,-56.5891,1,-61.7749,1,-64.6887,1,-64.5422,1,-56.1367,1,-72.36,1,-57.3913,1,-71.5452,1,-51.9024,1,-68.5732,1,-67.3055,1,-70.1047,1,-69.8703,1,-67.7717,1,-54.2799,1,-67.6329,1,-47.9184,1,-61.069,1,-59.0412,1,-48.5425,1,-64.6088,1,-71.8978,1,-64.5262,1,-68.0061,1,-59.1503,1,-54.7615,1,-68.7747,1,-57.9706,1,-63.9592,1,-59.2362,1,-75.7705,1,-62.4823,1,-54.8774,1,-55.4984,1,-54.771,1,-70.7587,1,-45.0827,1,-63.5445,1,-61.9592,1,-63.44,1,-45.2432,1,-47.6378,1,-58.8603,1,-61.2206,1,-60.1535,1,-37.4765,1,-81.4527,1,-72.6402,1,-31.7605,1,-56.1759,1,-74.972,1,-45.1903,1,-71.5239,1,-46.7394,1,-58.3069,1,-62.6738,1,-40.5644,1,-57.065,1,-42.5158,1,-62.0591,1,-71.675,1,-65.2486,1,-69.85,1,-59.341
2,-72.5344,2,-63.1997,2,-36.5328,2,-68.3632,2,-62.3868,2,-57.4029,2,-60.6366,2,-65.1862,2,-61.5967,2,-47.3647,2,-67.8256,2,-62.0535,2,-80.2846,2,-74.3405,2,-68.4411,2,-69.5507,2,-74.7762,2,-69.0688,2,-78.1435,2,-74.6042,2,-65.9356,2,-65.0723,2,-73.4755,2,-57.6696,2,-64.2605,2,-57.7458,2,-59.3232,2,-69.1271,2,-66.4052,2,-69.5147,2,-70.6768,2,-66.873,2,-83.0306,2,-54.6187,2,-49.1513,2,-68.6279,2,-53.972,2,-64.6662,2,-63.1827,2,-60.8905,2,-52.5915,2,-78.8681,2,-53.1236,2,-66.5036,2,-48.8366,2,-68.383,2,-72.0794,2,-65.6454,2,-64.8278,2,-63.3885,2,-61.6141,2,-64.5247,2,-40.7517,2,-61.6501,2,-59.9963,2,-50.0762,2,-61.6603,2,-72.4498,2,-62.7777,2,-69.3308,2,-56.2087,2,-53.1982,2,-65.4051,2,-59.1651,2,-62.9216,2,-54.6823,2,-67.719,2,-62.3148,2,-61.0346,2,-48.9056,2,-56.9251,2,-72.9852,2,-37.3288,2,-71.7632,2,-64.9758,2,-66.1554,2,-52.8066,2,-52.9802,2,-53.7381,2,-55.9691,2,-63.5059,2,-36.7459,2,-76.3844,2,-72.082,2,-30.6513,2,-54.2718,2,-67.4156,2,-40.019,2,-66.383,2,-46.0529,2,-59.2163,2,-63.9426,2,-44.6187,2,-60.4773,2,-43.9087,2,-60.299,2,-61.8519,2,-59.0396,2,-72.6828,2,-58.8518
3,-71.9219,3,-67.2231,3,-38.064,3,-71.1968,3,-65.936,3,-56.8112,3,-62.381,3,-69.856,3,-66.3752,3,-40.6624,3,-65.9837,3,-61.0338,3,-74.6755,3,-71.6768,3,-68.3571,3,-62.8296,3,-75.5859,3,-68.012,3,-74.704,3,-75.3162,3,-72.2312,3,-55.7974,3,-76.4998,3,-63.5,3,-61.9878,3,-63.688,3,-70.6064,3,-74.2307,3,-63.9883,3,-72.6217,3,-64.1057,3,-65.5445,3,-79.285,3,-55.783,3,-57.9414,3,-70.0245,3,-50.6447,3,-68.5037,3,-64.5178,3,-59.4432,3,-58.1854,3,-81.3387,3,-50.3887,3,-65.3735,3,-44.9013,3,-60.6301,3,-74.3475,3,-63.2757,3,-60.729,3,-63.5091,3,-60.4629,3,-62.549,3,-38.1665,3,-63.732,3,-56.4942,3,-53.9673,3,-61.7382,3,-74.8738,3,-58.5982,3,-67.6191,3,-53.1557,3,-60.2467,3,-52.3943,3,-64.4044,3,-66.6194,3,-53.1921,3,-61.9285,3,-65.0576,3,-59.804,3,-43.0468,3,-56.5134,3,-79.9231,3,-33.8674,3,-71.1946,3,-63.6946,3,-59.853,3,-59.9247,3,-53.8812,3,-59.1276,3,-53.1119,3,-68.3095,3,-39.4131,3,-70.2365,3,-72.7839,3,-37.4798,3,-61.4466,3,-57.2111,3,-41.7471,3,-57.8187,3,-48.7927,3,-59.9934,3,-72.1302,3,-48.0106,3,-62.3221,3,-43.8253,3,-57.5295,3,-54.2758,3,-55.734,3,-73.9,3,-56.356
4,-72.0565,4,-69.0934,4,-40.4225,4,-74.9017,4,-66.7894,4,-52.8451,4,-64.3242,4,-67.6812,4,-68.6167,4,-47.0241,4,-64.3111,4,-61.6973,4,-70.1424,4,-68.1488,4,-64.4114,4,-58.3495,4,-71.6679,4,-65.7003,4,-71.0472,4,-72.0723,4,-74.3542,4,-56.5944,4,-79.8694,4,-63.9588,4,-58.9646,4,-66.6978,4,-72.7343,4,-80.7356,4,-69.4312,4,-76.8038,4,-58.4109,4,-62.4007,4,-76.7875,4,-60.876,4,-65.8959,4,-64.8695,4,-49.2463,4,-67.5698,4,-73.0081,4,-62.8722,4,-62.7317,4,-80.1473,4,-51.4703,4,-72.337,4,-42.83,4,-51.6487,4,-75.7129,4,-62.9042,4,-59.7686,4,-64.9711,4,-57.7507,4,-61.4465,4,-39.6877,4,-64.4704,4,-54.4824,4,-51.3674,4,-60.9275,4,-79.9474,4,-59.4895,4,-67.256,4,-49.602,4,-65.73,4,-47.5694,4,-67.4858,4,-68.5953,4,-62.4634,4,-61.6269,4,-65.0746,4,-54.8972,4,-44.2385,4,-56.1611,4,-85.888,4,-37.4623,4,-68.5587,4,-59.4243,4,-57.9042,4,-52.0755,4,-54.16,4,-65.7014,4,-51.4144,4,-68.8714,4,-41.0273,4,-66.1401,4,-70.3422,4,-50.8511,4,-70.9496,4,-49.754,4,-45.4026,4,-54.1076,4,-56.8237,4,-59.7757,4,-78.6739,4,-52.7301,4,-64.4652,4,-43.0754,4,-52.5102,4,-57.6589,4,-55.3263,4,-75.2149,4,-55.2245
5,-70.4639,5,-66.3296,5,-39.9747,5,-78.2806,5,-67.2859,5,-50.753,5,-61.9197,5,-65.3194,5,-73.1842,5,-55.0509,5,-67.4537,5,-62.8309,5,-69.1253,5,-64.2663,5,-60.5172,5,-51.7633,5,-69.9564,5,-62.5465,5,-64.6359,5,-66.8966,5,-69.7722,5,-61.6405,5,-79.1741,5,-62.7437,5,-55.4244,5,-63.9027,5,-69.7456,5,-85.9069,5,-77.2682,5,-77.1346,5,-54.0799,5,-63.801,5,-75.146,5,-63.2441,5,-70.3855,5,-53.4884,5,-54.4633,5,-62.1245,5,-79.2924,5,-65.5887,5,-65.5532,5,-76.2751,5,-55.2113,5,-78.8875,5,-45.5728,5,-47.7135,5,-74.6752,5,-65.3335,5,-62.6178,5,-65.9514,5,-63.5195,5,-55.7999,5,-41.0828,5,-62.049,5,-57.4842,5,-53.9353,5,-55.5397,5,-79.7251,5,-58.13,5,-74.9515,5,-51.7934,5,-64.1662,5,-52.9669,5,-58.317,5,-65.393,5,-69.1366,5,-66.3013,5,-64.0006,5,-49.361,5,-51.368,5,-54.6128,5,-84.0766,5,-44.5384,5,-63.1631,5,-55.0325,5,-58.3424,5,-43.0421,5,-58.4573,5,-63.3853,5,-52.2498,5,-64.09,5,-41.7513,5,-59.7846,5,-63.9984,5,-59.6989,5,-78.5245,5,-49.4748,5,-47.6452,5,-58.6864,5,-57.2729,5,-62.548,5,-79.8375,5,-61.7633,5,-65.4605,5,-43.066,5,-50.8492,5,-64.962,5,-55.1452,5,-72.3366,5,-56.3537
6,-66.055,6,-60.4671,6,-38.0682,6,-74.2707,6,-68.9519,6,-52.6248,6,-58.1963,6,-70.2302,6,-74.1691,6,-52.7246,6,-70.6133,6,-64.2903,6,-68.4799,6,-62.2819,6,-61.5659,6,-49.4246,6,-70.044,6,-59.1445,6,-61.4943,6,-60.4397,6,-62.9229,6,-65.3155,6,-72.6458,6,-63.7004,6,-49.5809,6,-59.5597,6,-67.4486,6,-81.0776,6,-76.4525,6,-75.5692,6,-51.4994,6,-69.0011,6,-67.7647,6,-65.7424,6,-73.3309,6,-48.1827,6,-57.2617,6,-55.008,6,-81.2022,6,-63.7805,6,-66.5366,6,-71.1622,6,-57.5535,6,-76.929,6,-50.4475,6,-49.0485,6,-71.225,6,-67.5219,6,-64.5114,6,-66.0817,6,-65.6321,6,-51.3525,6,-43.4432,6,-59.7928,6,-64.6955,6,-57.5899,6,-56.5546,6,-76.1416,6,-54.657,6,-76.7419,6,-56.3889,6,-62.3999,6,-61.0067,6,-50.3911,6,-61.6206,6,-70.1721,6,-66.2829,6,-63.385,6,-45.6297,6,-51.4355,6,-52.053,6,-74.7844,6,-52.5639,6,-52.3729,6,-57.9321,6,-55.8101,6,-41.6063,6,-62.2053,6,-58.763,6,-54.9708,6,-51.799,6,-42.7303,6,-56.4029,6,-59.221,6,-58.6012,6,-78.8331,6,-49.3869,6,-50.4587,6,-60.8204,6,-52.4368,6,-66.4505,6,-77.2868,6,-69.491,6,-67.9769,6,-42.0307,6,-52.883,6,-67.7069,6,-64.4803,6,-74.9164,6,-56.5078
7,-61.3593,7,-58.4635,7,-38.4071,7,-70.3798,7,-70.5256,7,-54.9032,7,-55.7508,7,-73.0316,7,-71.44,7,-46.2677,7,-67.1493,7,-66.2111,7,-69.6451,7,-62.5952,7,-68.7589,7,-56.3893,7,-71.1938,7,-62.3017,7,-67.4848,7,-56.2456,7,-55.4678,7,-67.8815,7,-66.37,7,-62.8344,7,-43.3207,7,-60.7552,7,-65.549,7,-70.1846,7,-69.9623,7,-76.7277,7,-48.3188,7,-66.8824,7,-64.5574,7,-68.0911,7,-65.3009,7,-54.4235,7,-55.0739,7,-51.9113,7,-76.596,7,-64.3858,7,-64.5638,7,-68.7137,7,-59.5168,7,-66.7162,7,-55.287,7,-51.7736,7,-71.6797,7,-69.2026,7,-62.2634,7,-64.7379,7,-65.8512,7,-53.8458,7,-44.9706,7,-64.5222,7,-62.1061,7,-60.0287,7,-62.3272,7,-67.7788,7,-51.7685,7,-72.9907,7,-58.437,7,-66.2421,7,-68.6716,7,-49.4424,7,-59.074,7,-66.9932,7,-61.6023,7,-67.2603,7,-43.2806,7,-45.8651,7,-55.1628,7,-67.5585,7,-59.3068,7,-49.7417,7,-59.1133,7,-56.2814,7,-44.255,7,-66.4332,7,-60.8789,7,-55.9226,7,-41.9563,7,-46.6589,7,-57.8556,7,-55.3235,7,-50.8382,7,-76.0877,7,-53.0621,7,-46.1201,7,-59.8883,7,-48.4503,7,-67.9996,7,-74.8351,7,-71.6917,7,-65.7495,7,-37.5959,7,-48.3305,7,-58.7088,7,-66.0233,7,-73.2307,7,-50.995
8,-56.4877,8,-58.2747,8,-37.4066,8,-67.9058,8,-68.4277,8,-55.6229,8,-59.3663,8,-74.097,8,-68.6008,8,-42.5792,8,-65.4739,8,-70.3235,8,-74.4022,8,-63.054,8,-66.772,8,-62.3557,8,-69.3394,8,-67.1149,8,-77.7243,8,-52.6098,8,-53.1789,8,-69.6323,8,-70.2088,8,-58.1735,8,-38.9082,8,-61.9137,8,-63.0737,8,-64.2939,8,-66.602,8,-77.6505,8,-46.3367,8,-64.7651,8,-66.323,8,-67.408,8,-62.7954,8,-60.659,8,-54.4197,8,-52.3793,8,-73.9073,8,-65.6856,8,-61.5974,8,-72.4203,8,-52.2258,8,-55.7864,8,-61.8271,8,-50.3814,8,-75.9973,8,-71.1309,8,-63.43,8,-62.983,8,-70.4617,8,-60.2261,8,-43.5838,8,-73.0996,8,-53.8728,8,-66.2789,8,-67.4222,8,-56.658,8,-54.538,8,-66.444,8,-59.923,8,-64.2319,8,-70.0431,8,-50.6508,8,-56.9228,8,-61.221,8,-61.0414,8,-74.5647,8,-44.1075,8,-45.4899,8,-59.3647,8,-66.9029,8,-59.5116,8,-54.049,8,-51.317,8,-53.762,8,-44.3337,8,-71.066,8,-63.0025,8,-55.7299,8,-43.3337,8,-48.7929,8,-65.2083,8,-57.1096,8,-44.7119,8,-73.4819,8,-55.0449,8,-44.9384,8,-58.7862,8,-42.1865,8,-67.1344,8,-73.4408,8,-61.7992,8,-59.2613,8,-35.1723,8,-45.4901,8,-55.4037,8,-60.4521,8,-72.8857,8,-45.236
9,-52.7187,9,-55.3083,9,-42.9223,9,-65.5495,9,-65.0422,9,-56.5415,9,-61.9745,9,-73.6788,9,-65.832,9,-39.7406,9,-63.6476,9,-70.7245,9,-75.8749,9,-62.0327,9,-54.9574,9,-65.0948,9,-64.6085,9,-73.2145,9,-77.5163,9,-51.8927,9,-55.0182,9,-69.4256,9,-72.2141,9,-52.799,9,-39.1749,9,-58.3858,9,-57.2168,9,-60.3643,9,-66.9674,9,-77.9456,9,-44.5706,9,-64.4695,9,-71.7037,9,-63.0882,9,-69.2173,9,-59.4339,9,-56.2404,9,-54.1773,9,-75.4785,9,-68.2832,9,-64.0359,9,-80.0666,9,-46.5277,9,-49.8201,9,-62.2785,9,-51.4529,9,-71.0279,9,-71.7583,9,-64.1346,9,-63.1712,9,-75.0726,9,-60.529,9,-44.0558,9,-77.1817,9,-56.0583,9,-62.3811,9,-71.0481,9,-50.2438,9,-57.9004,9,-59.5062,9,-58.3654,9,-62.072,9,-67.0075,9,-51.6527,9,-54.5193,9,-55.7669,9,-60.4322,9,-77.5819,9,-52.5303,9,-48.945,9,-62.6507,9,-63.0343,9,-57.6576,9,-58.3563,9,-45.1114,9,-48.0463,9,-46.3937,9,-66.8721,9,-59.3074,9,-58.8292,9,-50.4137,9,-48.2953,9,-67.7489,9,-61.2228,9,-45.4363,9,-78.4744,9,-52.9316,9,-45.7015,9,-58.5836,9,-34.8564,9,-70.5156,9,-68.2472,9,-53.0617,9,-54.8679,9,-38.5306,9,-48.576,9,-55.7504,9,-54.2553,9,-73.8929,9,-45.4081
10,-51.6428,10,-52.2919,10,-54.6804,10,-63.913,10,-63.6138,10,-56.8989,10,-61.4365,10,-70.3163,10,-69.414,10,-38.0386,10,-59.2996,10,-68.0936,10,-80.2846,10,-61.8512,10,-47.1786,10,-68.9934,10,-60.6301,10,-83.5496,10,-68.5289,10,-52.2632,10,-60.494,10,-70.0836,10,-66.9528,10,-53.7798,10,-44.4785,10,-53.5639,10,-51.4213,10,-57.4667,10,-67.6919,10,-74.6787,10,-47.5177,10,-63.8783,10,-76.3334,10,-58.4057,10,-66.1476,10,-56.807,10,-51.2707,10,-52.9246,10,-72.8097,10,-68.0788,10,-65.1908,10,-85.8041,10,-45.9955,10,-50.7712,10,-57.6828,10,-52.9695,10,-56.7133,10,-68.8319,10,-60.3727,10,-61.4324,10,-75.5963,10,-62.1366,10,-46.7793,10,-76.2358,10,-63.2908,10,-50.836,10,-70.8221,10,-50.6264,10,-53.4049,10,-51.4413,10,-49.1465,10,-63.1632,10,-66.3069,10,-54.8858,10,-50.0913,10,-54.0924,10,-58.4116,10,-77.5874,10,-62.9472,10,-53.5131,10,-58.3253,10,-59.1373,10,-53.376,10,-62.407,10,-43.3287,10,-48.2099,10,-53.6608,10,-64.4195,10,-54.6264,10,-57.3551,10,-49.4222,10,-42.965,10,-65.2579,10,-54.7567,10,-49.0153,10,-87.2827,10,-51.2426,10,-46.8201,10,-59.0485,10,-33.9097,10,-67.4825,10,-61.7865,10,-47.3915,10,-52.7735,10,-42.3317,10,-52.5471,10,-53.1868,10,-50.2067,10,-77.4822,10,-47.8789
11,-51.8955,11,-51.713,11,-64.9212,11,-62.6474,11,-61.8329,11,-58.484,11,-58.7094,11,-67.9307,11,-74.4937,11,-40.217,11,-56.0812,11,-67.5215,11,-80.744,11,-65.4473,11,-50.1034,11,-71.8056,11,-62.416,11,-93.937,11,-61.9754,11,-58.3678,11,-66.0592,11,-74.9197,11,-62.7717,11,-52.455,11,-49.5235,11,-56.1426,11,-51.4592,11,-54.9778,11,-70.0052,11,-76.4973,11,-51.566,11,-66.7914,11,-78.9111,11,-60.5562,11,-59.2834,11,-56.8637,11,-43.5137,11,-55.8978,11,-70.4498,11,-66.0287,11,-60.3285,11,-86.5518,11,-48.1464,11,-52.4164,11,-53.2921,11,-61.4113,11,-47.713,11,-64.2951,11,-60.9855,11,-59.3662,11,-70.9864,11,-57.1415,11,-52.1341,11,-74.5882,11,-68.2128,11,-42.2348,11,-68.5634,11,-59.4802,11,-45.7441,11,-44.0659,11,-41.6851,11,-66.4036,11,-66.7018,11,-60.4903,11,-48.6432,11,-54.0246,11,-59.1994,11,-77.8346,11,-63.7687,11,-58.0265,11,-58.0047,11,-60.7912,11,-49.0856,11,-70.0625,11,-38.8097,11,-55.1675,11,-59.9266,11,-69.4209,11,-50.073,11,-50.9008,11,-40.1337,11,-37.0504,11,-64.6529,11,-53.6237,11,-48.6119,11,-81.118,11,-52.1805,11,-49.3599,11,-57.1309,11,-33.5558,11,-57.4892,11,-66.1289,11,-42.0457,11,-49.8564,11,-42.5551,11,-58.4031,11,-58.1086,11,-52.2626,11,-81.5799,11,-48.4409
12,-52.4861,12,-52.312,12,-65.5463,12,-59.6615,12,-63.6128,12,-59.4015,12,-55.1817,12,-66.8419,12,-70.472,12,-45.0173,12,-55.0395,12,-68.5388,12,-80.8925,12,-69.0266,12,-55.8823,12,-73.8923,12,-65.2723,12,-94.0966,12,-61.4787,12,-70.8752,12,-69.6859,12,-75.7803,12,-57.9191,12,-52.4452,12,-53.5597,12,-63.4811,12,-55.1953,12,-53.9589,12,-73.4969,12,-77.6228,12,-48.4331,12,-74.5189,12,-81.3867,12,-69.4286,12,-65.524,12,-66.0277,12,-41.0715,12,-55.565,12,-70.3831,12,-67.2242,12,-52.2593,12,-83.3121,12,-54.5631,12,-54.6359,12,-50.2323,12,-65.9436,12,-45.4727,12,-63.6785,12,-66.4492,12,-61.7941,12,-70.7038,12,-55.9362,12,-56.3235,12,-78.0806,12,-70.3278,12,-43.9272,12,-70.7203,12,-64.377,12,-41.0004,12,-46.6926,12,-43.818,12,-74.2949,12,-67.2004,12,-62.5799,12,-53.1409,12,-56.464,12,-60.4326,12,-79.4523,12,-59.875,12,-59.8151,12,-63.2765,12,-66.6063,12,-46.7126,12,-80.7392,12,-34.6373,12,-64.1143,12,-62.1087,12,-74.9544,12,-47.8744,12,-49.2853,12,-37.3262,12,-36.4687,12,-61.1661,12,-60.7819,12,-47.0045,12,-75.4179,12,-62.3978,12,-53.2907,12,-54.3612,12,-34.2574,12,-53.3791,12,-72.8253,12,-40.877,12,-50.7802,12,-41.3981,12,-62.2845,12,-64.031,12,-58.0762,12,-78.545,12,-48.2995
13,-55.4776,13,-55.695,13,-57.3799,13,-55.4137,13,-66.3566,13,-62.3446,13,-51.8933,13,-64.7386,13,-64.4673,13,-47.0397,13,-53.7542,13,-64.3243,13,-81.9919,13,-71.4161,13,-59.16,13,-68.8537,13,-69.8879,13,-84.5108,13,-58.2283,13,-77.3106,13,-70.6592,13,-69.7438,13,-52.5616,13,-52.5622,13,-57.8514,13,-62.8937,13,-56.7931,13,-55.4503,13,-79.4337,13,-75.7737,13,-48.0562,13,-83.1331,13,-75.982,13,-75.2704,13,-74.9344,13,-74.5351,13,-43.5097,13,-48.4255,13,-69.9925,13,-71.7073,13,-48.5509,13,-75.1949,13,-63.7481,13,-55.3623,13,-47.8345,13,-67.4268,13,-49.7321,13,-65.728,13,-66.0764,13,-66.3431,13,-72.6824,13,-60.7364,13,-62.1758,13,-78.8425,13,-68.5641,13,-55.8378,13,-73.9522,13,-60.3831,13,-36.2597,13,-57.959,13,-49.812,13,-79.9409,13,-68.516,13,-65.3691,13,-61.4593,13,-57.3334,13,-61.4845,13,-77.0215,13,-50.1832,13,-58.5728,13,-64.0109,13,-69.278,13,-46.3076,13,-84.8497,13,-31.3255,13,-66.7959,13,-60.5039,13,-72.6554,13,-49.5414,13,-45.5717,13,-39.3686,13,-43.2957,13,-56.3137,13,-71.5871,13,-45.3157,13,-71.8908,13,-71.5311,13,-57.5795,13,-47.009,13,-34.1035,13,-54.0659,13,-74.9526,13,-46.7306,13,-53.9885,13,-44.074,13,-61.5168,13,-61.1973,13,-61.5113,13,-68.0622,13,-56.1269
14,-62.0875,14,-58.4863,14,-47.3661,14,-57.0782,14,-67.8612,14,-61.3216,14,-47.6131,14,-60.42,14,-67.2167,14,-48.6594,14,-58.0229,14,-59.3217,14,-79.5672,14,-69.1145,14,-56.661,14,-57.1908,14,-72.9101,14,-75.2732,14,-60.161,14,-79.9721,14,-69.2039,14,-64.9167,14,-50.9795,14,-52.1764,14,-56.8382,14,-56.5362,14,-55.4963,14,-56.6862,14,-79.5281,14,-73.6409,14,-54.4846,14,-81.3299,14,-64.6083,14,-73.3844,14,-73.8583,14,-64.8343,14,-44.8302,14,-39.3857,14,-70.5441,14,-72.9972,14,-49.7581,14,-66.6473,14,-66.6918,14,-52.8759,14,-49.5497,14,-65.0032,14,-56.197,14,-65.149,14,-58.8118,14,-70.4556,14,-76.1721,14,-62.7988,14,-61.9159,14,-71.731,14,-67.7151,14,-65.9331,14,-78.2923,14,-54.0051,14,-39.1188,14,-66.3979,14,-54.2157,14,-81.7587,14,-68.9601,14,-71.2627,14,-63.4944,14,-56.7164,14,-64.0627,14,-69.2909,14,-45.3141,14,-57.1269,14,-61.4317,14,-68.8267,14,-45.8756,14,-83.0584,14,-35.5779,14,-71.279,14,-53.703,14,-62.5327,14,-52.8549,14,-38.6476,14,-40.207,14,-50.2775,14,-54.1988,14,-77.3533,14,-46.9035,14,-73.733,14,-74.208,14,-58.6027,14,-39.0526,14,-32.3215,14,-57.0198,14,-72.5818,14,-58.1506,14,-57.4588,14,-45.7485,14,-55.2418,14,-55.9779,14,-62.3202,14,-57.8572,14,-65.9797
15,-65.6763,15,-60.9639,15,-42.5916,15,-60.9407,15,-66.2654,15,-53.5169,15,-45.0097,15,-54.2219,15,-76.8064,15,-52.942,15,-64.534,15,-57.2568,15,-74.9861,15,-65.214,15,-57.1273,15,-49.1441,15,-69.4964,15,-70.6295,15,-67.2322,15,-79.0006,15,-69.007,15,-65.0288,15,-51.3678,15,-50.4448,15,-53.3045,15,-54.7198,15,-51.1165,15,-57.6777,15,-75.9562,15,-80.0222,15,-62.126,15,-75.4739,15,-59.4563,15,-70.5586,15,-65.1999,15,-59.5388,15,-45.0581,15,-36.9446,15,-72.2517,15,-70.2873,15,-51.785,15,-61.4382,15,-65.4515,15,-56.2863,15,-56.9358,15,-57.7775,15,-60.0822,15,-62.1882,15,-50.1327,15,-71.2222,15,-73.3519,15,-60.1826,15,-56.1906,15,-63.2183,15,-66.2783,15,-65.2144,15,-83.6864,15,-52.029,15,-48.421,15,-69.3143,15,-56.103,15,-82.4393,15,-69.8785,15,-74.2078,15,-58.518,15,-58.9802,15,-64.5238,15,-64.5515,15,-44.1038,15,-56.7335,15,-55.1729,15,-67.6983,15,-41.4328,15,-81.2567,15,-45.7966,15,-71.5606,15,-45.3652,15,-52.5419,15,-54.802,15,-38.1887,15,-39.178,15,-51.6706,15,-54.1343,15,-73.0915,15,-47.6639,15,-76.0428,15,-74.3605,15,-53.3838,15,-38.0147,15,-32.0829,15,-58.7587,15,-69.4885,15,-64.4162,15,-58.33,15,-43.1777,15,-49.2536,15,-55.4955,15,-56.3839,15,-50.2126,15,-67.3462
16,-65.7632,16,-64.8888,16,-41.5902,16,-65.4272,16,-65.5691,16,-41.1651,16,-45.0619,16,-54.6916,16,-80.7001,16,-57.9466,16,-67.2044,16,-54.3744,16,-69.6106,16,-67.2396,16,-61.8841,16,-50.2502,16,-64.7405,16,-70.9118,16,-70.8127,16,-74.0983,16,-70.186,16,-67.4834,16,-53.7245,16,-48.3163,16,-48.4659,16,-56.9011,16,-45.8401,16,-59.8006,16,-74.5019,16,-85.4448,16,-67.6943,16,-70.2618,16,-56.7176,16,-71.4892,16,-62.3196,16,-55.8692,16,-43.5864,16,-38.5598,16,-71.8016,16,-62.8483,16,-48.8823,16,-60.8293,16,-65.5123,16,-65.0218,16,-61.1141,16,-53.4326,16,-58.9127,16,-59.6264,16,-45.6194,16,-69.2406,16,-65.7338,16,-59.3923,16,-49.833,16,-59.4212,16,-62.3103,16,-58.2143,16,-86.8358,16,-53.194,16,-53.1526,16,-73.8931,16,-60.9461,16,-82.5113,16,-73.4971,16,-72.1473,16,-57.5434,16,-60.7263,16,-61.3265,16,-68.2092,16,-43.9219,16,-53.9199,16,-51.075,16,-67.9104,16,-41.2053,16,-78.7921,16,-56.6696,16,-64.0025,16,-43.3489,16,-48.9889,16,-61.498,16,-42.0315,16,-44.3037,16,-47.0916,16,-55.8705,16,-69.167,16,-41.7608,16,-68.2578,16,-72.6478,16,-46.1123,16,-41.5934,16,-37.6783,16,-58.7273,16,-61.0193,16,-64.8244,16,-59.7056,16,-41.653,16,-46.1584,16,-54.9773,16,-45.3611,16,-55.3076,16,-65.0158
17,-65.6656,17,-66.9621,17,-38.137,17,-72.0195,17,-66.4061,17,-32.4606,17,-43.2587,17,-57.3548,17,-81.6159,17,-59.4186,17,-68.104,17,-53.5364,17,-65.3588,17,-70.2311,17,-66.3985,17,-56.362,17,-63.2763,17,-72.3535,17,-69.2356,17,-69.343,17,-74.0401,17,-72.2555,17,-60.3203,17,-48.5766,17,-50.66,17,-62.1385,17,-43.3076,17,-63.0568,17,-73.2099,17,-84.32,17,-66.0277,17,-68.4649,17,-58.4021,17,-75.1234,17,-63.5492,17,-52.5047,17,-39.5493,17,-41.8568,17,-68.445,17,-55.3916,17,-51.4274,17,-63.8435,17,-61.1109,17,-68.4574,17,-61.6081,17,-56.7284,17,-55.0909,17,-56.7989,17,-45.5474,17,-64.5203,17,-62.1154,17,-57.6436,17,-45.0786,17,-63.6571,17,-57.2357,17,-51.4347,17,-86.6535,17,-55.5864,17,-52.6693,17,-69.6038,17,-58.1206,17,-80.4765,17,-75.4921,17,-68.4451,17,-54.9901,17,-62.093,17,-58.7271,17,-71.8168,17,-46.2245,17,-52.5286,17,-50.0189,17,-70.7613,17,-41.0081,17,-77.2971,17,-56.3686,17,-60.4767,17,-44.5066,17,-47.2596,17,-64.1685,17,-40.082,17,-51.6418,17,-44.7925,17,-65.5054,17,-67.3074,17,-42.1805,17,-63.1596,17,-64.8878,17,-44.6799,17,-48.0173,17,-47.8221,17,-60.2587,17,-49.0841,17,-66.6485,17,-61.6268,17,-43.3835,17,-50.1443,17,-53.348,17,-41.8253,17,-63.1076,17,-65.8134
18,-59.4898,18,-68.5744,18,-34.2062,18,-76.1413,18,-64.6975,18,-39.6213,18,-37.7501,18,-57.209,18,-89.4076,18,-56.4985,18,-67.7657,18,-56.0889,18,-64.2812,18,-71.1083,18,-69.1064,18,-59.7206,18,-65.3099,18,-69.8683,18,-69.5545,18,-67.327,18,-75.8063,18,-76.5186,18,-66.4233,18,-49.0753,18,-57.8842,18,-63.9805,18,-42.9509,18,-64.8039,18,-70.7599,18,-79.9717,18,-62.0162,18,-70.1658,18,-63.2436,18,-78.2021,18,-74.1753,18,-53.4841,18,-34.3962,18,-45.0815,18,-68.5772,18,-53.4266,18,-62.4725,18,-65.3041,18,-60.2276,18,-62.2986,18,-61.1718,18,-57.4634,18,-54.7299,18,-53.3136,18,-49.2887,18,-60.7709,18,-60.8112,18,-56.2118,18,-41.4899,18,-66.567,18,-57.0361,18,-52.6579,18,-82.0984,18,-56.9653,18,-47.8992,18,-57.456,18,-51.1846,18,-76.3451,18,-73.4772,18,-65.9224,18,-52.7838,18,-65.4306,18,-61.5775,18,-70.2878,18,-51.2136,18,-55.1631,18,-50.106,18,-72.1711,18,-39.3599,18,-78.8121,18,-47.556,18,-58.9681,18,-42.4021,18,-48.4333,18,-67.1769,18,-35.8408,18,-50.6699,18,-48.7405,18,-67.6921,18,-66.8515,18,-43.0459,18,-60.529,18,-55.1311,18,-44.3107,18,-51.8309,18,-60.5081,18,-70.4259,18,-43.1914,18,-72.7545,18,-61.8484,18,-44.6409,18,-57.3744,18,-53.8783,18,-44.3471,18,-71.669,18,-65.9361
19,-52.7105,19,-72.6031,19,-30.9042,19,-71.9761,19,-67.0629,19,-51.2605,19,-30.5661,19,-60.1332,19,-98.0724,19,-51.8905,19,-62.8766,19,-57.6465,19,-65.8003,19,-67.0512,19,-69.9981,19,-61.2966,19,-66.4887,19,-67.3221,19,-76.8177,19,-66.1835,19,-71.8184,19,-76.2252,19,-70.8967,19,-50.5807,19,-63.6653,19,-57.4917,19,-45.2258,19,-64.1343,19,-70.9672,19,-74.5191,19,-64.0583,19,-67.9681,19,-66.1094,19,-79.4337,19,-88.0901,19,-59.801,19,-34.5948,19,-51.5321,19,-70.4296,19,-50.516,19,-69.8974,19,-63.647,19,-65.0292,19,-52.7873,19,-57.2329,19,-54.8746,19,-55.8004,19,-52.1643,19,-56.3863,19,-57.3403,19,-62.7838,19,-54.9114,19,-41.1884,19,-60.1085,19,-59.552,19,-55.8956,19,-77.2982,19,-55.0637,19,-45.7441,19,-46.8299,19,-44.355,19,-75.9765,19,-71.7376,19,-65.1719,19,-53.9856,19,-68.1633,19,-63.8684,19,-64.2198,19,-55.5035,19,-53.6821,19,-51.5288,19,-68.2782,19,-39.9717,19,-79.9206,19,-41.3129,19,-61.1537,19,-43.6993,19,-53.0308,19,-69.2596,19,-41.1266,19,-51.1805,19,-53.003,19,-61.445,19,-63.5021,19,-42.0518,19,-57.2037,19,-50.8627,19,-40.9548,19,-48.8385,19,-66.6941,19,-81.0428,19,-47.2729,19,-77.3405,19,-63.0268,19,-39.854,19,-60.7392,19,-57.7664,19,-47.8713,19,-75.5572,19,-63.0963
20,-53.0106,20,-79.3759,20,-34.8624,20,-62.7018,20,-68.939,20,-57.1839,20,-28.4944,20,-66.0796,20,-94.6234,20,-53.3183,20,-55.906,20,-59.4012,20,-68.0734,20,-63.3736,20,-70.9893,20,-62.7707,20,-62.3286,20,-64.9308,20,-80.4859,20,-66.4851,20,-69.7905,20,-76.3858,20,-74.7782,20,-55.9217,20,-60.5435,20,-50.4471,20,-45.7153,20,-61.8446,20,-75.1608,20,-74.1353,20,-71.0385,20,-65.2048,20,-66.3579,20,-76.6224,20,-87.8816,20,-71.5794,20,-41.9552,20,-55.3738,20,-72.5799,20,-49.8343,20,-65.0203,20,-65.0173,20,-69.5979,20,-43.6199,20,-50.4835,20,-53.4129,20,-53.1043,20,-52.046,20,-60.5446,20,-58.3599,20,-63.2569,20,-57.1498,20,-43.9834,20,-49.9412,20,-59.2291,20,-55.6076,20,-74.0394,20,-53.0872,20,-47.2507,20,-43.0902,20,-42.6951,20,-78.7686,20,-67.497,20,-58.5131,20,-53.9349,20,-64.3993,20,-60.1736,20,-58.3825,20,-51.5368,20,-48.1737,20,-55.4976,20,-62.4126,20,-39.359,20,-76.5471,20,-40.8834,20,-64.9195,20,-51.1636,20,-55.7987,20,-66.4286,20,-50.9934,20,-53.2791,20,-54.4875,20,-61.3898,20,-60.2715,20,-45.2239,20,-45.9221,20,-53.0221,20,-38.3168,20,-48.6995,20,-63.5302,20,-84.5347,20,-53.2794,20,-76.4091,20,-64.5321,20,-31.0932,20,-52.8884,20,-59.8639,20,-52.6117,20,-79.4584,20,-60.2493
21,-59.0814,21,-84.5969,21,-37.2879,21,-57.776,21,-67.4378,21,-53.0004,21,-28.0105,21,-69.0417,21,-89.7971,21,-55.7087,21,-51.8338,21,-65.2914,21,-72.0597,21,-58.3742,21,-66.1803,21,-67.4809,21,-59.3152,21,-65.0066,21,-78.8293,21,-70.5765,21,-76.6756,21,-78.2919,21,-71.8479,21,-55.9013,21,-58.6346,21,-47.0434,21,-43.8787,21,-59.4818,21,-80.7617,21,-73.0074,21,-66.6303,21,-60.527,21,-64.9491,21,-70.7337,21,-81.4048,21,-79.0152,21,-47.8325,21,-54.9883,21,-73.8409,21,-51.7085,21,-56.9437,21,-73.4611,21,-71.2017,21,-36.7549,21,-45.6971,21,-59.2527,21,-52.1918,21,-48.5374,21,-67.2158,21,-63.5718,21,-61.0124,21,-66.1821,21,-47.7624,21,-52.5983,21,-57.386,21,-54.962,21,-70.2155,21,-48.7303,21,-51.1223,21,-43.54,21,-47.0901,21,-78.9686,21,-63.8722,21,-53.8047,21,-55.5106,21,-58.2897,21,-60.5014,21,-55.8435,21,-39.8944,21,-45.6687,21,-59.0656,21,-55.9912,21,-39.535,21,-70.8874,21,-40.8576,21,-64.5187,21,-53.4289,21,-54.4512,21,-60.3385,21,-56.7263,21,-56.6994,21,-55.2377,21,-62.5558,21,-59.3748,21,-52.4677,21,-41.8447,21,-54.2001,21,-40.0779,21,-51.3107,21,-57.8858,21,-80.8676,21,-53.5016,21,-72.5779,21,-65.3958,21,-31.6653,21,-41.181,21,-60.322,21,-54.692,21,-76.5119,21,-62.6816
22,-63.7623,22,-86.4862,22,-36.8292,22,-59.7645,22,-67.7904,22,-47.9491,22,-31.2394,22,-73.0562,22,-89.1118,22,-50.8342,22,-50.2608,22,-70.9867,22,-75.6713,22,-51.5593,22,-63.3226,22,-72.8134,22,-61.5412,22,-63.1628,22,-75.178,22,-74.8909,22,-83.1242,22,-80.549,22,-62.077,22,-50.8129,22,-59.7799,22,-49.1441,22,-43.0364,22,-62.0462,22,-81.3431,22,-70.7705,22,-61.1432,22,-50.675,22,-64.731,22,-68.3385,22,-71.6359,22,-82.3796,22,-48.4513,22,-54.3626,22,-75.3447,22,-59.1565,22,-57.3847,22,-82.14,22,-67.938,22,-38.4376,22,-46.1381,22,-62.5104,22,-54.2639,22,-46.5367,22,-72.587,22,-71.0369,22,-56.6708,22,-69.8071,22,-48.6581,22,-56.5737,22,-57.1236,22,-56.6485,22,-64.7952,22,-45.7947,22,-50.4661,22,-48.5206,22,-49.3011,22,-74.6169,22,-61.7163,22,-53.5745,22,-63.7544,22,-54.0798,22,-60.5319,22,-53.771,22,-35.7661,22,-49.0943,22,-63.2561,22,-50.7706,22,-43.2105,22,-65.5154,22,-42.5432,22,-62.5055,22,-54.1831,22,-50.5057,22,-60.4631,22,-55.9693,22,-62.8689,22,-55.8069,22,-62.6397,22,-57.2379,22,-57.6756,22,-44.5134,22,-52.2208,22,-46.4945,22,-51.5227,22,-55.3877,22,-75.9508,22,-51.2952,22,-66.6851,22,-65.8139,22,-36.884,22,-37.0606,22,-61.4051,22,-50.2177,22,-72.8344,22,-64.1644
23,-58.0269,23,-83.6913,23,-37.8526,23,-61.251,23,-70.4678,23,-44.9653,23,-46.2481,23,-73.622,23,-91.2532,23,-44.5375,23,-51.1526,23,-73.8818,23,-77.3917,23,-50.3603,23,-61.2771,23,-77.4251,23,-66.1224,23,-64.6148,23,-75.4593,23,-73.4056,23,-85.7257,23,-80.0155,23,-58.0046,23,-47.0978,23,-63.8923,23,-52.0113,23,-44.2794,23,-61.9451,23,-82.284,23,-72.7718,23,-60.0221,23,-45.7758,23,-65.8123,23,-70.0676,23,-58.1471,23,-80.7864,23,-51.5388,23,-54.8361,23,-74.1061,23,-61.8886,23,-57.9727,23,-85.1097,23,-63.5867,23,-44.8265,23,-47.4593,23,-65.4805,23,-54.0877,23,-51.8519,23,-71.2798,23,-78.6215,23,-52.0544,23,-69.6592,23,-47.5102,23,-55.7492,23,-56.9313,23,-53.3599,23,-58.2689,23,-48.9139,23,-50.0462,23,-64.8186,23,-43.9679,23,-68.9358,23,-60.0496,23,-59.3953,23,-72.0012,23,-56.8008,23,-59.1797,23,-57.5135,23,-36.9815,23,-51.4043,23,-67.7504,23,-49.0155,23,-51.727,23,-59.5958,23,-50.4382,23,-58.0886,23,-55.0579,23,-50.2874,23,-65.2697,23,-52.6731,23,-66.5222,23,-50.9567,23,-62.2951,23,-58.7848,23,-63.3139,23,-52.6512,23,-52.4412,23,-52.7626,23,-44.7238,23,-54.1936,23,-72.0614,23,-52.5994,23,-58.4082,23,-61.3163,23,-38.8055,23,-42.0452,23,-66.0576,23,-46.3545,23,-65.2268,23,-57.5124
24,-58.2618,24,-81.4923,24,-42.1502,24,-58.5988,24,-72.2074,24,-42.7159,24,-69.6408,24,-73.5788,24,-91.9293,24,-43.1884,24,-51.7332,24,-73.5473,24,-78.768,24,-47.4737,24,-54.1612,24,-79.4848,24,-68.502,24,-64.4882,24,-78.5121,24,-71.526,24,-85.4052,24,-77.686,24,-62.2684,24,-47.7048,24,-68.99,24,-53.4183,24,-45.4312,24,-58.6901,24,-86.7949,24,-74.9593,24,-64.0917,24,-45.9145,24,-70.2029,24,-73.2943,24,-52.964,24,-75.099,24,-52.0618,24,-54.5224,24,-69.8104,24,-56.778,24,-59.2967,24,-84.4037,24,-60.3251,24,-50.7836,24,-50.3406,24,-72.9454,24,-50.2351,24,-61.1632,24,-67.1812,24,-79.8862,24,-51.2228,24,-66.242,24,-50.9192,24,-53.9879,24,-58.4391,24,-49.1106,24,-55.0265,24,-53.6766,24,-49.532,24,-80.9062,24,-45.7797,24,-66.1495,24,-58.783,24,-67.6588,24,-72.3158,24,-65.4497,24,-60.6131,24,-60.5633,24,-33.2085,24,-46.9611,24,-66.5356,24,-49.5457,24,-55.7364,24,-62.0786,24,-57.0244,24,-51.3754,24,-50.5021,24,-55.0043,24,-68.8783,24,-52.7169,24,-65.5513,24,-50.0856,24,-67.4991,24,-61.3288,24,-73.4074,24,-60.849,24,-54.7311,24,-56.0487,24,-39.114,24,-52.7649,24,-70.6724,24,-56.6863,24,-49.1833,24,-59.2054,24,-38.8231,24,-50.4125,24,-77.4289,24,-45.8254,24,-55.7279,24,-50.335
25,-73.5407,25,-82.7475,25,-47.5103,25,-53.4826,25,-68.5855,25,-44.1895,25,-89.3214,25,-73.4536,25,-91.4626,25,-44.5466,25,-62.4695,25,-77.7858,25,-78.4772,25,-40.1244,25,-48.3413,25,-80.2071,25,-67.3036,25,-63.7511,25,-86.0521,25,-72.4863,25,-82.8869,25,-78.8834,25,-71.7478,25,-52.3468,25,-78.4839,25,-58.2969,25,-47.4317,25,-59.0689,25,-95.2607,25,-80.1171,25,-68.0262,25,-47.9525,25,-73.0206,25,-75.1107,25,-59.7378,25,-75.103,25,-49.7596,25,-52.0031,25,-70.4664,25,-53.5921,25,-60.2252,25,-78.7505,25,-63.6427,25,-53.5091,25,-53.2098,25,-78.3715,25,-44.9279,25,-71.6005,25,-61.7534,25,-80.0447,25,-53.9994,25,-67.515,25,-57.2907,25,-54.3676,25,-62.0231,25,-53.6909,25,-55.9132,25,-56.5674,25,-53.3015,25,-95.6205,25,-53.8889,25,-62.7614,25,-58.2335,25,-82.8183,25,-68.8051,25,-71.2424,25,-66.8629,25,-63.5189,25,-27.8979,25,-40.4837,25,-62.8189,25,-50.2669,25,-51.5224,25,-71.3936,25,-57.7937,25,-50.6012,25,-47.2258,25,-57.7934,25,-64.1723,25,-54.8499,25,-67.3515,25,-60.4255,25,-78.5747,25,-60.9745,25,-72.9134,25,-64.6598,25,-54.5563,25,-59.4686,25,-38.7278,25,-52.5223,25,-66.5934,25,-57.4997,25,-41.625,25,-60.0977,25,-38.2187,25,-58.7526,25,-86.4697,25,-47.1865,25,-52.4851,25,-49.3642
26,-94.0013,26,-88.7427,26,-52.3162,26,-49.9218,26,-67.5722,26,-49.0616,26,-103.5201,26,-70.3504,26,-95.7009,26,-45.2076,26,-69.8832,26,-86.3915,26,-80.075,26,-39.7965,26,-47.8127,26,-85.936,26,-66.7026,26,-63.1287,26,-100.7638,26,-73.8196,26,-83.2924,26,-80.3352,26,-81.1823,26,-56.5763,26,-89.0971,26,-64.7639,26,-54.8474,26,-66.9753,26,-105.547,26,-87.1492,26,-70.3406,26,-48.4225,26,-68.1583,26,-73.0983,26,-66.4007,26,-82.2084,26,-50.8575,26,-48.9997,26,-74.1545,26,-53.6463,26,-63.2257,26,-74.2601,26,-69.2918,26,-57.0998,26,-59.3236,26,-81.5666,26,-44.6932,26,-78.6309,26,-60.0161,26,-83.0098,26,-60.8031,26,-67.278,26,-69.7217,26,-58.1702,26,-67.2051,26,-63.0469,26,-60.9842,26,-60.1989,26,-71.235,26,-106.049,26,-67.1929,26,-63.1484,26,-54.1353,26,-106.3715,26,-70.6538,26,-73.1695,26,-74.5467,26,-73.8652,26,-25.4655,26,-37.727,26,-64.3863,26,-48.7695,26,-42.3386,26,-82.5584,26,-54.4865,26,-50.9308,26,-53.3243,26,-63.7879,26,-59.9385,26,-54.6209,26,-77.1713,26,-77.7834,26,-91.9371,26,-73.7084,26,-64.5255,26,-59.4162,26,-57.9659,26,-65.6159,26,-44.8717,26,-52.6435,26,-61.1508,26,-57.288,26,-42.5639,26,-64.2002,26,-37.6272,26,-65.481,26,-86.0083,26,-45.9173,26,-49.8629,26,-47.8042
27,-113.3085,27,-100.355,27,-54.3467,27,-50.1564,27,-76.7811,27,-58.8413,27,-112.6023,27,-69.3671,27,-103.3041,27,-47.5793,27,-76.577,27,-98.0678,27,-85.184,27,-49.1064,27,-58.9739,27,-101.5625,27,-65.5259,27,-61.6843,27,-115.6247,27,-81.1603,27,-85.8001,27,-83.1259,27,-83.3402,27,-61.9525,27,-97.422,27,-65.9348,27,-73.6935,27,-84.0634,27,-112.6578,27,-94.7162,27,-73.0314,27,-43.7392,27,-66.5381,27,-71.7817,27,-73.5835,27,-93.4545,27,-61.4723,27,-52.8352,27,-82.6759,27,-58.192,27,-68.3302,27,-73.5145,27,-78.7578,27,-69.6057,27,-62.8976,27,-85.6059,27,-50.8097,27,-83.7742,27,-56.8314,27,-84.2168,27,-73.3656,27,-61.9805,27,-89.7591,27,-66.8701,27,-73.1046,27,-71.104,27,-68.3708,27,-70.6211,27,-89.5232,27,-119.7883,27,-88.9453,27,-69.9532,27,-48.2811,27,-125.8608,27,-83.8063,27,-72.4326,27,-78.7667,27,-89.7247,27,-25.0312,27,-38.643,27,-72.0423,27,-54.782,27,-35.6635,27,-88.9974,27,-51.5955,27,-50.0689,27,-57.8519,27,-73.2845,27,-57.3311,27,-53.0207,27,-88.7662,27,-93.8973,27,-107.4471,27,-97.6717,27,-67.4786,27,-53.8549,27,-65.8465,27,-76.5835,27,-59.9473,27,-57.6779,27,-54.0592,27,-67.983,27,-49.9909,27,-68.7123,27,-39.0716,27,-75.2069,27,-93.5951,27,-44.5912,27,-49.9176,27,-43.9284
28,-126.9551,28,-115.6699,28,-55.3978,28,-55.4693,28,-81.84,28,-65.7269,28,-125.5459,28,-71.9593,28,-107.928,28,-53.2462,28,-85.9097,28,-110.2534,28,-90.8181,28,-62.0097,28,-81.2887,28,-119.452,28,-69.8899,28,-58.3112,28,-127.4612,28,-96.8428,28,-83.3292,28,-90.4573,28,-82.1283,28,-68.1386,28,-105.9409,28,-64.8688,28,-90.1262,28,-110.3734,28,-117.0569,28,-97.0206,28,-79.9721,28,-39.315,28,-62.2979,28,-69.9283,28,-82.236,28,-102.8211,28,-77.812,28,-63.1095,28,-90.3813,28,-57.6155,28,-78.3785,28,-78.0769,28,-87.7191,28,-89.5055,28,-65.919,28,-95.5658,28,-64.6035,28,-90.6709,28,-58.795,28,-84.5965,28,-90.6566,28,-58.5937,28,-111.3492,28,-81.5421,28,-76.1393,28,-73.7763,28,-75.1534,28,-90.0286,28,-109.9391,28,-131.2086,28,-110.4912,28,-81.5835,28,-49.9023,28,-136.8036,28,-104.8294,28,-71.9747,28,-85.6637,28,-105.9915,28,-24.1216,28,-41.7452,28,-89.5995,28,-71.4052,28,-41.8877,28,-92.0928,28,-49.164,28,-56.0812,28,-61.8225,28,-82.2366,28,-56.0884,28,-46.1415,28,-99.6612,28,-103.3354,28,-120.9927,28,-116.5553,28,-80.2587,28,-47.9747,28,-71.7872,28,-91.8451,28,-84.4926,28,-70.1017,28,-54.5874,28,-89.8137,28,-54.8133,28,-76.4012,28,-44.2004,28,-90.7943,28,-120.1114,28,-53.5993,28,-57.638,28,-47.9879
29,-136.0748,29,-132.3238,29,-61.4442,29,-59.5213,29,-84.487,29,-71.3933,29,-140.3674,29,-72.0353,29,-117.8003,29,-65.6014,29,-100.443,29,-126.0851,29,-96.029,29,-74.3773,29,-113.237,29,-133.3128,29,-84.7972,29,-60.8849,29,-141.2725,29,-107.9258,29,-80.0794,29,-101.7324,29,-84.5393,29,-72.9784,29,-118.7439,29,-68.0112,29,-100.5934,29,-136.362,29,-121.0467,29,-100.1521,29,-94.9654,29,-41.0046,29,-53.2041,29,-65.0668,29,-88.0208,29,-116.8118,29,-101.4876,29,-84.5728,29,-99.9016,29,-59.2079,29,-90.7573,29,-88.2389,29,-93.6383,29,-113.4298,29,-72.8221,29,-109.1129,29,-85.5604,29,-100.302,29,-66.4319,29,-87.0796,29,-107.4971,29,-59.7161,29,-130.0465,29,-99.247,29,-86.3477,29,-72.1672,29,-85.0034,29,-116.0366,29,-126.9602,29,-142.6727,29,-130.3486,29,-89.7552,29,-60.604,29,-140.4082,29,-119.8001,29,-76.0622,29,-86.7349,29,-118.6511,29,-26.9962,29,-52.0717,29,-120.336,29,-86.5304,29,-65.8191,29,-94.57,29,-49.1724,29,-72.598,29,-64.4794,29,-95.9087,29,-62.1684,29,-39.3632,29,-113.8427,29,-108.1869,29,-132.3061,29,-128.5789,29,-89.2388,29,-48.7643,29,-74.5285,29,-105.3502,29,-109.6336,29,-84.1133,29,-69.001,29,-112.925,29,-58.5429,29,-90.0637,29,-55.438,29,-106.7619,29,-148.7788,29,-81.0956,29,-71.5985,29,-57.1349
30,-142.495,30,-144.2692,30,-73.5168,30,-55.1277,30,-91.4238,30,-79.7813,30,-149.8158,30,-77.3582,30,-133.2494,30,-87.1656,30,-118.5766,30,-142.2267,30,-104.2536,30,-89.5019,30,-140.5616,30,-141.7117,30,-106.9364,30,-71.4722,30,-149.934,30,-119.9388,30,-85.6376,30,-117.84,30,-93.5178,30,-80.3775,30,-130.2961,30,-71.7963,30,-107.6195,30,-152.0261,30,-125.6312,30,-110.0996,30,-114.1877,30,-51.0395,30,-52.3057,30,-69.1684,30,-96.9326,30,-134.5628,30,-126.9111,30,-113.0992,30,-118.1799,30,-62.5516,30,-104.3101,30,-106.7146,30,-100.7611,30,-131.2489,30,-86.8256,30,-123.8679,30,-105.7807,30,-112.127,30,-75.4837,30,-93.3381,30,-124.6628,30,-69.2889,30,-143.0125,30,-121.7952,30,-101.958,30,-77.7052,30,-98.3271,30,-138.1802,30,-138.6915,30,-149.4738,30,-146.3102,30,-100.3672,30,-78.2556,30,-145.3331,30,-122.0744,30,-85.8095,30,-87.2298,30,-128.1438,30,-47.6808,30,-79.7952,30,-145.0887,30,-99.8909,30,-99.9993,30,-99.859,30,-53.2714,30,-95.1633,30,-67.0962,30,-113.7365,30,-79.0512,30,-39.6451,30,-126.4839,30,-114.7544,30,-138.6611,30,-138.4061,30,-95.1961,30,-62.0485,30,-75.7898,30,-115.0872,30,-128.4295,30,-101.6008,30,-88.9513,30,-126.276,30,-67.549,30,-106.4219,30,-71.217,30,-121.6109,30,-158.7079,30,-116.8204,30,-85.9129,30,-71.4649
31,-148.1752,31,-149.977,31,-89.4557,31,-50.2277,31,-99.9109,31,-96.8351,31,-154.1143,31,-90.0161,31,-146.3385,31,-112.3518,31,-138.213,31,-150.6,31,-117.1299,31,-107.177,31,-153.3117,31,-144.9324,31,-123.6571,31,-87.2154,31,-160.1262,31,-130.2235,31,-99.4737,31,-135.1699,31,-105.2234,31,-94.7745,31,-137.1476,31,-80.2176,31,-110.4319,31,-160.0739,31,-133.3116,31,-121.5616,31,-133.0536,31,-69.5011,31,-71.1903,31,-82.6356,31,-104.7829,31,-145.4021,31,-142.4135,31,-135.2832,31,-141.4197,31,-71.6765,31,-115.9378,31,-130.2561,31,-109.3296,31,-140.1252,31,-108.9069,31,-137.4544,31,-120.2245,31,-121.0294,31,-86.1003,31,-110.0575,31,-136.2795,31,-89.5966,31,-148.8037,31,-139.4638,31,-127.6666,31,-94.3714,31,-112.1971,31,-150.0739,31,-147.2039,31,-151.4575,31,-157.9022,31,-115.5524,31,-101.985,31,-146.3313,31,-117.8325,31,-103.1105,31,-101.0984,31,-135.5103,31,-81.1717,31,-116.3406,31,-160.6519,31,-111.3809,31,-130.9062,31,-111.1335,31,-67.2758,31,-123.182,31,-71.2579,31,-131.8748,31,-102.3601,31,-44.7299,31,-129.865,31,-121.1156,31,-141.1682,31,-142.1738,31,-102.2327,31,-92.0287,31,-83.2434,31,-122.5234,31,-135.5588,31,-121.1385,31,-104.3699,31,-130.8732,31,-82.5085,31,-127.3589,31,-89.2034,31,-132.372,31,-158.1306,31,-142.1057,31,-93.1595,31,-91.0245
32,-156.3304,32,-153.415,32,-109.6139,32,-55.6219,32,-110.7821,32,-120.2125,32,-155.3625,32,-108.5566,32,-155.886,32,-133.3154,32,-146.4152,32,-157.0508,32,-134.3649,32,-124.0345,32,-151.5363,32,-145.1525,32,-136.0368,32,-108.9772,32,-167.4152,32,-133.6834,32,-114.3463,32,-147.9955,32,-117.1704,32,-113.7418,32,-141.8633,32,-92.6888,32,-113.8538,32,-165.88,32,-137.6381,32,-134.3407,32,-146.6576,32,-98.2075,32,-87.6174,32,-99.6486,32,-109.7574,32,-149.7128,32,-147.4199,32,-148.834,32,-162.238,32,-90.1464,32,-122.6619,32,-148.1191,32,-118.8896,32,-141.7398,32,-131.2985,32,-144.2861,32,-131.8026,32,-128.6083,32,-104.2875,32,-133.0329,32,-137.841,32,-116.0365,32,-149.0114,32,-148.1825,32,-157.3961,32,-116.7661,32,-122.2797,32,-153.9362,32,-152.0904,32,-149.2525,32,-160.0861,32,-132.3172,32,-121.8019,32,-141.5071,32,-120.0303,32,-122.866,32,-125.7144,32,-142.4714,32,-110.8347,32,-141.0751,32,-164.9847,32,-127.0854,32,-147.9219,32,-128.2798,32,-89.6321,32,-149.0337,32,-84.3772,32,-144.1173,32,-122.115,32,-72.9212,32,-130.7174,32,-128.0861,32,-143.6728,32,-145.6291,32,-109.9554,32,-118.8092,32,-101.4569,32,-128.8856,32,-140.7454,32,-134.1943,32,-124.9343,32,-138.4922,32,-103.7772,32,-142.5102,32,-101.6077,32,-137.0055,32,-157.1271,32,-160.4853,32,-99.9103,32,-111.2158
33,-160.0412,33,-156.6728,33,-132.024,33,-71.5452,33,-129.6418,33,-140.5158,33,-150.3943,33,-130.7191,33,-160.1898,33,-144.5749,33,-150.7236,33,-163.9291,33,-151.6668,33,-138.0203,33,-144.7428,33,-140.1381,33,-145.0572,33,-136.6686,33,-168.3676,33,-134.7147,33,-125.9149,33,-155.5072,33,-129.24,33,-134.4752,33,-149.4476,33,-108.036,33,-114.5028,33,-167.8171,33,-141.3614,33,-147.1874,33,-151.2264,33,-130.1098,33,-106.4415,33,-115.9865,33,-121.8,33,-151.9361,33,-150.531,33,-156.2321,33,-167.085,33,-119.6786,33,-125.9089,33,-156.348,33,-125.4994,33,-139.2187,33,-146.2958,33,-144.135,33,-142.734,33,-132.3204,33,-127.0071,33,-154.5321,33,-138.3348,33,-139.247,33,-150.8348,33,-158.8153,33,-171.8642,33,-135.0531,33,-130.5656,33,-154.429,33,-148.2465,33,-144.2252,33,-158.007,33,-145.7046,33,-134.184,33,-136.565,33,-132.3877,33,-140.1077,33,-143.4455,33,-148.9328,33,-133.4212,33,-152.3626,33,-153.1286,33,-145.3015,33,-153.5767,33,-147.381,33,-116.9129,33,-161.1081,33,-107.5039,33,-139.8912,33,-134.049,33,-107.5738,33,-130.2932,33,-136.829,33,-146.6568,33,-150.8832,33,-115.7932,33,-137.1294,33,-122.4923,33,-134.9142,33,-144.9288,33,-141.3372,33,-143.3968,33,-147.7708,33,-125.9897,33,-145.9509,33,-113.6087,33,-141.1039,33,-159.5799,33,-169.5015,33,-111.8091,33,-127.8814
34,-155.6004,34,-162.5899,34,-146.6909,34,-93.2312,34,-149.0145,34,-151.0194,34,-146.5054,34,-146.7384,34,-162.5883,34,-151.7494,34,-153.4596,34,-161.6574,34,-162.4788,34,-142.981,34,-146.8047,34,-133.8427,34,-149.619,34,-152.8426,34,-163.3266,34,-136.8029,34,-138.3218,34,-160.3848,34,-144.6243,34,-147.2488,34,-153.754,34,-125.8982,34,-117.2938,34,-164.5589,34,-142.5359,34,-157.5522,34,-151.2274,34,-152.7232,34,-130.497,34,-130.1088,34,-137.0472,34,-149.017,34,-148.8475,34,-153.976,34,-167.0126,34,-136.095,34,-127.5536,34,-157.6196,34,-124.8016,34,-139.6701,34,-151.2917,34,-147.0585,34,-152.3591,34,-135.1194,34,-146.5629,34,-163.5918,34,-138.6451,34,-151.3614,34,-154.046,34,-163.6938,34,-170.4007,34,-145.8421,34,-137.0373,34,-154.5718,34,-143.0188,34,-141.3011,34,-157.3276,34,-152.7589,34,-141.8088,34,-142.778,34,-143.7927,34,-152.5962,34,-154.4688,34,-155.5136,34,-145.595,34,-155.5862,34,-148.1881,34,-155.6865,34,-153.7521,34,-161.7404,34,-138.0636,34,-162.5621,34,-129.4507,34,-127.564,34,-142.0007,34,-126.3122,34,-129.3537,34,-142.9798,34,-147.8771,34,-149.3597,34,-130.8744,34,-146.6892,34,-129.7765,34,-142.9421,34,-146.3005,34,-148.2489,34,-152.9034,34,-147.6774,34,-140.9743,34,-147.5687,34,-122.6269,34,-143.1391,34,-158.2314,34,-165.0712,34,-131.2726,34,-137.5044
35,-150.9443,35,-170.9246,35,-153.5231,35,-111.8557,35,-157.8403,35,-155.322,35,-147.0486,35,-156.1509,35,-164.895,35,-160.7103,35,-155.7129,35,-159.8661,35,-165.0686,35,-148.4883,35,-156.036,35,-134.0987,35,-149.5032,35,-156.2289,35,-157.8021,35,-139.0389,35,-150.0591,35,-162.8402,35,-150.2469,35,-145.7183,35,-151.7887,35,-143.2653,35,-125.1289,35,-161.0018,35,-141.0742,35,-161.5583,35,-151.1026,35,-162.4597,35,-152.7657,35,-132.9521,35,-143.9509,35,-144.4948,35,-142.1698,35,-148.6394,35,-161.979,35,-142.3433,35,-130.8263,35,-162.1801,35,-120.3165,35,-144.1174,35,-146.7737,35,-152.4715,35,-153.9166,35,-139.3256,35,-154.6173,35,-163.5577,35,-136.013,35,-153.229,35,-155.8242,35,-165.0539,35,-158.2146,35,-147.9994,35,-143.1967,35,-153.0719,35,-139.8017,35,-141.2715,35,-154.711,35,-155.4245,35,-143.2615,35,-157.5134,35,-149.1553,35,-158.9742,35,-164.1159,35,-153.7203,35,-147.4638,35,-150.5737,35,-147.5278,35,-158.2098,35,-152.2573,35,-166.5703,35,-144.6583,35,-157.5777,35,-139.9572,35,-118.4131,35,-147.0653,35,-129.649,35,-129.3795,35,-147.6535,35,-145.2664,35,-143.6908,35,-146.3332,35,-150.769,35,-133.5144,35,-144.2607,35,-145.1972,35,-156.9828,35,-157.2696,35,-142.8415,35,-150.8754,35,-149.4394,35,-127.5022,35,-142.7707,35,-154.2277,35,-160.1011,35,-149.2239,35,-143.9565
36,-149.8769,36,-175.897,36,-155.8494,36,-124.6574,36,-154.0119,36,-158.8433,36,-147.7683,36,-161.387,36,-168.537,36,-163.144,36,-155.2884,36,-158.0201,36,-166.0517,36,-151.2776,36,-162.3373,36,-141.662,36,-146.3921,36,-162.5484,36,-156.6378,36,-143.8292,36,-160.6162,36,-165.3075,36,-143.9718,36,-138.6197,36,-149.6287,36,-155.3324,36,-130.1175,36,-161.5133,36,-140.1957,36,-159.3973,36,-149.7908,36,-166.4641,36,-164.3893,36,-132.443,36,-145.2194,36,-148.3628,36,-134.3755,36,-147.0819,36,-160.7002,36,-142.1798,36,-136.2623,36,-170.4207,36,-119.2467,36,-147.9699,36,-147.2479,36,-155.9405,36,-149.6423,36,-143.5775,36,-156.1026,36,-163.6923,36,-129.8251,36,-154.9371,36,-156.2618,36,-163.868,36,-148.3236,36,-149.5263,36,-146.497,36,-150.6786,36,-142.0721,36,-142.4798,36,-156.2642,36,-147.7672,36,-141.0332,36,-163.2194,36,-151.2134,36,-159.4045,36,-170.9206,36,-148.7135,36,-147.9807,36,-144.1013,36,-145.8918,36,-157.2275,36,-151.092,36,-166.6596,36,-140.7851,36,-149.8423,36,-143.1171,36,-120.1785,36,-148.3902,36,-130.656,36,-128.1586,36,-152.6672,36,-140.4743,36,-142.547,36,-151.7661,36,-149.264,36,-141.3845,36,-144.771,36,-146.1422,36,-163.2351,36,-156.1357,36,-147.644,36,-156.0936,36,-147.7285,36,-130.0201,36,-147.0831,36,-152.1225,36,-161.2333,36,-159.114,36,-150.4183
37,-149.3203,37,-175.821,37,-156.7408,37,-134.1155,37,-153.3754,37,-162.3056,37,-146.3474,37,-164.2945,37,-172.0571,37,-158.1686,37,-149.1823,37,-157.0626,37,-167.9545,37,-146.3227,37,-163.4896,37,-147.3241,37,-141.2279,37,-167.5186,37,-154.9535,37,-149.5262,37,-167.3741,37,-168.0718,37,-138.5425,37,-131.8102,37,-146.4969,37,-160.4942,37,-129.5082,37,-161.137,37,-138.8744,37,-160.6849,37,-148.1232,37,-173.1349,37,-163.7332,37,-128.1159,37,-150.4781,37,-151.0917,37,-136.8258,37,-150.1505,37,-157.7821,37,-140.024,37,-138.9121,37,-169.1802,37,-123.2265,37,-148.3237,37,-149.7923,37,-154.56,37,-146.6209,37,-146.9683,37,-156.8835,37,-166.05,37,-129.0428,37,-156.1854,37,-158.8588,37,-166.4263,37,-145.4594,37,-153.6882,37,-146.2005,37,-150.7632,37,-142.1387,37,-144.3877,37,-155.0009,37,-144.7346,37,-140.4253,37,-156.7963,37,-151.8457,37,-155.7475,37,-171.8472,37,-147.3774,37,-150.2547,37,-141.8088,37,-146.4736,37,-155.17,37,-151.0185,37,-167.5767,37,-138.3627,37,-150.4191,37,-144.5548,37,-125.3131,37,-152.3015,37,-130.3209,37,-121.8099,37,-156.5732,37,-138.0176,37,-135.7262,37,-154.7208,37,-148.0896,37,-150.852,37,-149.0205,37,-152.8476,37,-161.5878,37,-153.1891,37,-158.9819,37,-160.6561,37,-143.6919,37,-132.0889,37,-146.4975,37,-152.6397,37,-162.1895,37,-165.2708,37,-153.2999
38,-149.1786,38,-172.6966,38,-156.8595,38,-140.3994,38,-153.4144,38,-162.9323,38,-144.854,38,-165.1346,38,-171.447,38,-154.3333,38,-148.1001,38,-154.7852,38,-170.4534,38,-138.6637,38,-162.6664,38,-144.5594,38,-138.9005,38,-161.0184,38,-149.9717,38,-153.7438,38,-165.1979,38,-170.8765,38,-142.1817,38,-127.6316,38,-144.2137,38,-163.0946,38,-125.6354,38,-159.8988,38,-138.6875,38,-165.537,38,-145.4528,38,-177.1346,38,-161.6355,38,-126.2051,38,-157.4582,38,-145.5325,38,-141.3732,38,-156.5626,38,-156.8587,38,-136.0089,38,-138.2851,38,-163.9577,38,-126.8257,38,-146.7403,38,-149.8966,38,-152.4144,38,-151.399,38,-150.5462,38,-161.3421,38,-164.4333,38,-132.5286,38,-153.5775,38,-161.3539,38,-171.8926,38,-150.7127,38,-156.0598,38,-143.322,38,-147.9806,38,-139.6397,38,-148.8572,38,-150.0519,38,-147.3906,38,-141.9775,38,-150.0492,38,-150.5387,38,-152.4292,38,-171.6434,38,-156.988,38,-151.0201,38,-143.9791,38,-149.8163,38,-150.5967,38,-149.2282,38,-167.0077,38,-140.3242,38,-157.2553,38,-142.0152,38,-130.4316,38,-156.5773,38,-142.0793,38,-121.3634,38,-156.4827,38,-133.8872,38,-131.539,38,-160.6241,38,-150.5019,38,-150.3785,38,-152.3913,38,-159.4262,38,-157.2876,38,-150.5015,38,-160.7182,38,-163.1592,38,-142.935,38,-136.3953,38,-141.5282,38,-154.6126,38,-164.8543,38,-164.8079,38,-151.0094
39,-154.0055,39,-169.16,39,-152.5523,39,-139.147,39,-147.3711,39,-161.1397,39,-144.577,39,-162.0058,39,-162.0313,39,-151.702,39,-156.2687,39,-153.2538,39,-174.4654,39,-139.6049,39,-164.3537,39,-140.568,39,-140.7135,39,-153.2033,39,-147.1894,39,-156.4643,39,-162.0145,39,-169.9872,39,-152.3237,39,-128.9054,39,-147.7126,39,-166.2226,39,-125.2242,39,-159.5358,39,-137.0981,39,-164.3959,39,-145.2584,39,-176.1899,39,-158.7069,39,-131.0778,39,-157.9556,39,-137.5332,39,-142.6051,39,-162.3692,39,-157.5184,39,-136.5901,39,-142.1239,39,-162.4115,39,-127.6456,39,-149.4734,39,-146.7206,39,-150.9798,39,-162.2341,39,-153.3869,39,-164.5546,39,-161.034,39,-134.863,39,-147.6766,39,-161.1834,39,-175.5467,39,-158.9338,39,-153.9445,39,-142.121,39,-146.0094,39,-136.8349,39,-149.0314,39,-144.7442,39,-151.4383,39,-142.3573,39,-149.4769,39,-148.8448,39,-149.6866,39,-171.9538,39,-163.8315,39,-147.6766,39,-152.5258,39,-151.3881,39,-146.3955,39,-145.6725,39,-165.6762,39,-141.0099,39,-163.9897,39,-139.4633,39,-138.493,39,-157.3508,39,-153.3997,39,-128.2308,39,-152.4473,39,-135.0328,39,-132.14,39,-162.8428,39,-155.159,39,-145.2114,39,-152.014,39,-159.5226,39,-150.0408,39,-150.0367,39,-159.4814,39,-158.1591,39,-146.8887,39,-139.2809,39,-133.4797,39,-156.6356,39,-163.7824,39,-159.5718,39,-148.0484
40,-165.0925,40,-164.6325,40,-148.7585,40,-135.3815,40,-140.3609,40,-156.7173,40,-141.7773,40,-156.1006,40,-151.4095,40,-147.2257,40,-163.2449,40,-152.4034,40,-174.9972,40,-151.5314,40,-161.3591,40,-140.332,40,-144.4138,40,-154.6558,40,-144.7092,40,-153.351,40,-162.7078,40,-164.5767,40,-160.6179,40,-134.424,40,-152.8509,40,-164.0574,40,-130.2292,40,-156.9605,40,-139.7798,40,-162.7565,40,-147.9705,40,-174.2422,40,-160.5074,40,-136.5118,40,-157.6296,40,-137.7071,40,-140.5202,40,-162.0317,40,-157.2312,40,-141.2123,40,-144.8079,40,-158.5769,40,-126.8386,40,-150.5519,40,-143.8708,40,-150.3817,40,-164.6267,40,-152.7656,40,-165.9209,40,-159.3271,40,-132.225,40,-141.1464,40,-159.1455,40,-174.4466,40,-163.1309,40,-148.2741,40,-145.0063,40,-148.8396,40,-142.0563,40,-146.9743,40,-139.8478,40,-157.7268,40,-144.0734,40,-149.1163,40,-149.2795,40,-149.6123,40,-172.1496,40,-162.9163,40,-143.6816,40,-163.237,40,-148.6775,40,-147.6655,40,-145.2523,40,-165.8359,40,-137.9066,40,-168.0453,40,-141.0085,40,-145.3141,40,-155.5976,40,-151.9858,40,-130.465,40,-148.945,40,-138.9776,40,-132.289,40,-160.6028,40,-154.3064,40,-146.0307,40,-145.862,40,-151.8908,40,-144.1858,40,-143.9915,40,-155.6549,40,-155.0934,40,-153.6429,40,-135.8125,40,-129.907,40,-157.8366,40,-156.0877,40,-151.7729,40,-143.8708
41,-177.7573,41,-160.3278,41,-146.8049,41,-142.5558,41,-140.9366,41,-158.2258,41,-138.262,41,-156.1663,41,-148.2973,41,-141.5626,41,-162.5142,41,-155.5363,41,-173.5115,41,-158.8852,41,-151.227,41,-143.2577,41,-143.1525,41,-159.6721,41,-154.8364,41,-150.3058,41,-162.8322,41,-161.7761,41,-163.6538,41,-139.7196,41,-146.6642,41,-160.1984,41,-131.949,41,-153.7316,41,-143.8463,41,-166.4159,41,-151.9831,41,-170.4148,41,-165.5839,41,-138.4484,41,-156.2673,41,-141.5413,41,-137.3757,41,-157.9494,41,-158.2835,41,-144.8104,41,-146.1957,41,-154.5635,41,-127.3086,41,-150.4363,41,-144.0507,41,-147.4237,41,-153.4139,41,-147.6291,41,-159.1868,41,-158.657,41,-130.2925,41,-145.571,41,-159.7624,41,-172.5959,41,-155.819,41,-146.0382,41,-149.9298,41,-154.8422,41,-147.0242,41,-147.6241,41,-140.6181,41,-158.6381,41,-144.6936,41,-146.7228,41,-150.0615,41,-153.6475,41,-166.9168,41,-154.1797,41,-143.7069,41,-165.6251,41,-147.6798,41,-151.6928,41,-147.433,41,-168.2144,41,-139.301,41,-165.059,41,-143.7199,41,-147.6523,41,-153.3633,41,-142.547,41,-129.0589,41,-146.6218,41,-136.5044,41,-132.071,41,-162.2338,41,-155.9455,41,-149.1357,41,-141.3193,41,-144.685,41,-142.7583,41,-139.9664,41,-152.9594,41,-154.496,41,-157.203,41,-131.8875,41,-129.1173,41,-155.7865,41,-149.7159,41,-148.8246,41,-141.0927
42,-182.1002,42,-158.1158,42,-147.8349,42,-149.5286,42,-146.5181,42,-163.3837,42,-138.4696,42,-161.9448,42,-153.8329,42,-137.7148,42,-164.5281,42,-163.3283,42,-172.2335,42,-160.3697,42,-149.042,42,-147.4242,42,-140.3094,42,-158.78,42,-154.7196,42,-150.8129,42,-157.8129,42,-162.8134,42,-165.3987,42,-143.6606,42,-142.3043,42,-160.4559,42,-128.0475,42,-155.057,42,-143.1688,42,-171.372,42,-148.6679,42,-166.216,42,-164.3368,42,-140.0451,42,-157.8661,42,-150.0953,42,-133.9165,42,-156.2344,42,-161.9294,42,-146.1391,42,-143.7995,42,-154.9006,42,-124.0698,42,-151.8566,42,-147.084,42,-146.0306,42,-143.374,42,-141.4896,42,-153.2402,42,-160.7122,42,-131.0262,42,-149.7853,42,-152.9928,42,-163.6733,42,-148.8821,42,-149.0826,42,-146.8845,42,-152.5919,42,-150.2079,42,-150.3782,42,-142.1028,42,-156.5892,42,-141.8373,42,-148.7697,42,-147.5263,42,-153.1241,42,-162.8159,42,-149.6908,42,-146.9167,42,-158.2308,42,-149.2937,42,-151.846,42,-142.915,42,-169.5437,42,-138.1091,42,-157.9997,42,-144.764,42,-147.696,42,-149.7485,42,-138.9211,42,-131.4943,42,-145.4175,42,-138.2742,42,-132.0898,42,-162.1681,42,-157.0077,42,-148.5032,42,-142.2461,42,-145.4293,42,-138.9374,42,-143.7572,42,-156.4032,42,-152.3859,42,-156.4072,42,-134.034,42,-128.104,42,-152.5088,42,-150.2054,42,-149.7594,42,-140.7197
43,-171.7684,43,-157.2882,43,-146.9936,43,-146.8486,43,-150.6152,43,-169.8412,43,-143.3739,43,-169.2604,43,-159.775,43,-136.2143,43,-169.9527,43,-170.4356,43,-167.5208,43,-160.4674,43,-151.9796,43,-148.1456,43,-139.3904,43,-155.7717,43,-156.4295,43,-146.0919,43,-152.7235,43,-162.787,43,-166.898,43,-151.0293,43,-137.9078,43,-162.9991,43,-122.5127,43,-160.1587,43,-141.1274,43,-165.5934,43,-145.6256,43,-163.5354,43,-156.4751,43,-144.7626,43,-161.7747,43,-158.2668,43,-133.1844,43,-157.4335,43,-166.7914,43,-143.5233,43,-141.0897,43,-156.5942,43,-119.1461,43,-153.1338,43,-147.759,43,-147.0636,43,-142.6239,43,-139.3528,43,-143.83,43,-161.4744,43,-131.9273,43,-149.5334,43,-141.175,43,-153.1736,43,-146.8668,43,-151.4399,43,-139.3878,43,-146.5111,43,-147.1428,43,-153.0846,43,-138.1219,43,-152.3077,43,-140.5588,43,-151.6877,43,-145.6053,43,-150.2052,43,-158.7513,43,-148.4767,43,-149.41,43,-151.5722,43,-151.0229,43,-154.0233,43,-134.6571,43,-166.0565,43,-141.3326,43,-152.035,43,-142.7129,43,-139.2789,43,-147.0882,43,-146.1883,43,-138.0338,43,-147.3775,43,-143.051,43,-134.2909,43,-157.6519,43,-151.394,43,-145.2558,43,-143.3803,43,-144.9365,43,-138.4105,43,-147.2231,43,-154.6289,43,-150.4976,43,-149.9767,43,-135.8764,43,-125.3556,43,-153.5815,43,-160.2793,43,-149.3037,43,-140.1928
44,-158.2239,44,-150.842,44,-147.4304,44,-136.2828,44,-147.7342,44,-171.1196,44,-150.0395,44,-176.5234,44,-154.104,44,-139.1749,44,-167.4031,44,-169.4269,44,-162.2934,44,-162.0936,44,-157.0325,44,-147.36,44,-138.4692,44,-158.5541,44,-157.8978,44,-143.6186,44,-154.1008,44,-162.6614,44,-166.4851,44,-158.292,44,-140.3575,44,-162.2479,44,-120.1012,44,-161.453,44,-143.4329,44,-161.5842,44,-146.7172,44,-161.7802,44,-150.9248,44,-147.2867,44,-159.217,44,-154.2531,44,-136.3814,44,-153.5775,44,-168.4953,44,-142.0102,44,-132.9016,44,-158.0343,44,-111.1184,44,-155.0682,44,-147.7931,44,-150.4514,44,-144.9478,44,-141.4825,44,-142.0234,44,-158.6619,44,-134.7747,44,-146.072,44,-134.7723,44,-144.4217,44,-152.1031,44,-152.0158,44,-140.2833,44,-144.144,44,-142.0332,44,-150.9037,44,-135.1283,44,-150.5373,44,-140.7721,44,-150.2448,44,-147.766,44,-151.1635,44,-155.5079,44,-150.8376,44,-146.4062,44,-151.5915,44,-152.3841,44,-154.3534,44,-131.1317,44,-162.3928,44,-141.7895,44,-150.2343,44,-135.6252,44,-127.929,44,-148.2453,44,-147.2511,44,-139.7754,44,-146.4615,44,-150.0744,44,-141.3117,44,-156.6772,44,-140.8393,44,-144.5636,44,-142.0543,44,-141.1098,44,-145.0061,44,-147.3091,44,-152.4615,44,-150.425,44,-144.3243,44,-138.0767,44,-124.2664,44,-157.046,44,-169.1827,44,-148.7766,44,-140.9396
45,-151.2702,45,-142.2907,45,-146.553,45,-122.9254,45,-140.8062,45,-169.9859,45,-153.4532,45,-177.9863,45,-147.9041,45,-144.4359,45,-160.1688,45,-162.2849,45,-158.5247,45,-163.4395,45,-157.7129,45,-151.2458,45,-135.3143,45,-154.2334,45,-155.7917,45,-149.7864,45,-158.1743,45,-164.9454,45,-158.398,45,-163.6165,45,-140.9673,45,-158.0332,45,-119.3117,45,-161.3481,45,-146.0657,45,-160.9716,45,-147.2765,45,-146.7853,45,-157.3385,45,-142.4638,45,-157.4161,45,-141.3058,45,-144.33,45,-151.4625,45,-166.5937,45,-138.014,45,-122.6666,45,-161.3791,45,-97.5481,45,-158.248,45,-147.6304,45,-157.3641,45,-139.5045,45,-141.359,45,-142.6123,45,-152.1925,45,-138.916,45,-140.9287,45,-135.4138,45,-135.2064,45,-152.2741,45,-150.1558,45,-144.8355,45,-142.1526,45,-138.0451,45,-144.8866,45,-141.8758,45,-152.0814,45,-142.7891,45,-147.8276,45,-150.7667,45,-151.8961,45,-158.9998,45,-156.4001,45,-141.721,45,-155.8683,45,-153.4005,45,-146.6815,45,-131.5226,45,-163.4729,45,-145.6054,45,-150.8661,45,-120.4472,45,-131.6727,45,-146.6223,45,-129.0787,45,-139.1373,45,-140.4663,45,-158.5241,45,-151.7278,45,-145.7982,45,-133.1891,45,-147.5132,45,-140.702,45,-138.0492,45,-145.5943,45,-143.8151,45,-151.8723,45,-145.3137,45,-143.9736,45,-137.729,45,-121.8226,45,-158.4809,45,-171.7489,45,-149.2017,45,-141.6031
46,-148.6371,46,-130.56,46,-143.8738,46,-104.6293,46,-136.3055,46,-171.2974,46,-150.125,46,-174.8025,46,-147.0402,46,-150.1221,46,-146.8879,46,-155.1716,46,-152.8016,46,-165.4568,46,-149.4178,46,-154.323,46,-129.702,46,-142.411,46,-154.9429,46,-155.4494,46,-153.565,46,-166.1035,46,-148.51,46,-167.5275,46,-139.1234,46,-155.8507,46,-119.5514,46,-164.1147,46,-146.6595,46,-150.5678,46,-143.4495,46,-122.5622,46,-160.1644,46,-130.3846,46,-149.6939,46,-127.6195,46,-155.0263,46,-155.8927,46,-157.937,46,-134.9324,46,-113.5659,46,-161.891,46,-79.1005,46,-154.6913,46,-152.2645,46,-162.7473,46,-125.282,46,-144.2454,46,-137.9297,46,-143.898,46,-138.519,46,-132.9065,46,-135.7286,46,-124.2713,46,-146.3611,46,-144.2462,46,-143.3584,46,-139.0297,46,-135.0966,46,-141.7064,46,-148.4516,46,-150.1067,46,-147.2084,46,-148.7565,46,-152.3724,46,-149.7853,46,-162.448,46,-159.9127,46,-140.8916,46,-153.9934,46,-152.5242,46,-133.9873,46,-128.7069,46,-169.0592,46,-142.2798,46,-148.6914,46,-95.4491,46,-143.2551,46,-123.191,46,-92.6043,46,-135.8931,46,-132.9761,46,-155.7552,46,-153.0082,46,-126.0749,46,-127.7059,46,-146.3221,46,-145.2261,46,-136.8555,46,-136.9813,46,-136.545,46,-153.5375,46,-133.6068,46,-143.5757,46,-130.9246,46,-126.4219,46,-156.2702,46,-167.839,46,-149.2582,46,-148.3001
47,-145.8253,47,-116.1743,47,-138.175,47,-84.9204,47,-131.0305,47,-171.3096,47,-147.636,47,-169.5856,47,-147.7949,47,-148.8128,47,-128.8106,47,-149.2693,47,-148.5357,47,-162.1102,47,-135.8118,47,-153.7123,47,-121.8545,47,-140.104,47,-158.3843,47,-156.6582,47,-135.8373,47,-164.7408,47,-138.5686,47,-166.4327,47,-138.6953,47,-153.5757,47,-122.9388,47,-162.3036,47,-141.8123,47,-130.5039,47,-131.1311,47,-95.7146,47,-159.4841,47,-115.5918,47,-139.4372,47,-122.4779,47,-160.8208,47,-157.3728,47,-150.6644,47,-136.6787,47,-98.4728,47,-161.1055,47,-61.3103,47,-139.6355,47,-158.755,47,-162.6033,47,-104.3061,47,-149.4866,47,-132.0458,47,-130.2624,47,-132.249,47,-123.6892,47,-129.7689,47,-113.9386,47,-138.3271,47,-141.5728,47,-134.8165,47,-137.8633,47,-132.1383,47,-136.4695,47,-141.9652,47,-143.4237,47,-149.1384,47,-151.8584,47,-149.8742,47,-146.6599,47,-158.4079,47,-154.0881,47,-136.9188,47,-136.5223,47,-148.3721,47,-119.434,47,-122.853,47,-168.8348,47,-137.8794,47,-140.6772,47,-80.8262,47,-141.6673,47,-98.6209,47,-62.9283,47,-138.7074,47,-127.2317,47,-147.7264,47,-148.5617,47,-101.7739,47,-113.0899,47,-131.3554,47,-148.7729,47,-132.197,47,-126.505,47,-127.9698,47,-155.5907,47,-116.3469,47,-139.0508,47,-116.7992,47,-136.8153,47,-157.2769,47,-155.636,47,-153.0974,47,-152.7161
48,-139.9299,48,-99.7611,48,-129.9636,48,-70.3885,48,-120.642,48,-170.1139,48,-147.1811,48,-159.2877,48,-145.2158,48,-142.6424,48,-110.5144,48,-147.2375,48,-145.3813,48,-152.3496,48,-122.8413,48,-150.8762,48,-112.3985,48,-147.4097,48,-162.6588,48,-153.8342,48,-112.4747,48,-161.8942,48,-130.6276,48,-159.4003,48,-134.2798,48,-139.6022,48,-123.6066,48,-150.7722,48,-128.6959,48,-108.0161,48,-107.591,48,-75.0791,48,-154.6378,48,-103.5678,48,-126.5499,48,-122.2108,48,-162.5363,48,-143.0725,48,-144.606,48,-142.2948,48,-82.0351,48,-156.5961,48,-49.2909,48,-120.4031,48,-159.0226,48,-151.8469,48,-81.5627,48,-150.7084,48,-124.5823,48,-110.0665,48,-119.4159,48,-111.6085,48,-116.7085,48,-102.925,48,-123.0713,48,-134.6664,48,-127.4093,48,-137.856,48,-132.1992,48,-126.8832,48,-125.8407,48,-131.589,48,-145.7535,48,-151.1897,48,-139.4998,48,-136.2579,48,-141.4283,48,-145.5174,48,-119.0083,48,-111.8658,48,-129.5697,48,-105.7386,48,-112.8577,48,-163.1336,48,-136.672,48,-124.0671,48,-81.5347,48,-128.3369,48,-78.3728,48,-49.1463,48,-135.6788,48,-121.5988,48,-143.3524,48,-136.7695,48,-76.7403,48,-95.49,48,-109.9563,48,-148.7151,48,-126.4237,48,-112.0085,48,-121.3051,48,-153.6593,48,-94.2426,48,-131.8436,48,-98.6321,48,-135.0378,48,-163.8852,48,-138.7097,48,-150.6202,48,-148.6615
49,-125.102,49,-85.3056,49,-117.9179,49,-65.2909,49,-104.9498,49,-162.6334,49,-148.199,49,-142.8108,49,-141.3234,49,-133.7118,49,-98.2077,49,-136.9212,49,-139.3704,49,-135.8032,49,-106.6352,49,-149.3588,49,-103.1758,49,-147.048,49,-168.8641,49,-148.192,49,-90.8496,49,-154.822,49,-121.8427,49,-146.4137,49,-122.994,49,-118.6996,49,-117.8912,49,-134.7296,49,-113.0454,49,-91.8942,49,-74.2528,49,-66.0751,49,-145.3445,49,-99.711,49,-117.8302,49,-108.2124,49,-157.9504,49,-118.372,49,-131.9103,49,-138.7165,49,-71.3829,49,-152.1389,49,-44.4738,49,-100.8132,49,-150.9788,49,-134.2979,49,-69.7008,49,-149.7855,49,-113.4525,49,-95.5186,49,-105.8949,49,-99.2786,49,-101.175,49,-95.9371,49,-103.501,49,-118.6453,49,-118.0029,49,-139.8736,49,-130.6712,49,-109.7673,49,-105.2474,49,-118.5511,49,-137.5414,49,-143.0907,49,-128.1134,49,-109.8289,49,-117.7481,49,-140.6283,49,-97.0691,49,-91.1932,49,-94.2917,49,-93.2594,49,-98.9707,49,-161.0818,49,-127.4091,49,-102.3223,49,-82.2134,49,-105.96,49,-67.3178,49,-39.9586,49,-117.197,49,-114.2365,49,-142.7097,49,-119.8791,49,-65.4033,49,-84.3545,49,-88.8821,49,-147.7033,49,-120.804,49,-93.8624,49,-111.8193,49,-144.5429,49,-76.0751,49,-125.9217,49,-81.0795,49,-129.6211,49,-164.689,49,-116.6823,49,-137.6747,49,-142.5877
50,-106.8357,50,-71.771,50,-104.1528,50,-68.8615,50,-87.1759,50,-145.6062,50,-140.9379,50,-128.2468,50,-136.4092,50,-115.1365,50,-86.5668,50,-118.729,50,-136.2256,50,-116.2975,50,-89.6476,50,-149.1967,50,-97.6441,50,-134.5486,50,-164.7831,50,-145.3283,50,-73.712,50,-141.7039,50,-106.4775,50,-129.8513,50,-107.8863,50,-96.3763,50,-107.8966,50,-120.3902,50,-99.7259,50,-78.165,50,-52.9993,50,-75.0061,50,-129.4136,50,-100.1965,50,-113.9676,50,-84.4557,50,-149.9044,50,-87.416,50,-109.1038,50,-122.989,50,-64.7596,50,-149.3145,50,-50.0193,50,-87.2114,50,-140.0586,50,-113.3172,50,-66.4233,50,-141.5215,50,-101.693,50,-87.8524,50,-94.7248,50,-85.4417,50,-83.209,50,-93.2124,50,-84.6853,50,-102.0822,50,-102.306,50,-135.7667,50,-120.9735,50,-96.3701,50,-86.1706,50,-101.5024,50,-120.1901,50,-128.3999,50,-118.6779,50,-77.5003,50,-92.1657,50,-136.8987,50,-79.6202,50,-78.6218,50,-66.2731,50,-84.8567,50,-83.075,50,-160.6655,50,-110.5624,50,-84.6906,50,-76.1122,50,-87.3278,50,-55.5893,50,-38.4653,50,-96.0156,50,-103.8764,50,-135.7268,50,-103.1983,50,-64.9999,50,-79.7306,50,-70.6113,50,-139.2431,50,-115.1594,50,-77.9397,50,-101.3867,50,-128.0976,50,-65.0602,50,-114.242,50,-66.0461,50,-125.4616,50,-155.1621,50,-92.7609,50,-122.165,50,-132.6004
51,-90.304,51,-62.8158,51,-90.8543,51,-76.1603,51,-72.0912,51,-120.2527,51,-121.1767,51,-113.5292,51,-131.636,51,-95.2879,51,-76.1693,51,-96.7738,51,-137.7752,51,-102.0069,51,-72.362,51,-147.7859,51,-89.3518,51,-116.6339,51,-153.0183,51,-141.8662,51,-63.1946,51,-125.1759,51,-88.3269,51,-118.4,51,-92.5085,51,-77.3683,51,-102.0375,51,-107.5073,51,-84.0556,51,-65.7318,51,-46.2185,51,-77.9394,51,-113.2031,51,-97.5954,51,-104.752,51,-64.3945,51,-136.9141,51,-66.3625,51,-86.672,51,-104.4516,51,-59.76,51,-138.3155,51,-55.0097,51,-79.3834,51,-123.8495,51,-96.0877,51,-62.8334,51,-123.8682,51,-89.5643,51,-80.507,51,-85.7895,51,-73.0372,51,-71.624,51,-85.3509,51,-70.755,51,-87.9678,51,-81.4794,51,-118.5636,51,-101.7062,51,-83.1938,51,-74.7096,51,-84.9784,51,-103.1187,51,-111.716,51,-106.7833,51,-57.9623,51,-65.1917,51,-134.9815,51,-67.0604,51,-68.4208,51,-51.347,51,-78.3796,51,-70.5397,51,-158.5479,51,-83.6442,51,-76.7479,51,-66.1593,51,-75.5244,51,-53.2426,51,-36.7627,51,-84.5882,51,-88.7337,51,-116.1572,51,-92.3725,51,-61.1621,51,-69.8962,51,-60.4024,51,-129.4365,51,-104.7296,51,-66.5641,51,-90.6064,51,-114.7512,51,-61.0745,51,-99.8594,51,-57.4964,51,-120.7168,51,-138.1734,51,-73.6647,51,-105.1448,51,-115.4204
52,-76.162,52,-63.4957,52,-80.2759,52,-81.0309,52,-61.539,52,-96.2958,52,-95.2359,52,-97.1221,52,-126.5137,52,-78.1418,52,-76.5591,52,-72.6253,52,-134.0988,52,-92.6197,52,-58.3315,52,-144.0162,52,-77.9245,52,-98.0741,52,-130.617,52,-134.7569,52,-61.7076,52,-108.7102,52,-72.9199,52,-109.799,52,-79.6925,52,-62.1646,52,-93.8257,52,-95.3347,52,-70.2768,52,-52.5468,52,-46.9768,52,-72.9392,52,-97.3317,52,-91.6062,52,-100.8455,52,-51.6981,52,-120.1841,52,-59.3905,52,-71.3863,52,-88.8729,52,-65.4481,52,-117.9791,52,-56.8168,52,-69.2413,52,-104.0224,52,-83.879,52,-59.1995,52,-108.467,52,-75.4559,52,-70.4657,52,-75.896,52,-65.297,52,-69.588,52,-79.8013,52,-60.5101,52,-75.3145,52,-70.7424,52,-100.4557,52,-78.2666,52,-72.845,52,-55.68,52,-68.9328,52,-87.6061,52,-94.9508,52,-89.3145,52,-50.8604,52,-50.6499,52,-132.6604,52,-64.6711,52,-56.3042,52,-51.0859,52,-73.6423,52,-65.8076,52,-148.9853,52,-62.6682,52,-71.4389,52,-55.4405,52,-69.1476,52,-61.3856,52,-39.3392,52,-75.2512,52,-74.2668,52,-97.9052,52,-84.3391,52,-55.6247,52,-60.346,52,-55.6249,52,-126.1682,52,-89.6674,52,-62.6386,52,-81.8178,52,-109.1478,52,-62.2514,52,-84.0142,52,-49.8481,52,-106.2902,52,-125.8227,52,-60.5745,52,-88.2926,52,-96.8389
53,-65.6266,53,-69.4459,53,-73.6342,53,-76.1212,53,-57.5255,53,-76.9929,53,-73.4932,53,-81.9044,53,-114.7893,53,-67.0164,53,-76.6212,53,-56.0976,53,-124.3237,53,-86.0575,53,-49.6025,53,-131.5249,53,-62.6817,53,-82.6059,53,-109.0307,53,-128.1225,53,-61.9325,53,-93.3035,53,-61.2017,53,-99.6404,53,-71.2847,53,-57.5172,53,-78.8043,53,-90.1082,53,-62.0203,53,-47.8057,53,-50.801,53,-64.4775,53,-82.3517,53,-84.592,53,-95.9658,53,-52.9004,53,-107.269,53,-57.7716,53,-63.5687,53,-70.9782,53,-72.8142,53,-99.7172,53,-57.2396,53,-56.7136,53,-86.0471,53,-80.0845,53,-59.2875,53,-99.3701,53,-63.2406,53,-62.118,53,-67.7444,53,-64.3141,53,-75.5164,53,-80.18,53,-54.3017,53,-64.3645,53,-66.8535,53,-90.1836,53,-55.3407,53,-64.3245,53,-47.3032,53,-63.0494,53,-74.3,53,-82.0756,53,-73.6696,53,-54.3305,53,-46.3095,53,-124.9494,53,-59.0504,53,-48.8472,53,-54.3808,53,-70.851,53,-64.9522,53,-129.2595,53,-54.4299,53,-64.8043,53,-53.1916,53,-59.2471,53,-70.3571,53,-48.4127,53,-66.0278,53,-66.341,53,-87.203,53,-74.6332,53,-56.5193,53,-55.1157,53,-48.4776,53,-117.0184,53,-77.4201,53,-60.3588,53,-74.7119,53,-100.5726,53,-62.444,53,-74.4294,53,-43.8536,53,-89.896,53,-120.6729,53,-54.8634,53,-76.5987,53,-80.0243
54,-60.1728,54,-73.5008,54,-65.4699,54,-72.0091,54,-60.2036,54,-63.7581,54,-64.4754,54,-67.4367,54,-95.3585,54,-61.1525,54,-75.0299,54,-49.8028,54,-113.213,54,-83.4596,54,-45.3998,54,-111.7107,54,-52.0092,54,-75.1883,54,-89.2719,54,-117.6293,54,-60.4919,54,-82.3953,54,-50.7232,54,-91.8045,54,-69.4802,54,-60.2586,54,-69.4231,54,-87.0725,54,-62.6353,54,-54.6617,54,-53.1743,54,-57.7502,54,-72.2792,54,-78.2176,54,-81.335,54,-59.0598,54,-96.0883,54,-56.2826,54,-58.6319,54,-61.3152,54,-74.9228,54,-86.9708,54,-55.0962,54,-47.1785,54,-74.4561,54,-69.6013,54,-61.007,54,-84.8749,54,-58.727,54,-56.5539,54,-61.4295,54,-64.9045,54,-79.7856,54,-80.5146,54,-48.0256,54,-58.8031,54,-62.0715,54,-81.9324,54,-45.4294,54,-61.2693,54,-47.7175,54,-64.1458,54,-65.243,54,-68.9915,54,-63.408,54,-63.6434,54,-45.7269,54,-110.5711,54,-52.9467,54,-48.5625,54,-50.8328,54,-69.4798,54,-63.0383,54,-106.3692,54,-47.9004,54,-59.7716,54,-54.9375,54,-46.7446,54,-70.2506,54,-53.6225,54,-58.1825,54,-63.1592,54,-77.3451,54,-63.2643,54,-63.8008,54,-52.7217,54,-37.6023,54,-93.5082,54,-63.9569,54,-55.4783,54,-68.9384,54,-94.9833,54,-57.1525,54,-67.6235,54,-45.0678,54,-74.3517,54,-113.5436,54,-55.0271,54,-71.8566,54,-69.9062
55,-59.4149,55,-72.2295,55,-59.6081,55,-75.5664,55,-67.5738,55,-54.9543,55,-66.1786,55,-59.3556,55,-79.7446,55,-56.1681,55,-70.3202,55,-49.1985,55,-98.8077,55,-84.431,55,-43.1146,55,-92.7152,55,-48.1469,55,-69.8841,55,-77.5009,55,-100.0687,55,-61.4164,55,-75.699,55,-47.1197,55,-84.5545,55,-69.3792,55,-61.7957,55,-66.8014,55,-79.3245,55,-68.5124,55,-63.4467,55,-53.1222,55,-55.9029,55,-68.6295,55,-75.836,55,-68.0318,55,-56.2289,55,-80.5338,55,-58.3941,55,-55.9139,55,-68.2146,55,-71.4421,55,-77.6026,55,-51.4317,55,-49.293,55,-69.4289,55,-60.5349,55,-61.6185,55,-78.3707,55,-59.0369,55,-53.2669,55,-56.9561,55,-57.9095,55,-73.9643,55,-74.2127,55,-52.2902,55,-57.5013,55,-58.2624,55,-73.9441,55,-43.3434,55,-60.9655,55,-56.1148,55,-65.3956,55,-59.2684,55,-56.1965,55,-55.0048,55,-66.1565,55,-45.7568,55,-92.7101,55,-48.4189,55,-49.0291,55,-45.8082,55,-66.9709,55,-59.1929,55,-89.2063,55,-44.6628,55,-58.1673,55,-53.5721,55,-43.3793,55,-59.0791,55,-52.5602,55,-54.9905,55,-60.2442,55,-69.0446,55,-61.4615,55,-72.8898,55,-52.1057,55,-39.6708,55,-66.2246,55,-54.6861,55,-46.694,55,-61.2854,55,-88.7687,55,-49.8329,55,-63.5609,55,-51.3017,55,-65.5352,55,-106.4777,55,-56.8143,55,-69.3104,55,-65.2374
56,-64.1,56,-67.4101,56,-54.0715,56,-77.7259,56,-71.3412,56,-55.1986,56,-73.1125,56,-62.0074,56,-70.4505,56,-51.6419,56,-63.8886,56,-52.4611,56,-80.3189,56,-83.4941,56,-42.8806,56,-83.9016,56,-47.4238,56,-69.2022,56,-71.3083,56,-79.3546,56,-63.5969,56,-69.7506,56,-48.4638,56,-73.9703,56,-67.5785,56,-64.5496,56,-60.1925,56,-68.8618,56,-75.5734,56,-60.1686,56,-50.7677,56,-62.7291,56,-66.7418,56,-76.2796,56,-62.3243,56,-50.5318,56,-63.3454,56,-64.5844,56,-55.8401,56,-74.5785,56,-66.2107,56,-74.3071,56,-51.6783,56,-56.8619,56,-66.311,56,-58.3511,56,-60.5001,56,-77.0617,56,-59.3135,56,-50.6657,56,-53.2622,56,-59.132,56,-64.8523,56,-69.6133,56,-58.0128,56,-59.9159,56,-58.9116,56,-71.1602,56,-49.513,56,-61.7807,56,-61.6317,56,-65.7961,56,-50.3411,56,-56.6757,56,-50.9821,56,-61.057,56,-44.4393,56,-78.2267,56,-48.8387,56,-46.6225,56,-44.1409,56,-66.2868,56,-53.9749,56,-78.3006,56,-48.8873,56,-61.6917,56,-42.5013,56,-43.4901,56,-55.6271,56,-42.7318,56,-53.2465,56,-54.3542,56,-66.3468,56,-65.1827,56,-74.9009,56,-55.1191,56,-46.0407,56,-49.6248,56,-58.6352,56,-38.8336,56,-52.4751,56,-82.4679,56,-45.081,56,-62.6168,56,-56.9348,56,-63.8236,56,-96.7462,56,-56.7971,56,-61.3533,56,-57.2231
57,-62.326,57,-63.2623,57,-50.0892,57,-72.389,57,-65.9581,57,-61.7159,57,-75.8832,57,-70.2488,57,-64.9958,57,-48.2007,57,-64.0869,57,-59.845,57,-64.3353,57,-78.7864,57,-41.6652,57,-75.7265,57,-46.8354,57,-65.7172,57,-70.1187,57,-64.0542,57,-67.164,57,-64.5571,57,-51.343,57,-62.4502,57,-66.3684,57,-69.8576,57,-55.9542,57,-61.1788,57,-78.5888,57,-55.1377,57,-52.0046,57,-70.6846,57,-64.8155,57,-78.8023,57,-63.4747,57,-49.4937,57,-51.79,57,-69.9739,57,-58.2695,57,-73.1872,57,-59.8573,57,-73.1359,57,-62.1511,57,-60.5059,57,-61.8197,57,-60.9989,57,-56.8893,57,-76.755,57,-58.0859,57,-50.1959,57,-51.7455,57,-62.5036,57,-57.3018,57,-65.3942,57,-59.9055,57,-56.6448,57,-59.074,57,-70.7535,57,-60.785,57,-57.5922,57,-60.9542,57,-67.8244,57,-43.9877,57,-60.0776,57,-50.8017,57,-59.0271,57,-44.158,57,-70.0585,57,-53.4659,57,-46.5021,57,-46.6246,57,-67.3717,57,-47.2299,57,-71.0454,57,-52.7491,57,-64.4855,57,-37.7116,57,-41.5713,57,-58.7928,57,-38.2873,57,-45.8702,57,-48.1935,57,-61.7354,57,-64.2739,57,-74.8445,57,-58.5267,57,-52.3901,57,-48.3961,57,-70.3555,57,-39.6339,57,-45.9765,57,-80.4138,57,-44.0202,57,-59.6781,57,-58.1648,57,-64.0329,57,-83.9027,57,-52.9469,57,-53.9683,57,-51.7942
58,-56.3297,58,-62.4921,58,-50.0437,58,-66.0799,58,-56.7899,58,-70.8198,58,-73.4741,58,-77.3854,58,-60.3784,58,-46.4795,58,-70.7204,58,-68.2413,58,-59.7601,58,-73.5522,58,-41.1465,58,-64.3312,58,-52.9969,58,-55.7989,58,-74.8188,58,-58.7056,58,-67.4476,58,-59.8687,58,-55.8692,58,-60.5303,58,-67.3314,58,-75.5944,58,-57.7714,58,-55.9409,58,-80.0087,58,-52.6386,58,-56.7076,58,-71.8213,58,-63.4035,58,-78.8126,58,-73.5939,58,-49.6316,58,-50.6633,58,-66.2999,58,-67.6713,58,-69.2367,58,-53.1704,58,-74.8881,58,-63.4184,58,-56.7394,58,-54.9864,58,-58.8559,58,-53.7492,58,-73.7829,58,-56.4394,58,-54.3603,58,-52.5901,58,-65.0417,58,-54.482,58,-65.0009,58,-60.0288,58,-53.1411,58,-61.6941,58,-67.3099,58,-70.5201,58,-53.2039,58,-55.2265,58,-70.2645,58,-46.4134,58,-62.3328,58,-47.9627,58,-60.4418,58,-47.4432,58,-69.7653,58,-57.5231,58,-48.5854,58,-50.9842,58,-71.7669,58,-44.7927,58,-69.4471,58,-53.3727,58,-60.4437,58,-43.8584,58,-33.9583,58,-61.69,58,-40.2844,58,-37.8526,58,-48.5187,58,-55.6973,58,-61.2321,58,-76.4352,58,-61.9906,58,-62.8878,58,-48.3003,58,-70.5232,58,-43.7221,58,-45.9975,58,-77.2563,58,-43.1192,58,-59.3893,58,-56.9496,58,-63.3218,58,-73.9786,58,-51.069,58,-53.9036,58,-48.2931
59,-54.9019,59,-60.5047,59,-49.5082,59,-67.8193,59,-51.8544,59,-76.7507,59,-70.2982,59,-78.1916,59,-57.4407,59,-42.5185,59,-72.0262,59,-71.2862,59,-62.4242,59,-65.6529,59,-42.6492,59,-58.2269,59,-60.238,59,-49.293,59,-81.6933,59,-60.0382,59,-65.1895,59,-57.4928,59,-64.3886,59,-65.7531,59,-69.1652,59,-84.5839,59,-63.7759,59,-56.063,59,-80.9919,59,-52.6971,59,-55.6609,59,-70.6882,59,-65.6681,59,-73.4317,59,-82.4374,59,-52.8917,59,-49.7768,59,-62.174,59,-73.6323,59,-62.9874,59,-51.416,59,-76.0492,59,-60.6112,59,-53.5415,59,-51.7831,59,-53.6424,59,-55.4803,59,-69.0069,59,-59.4066,59,-61.1298,59,-57.3294,59,-64.2491,59,-52.767,59,-66.0461,59,-61.9015,59,-55.5734,59,-69.0944,59,-64.3223,59,-73.9571,59,-52.8648,59,-44.3033,59,-74.4175,59,-55.9948,59,-59.4051,59,-45.6188,59,-62.1337,59,-50.0406,59,-77.1395,59,-56.7887,59,-49.4687,59,-53.6953,59,-78.4103,59,-46.36,59,-75.9382,59,-56.2888,59,-55.4875,59,-51.3621,59,-34.7685,59,-61.0953,59,-37.984,59,-38.0611,59,-54.9782,59,-52.3654,59,-58.8384,59,-75.4513,59,-63.4247,59,-75.1162,59,-50.8778,59,-64.9486,59,-43.5469,59,-47.266,59,-66.1381,59,-39.5827,59,-56.418,59,-54.8256,59,-66.085,59,-70.9193,59,-53.0037,59,-58.8486,59,-45.3962
60,-57.3699,60,-55.5943,60,-45.5023,60,-74.6404,60,-53.0352,60,-77.377,60,-66.3821,60,-76.5965,60,-58.151,60,-38.4096,60,-65.7102,60,-73.6686,60,-65.917,60,-63.8901,60,-48.4139,60,-57.2686,60,-62.3894,60,-48.6475,60,-82.5033,60,-59.7343,60,-60.3989,60,-57.5145,60,-74.1675,60,-64.6768,60,-68.6689,60,-83.5226,60,-66.3224,60,-63.2856,60,-82.0294,60,-56.5181,60,-49.4837,60,-71.0767,60,-70.1081,60,-64.6622,60,-73.7118,60,-52.8338,60,-45.1751,60,-61.5591,60,-75.2451,60,-49.044,60,-54.2717,60,-77.3245,60,-63.9058,60,-49.5884,60,-50.5816,60,-54.793,60,-59.1097,60,-66.5562,60,-60.6248,60,-67.6123,60,-61.3589,60,-62.8041,60,-52.1785,60,-66.7142,60,-67.5363,60,-60.9244,60,-73.0859,60,-64.3796,60,-70.1132,60,-56.7109,60,-34.4118,60,-69.487,60,-61.1131,60,-56.0545,60,-48.5848,60,-60.7772,60,-54.2099,60,-77.3149,60,-52.2565,60,-48.7989,60,-58.5715,60,-80.3966,60,-47.2687,60,-84.4355,60,-54.518,60,-55.7429,60,-59.071,60,-40.8028,60,-60.641,60,-31.6244,60,-42.0408,60,-60.1804,60,-55.3099,60,-63.9356,60,-68.9196,60,-63.0944,60,-75.5914,60,-54.4592,60,-57.6729,60,-41.9084,60,-45.8868,60,-56.1716,60,-40.3138,60,-54.7213,60,-48.1866,60,-72.6903,60,-71.3731,60,-57.1529,60,-66.4021,60,-42.3086
61,-58.6502,61,-51.8842,61,-41.7811,61,-78.2233,61,-57.2408,61,-69.8049,61,-63.008,61,-73.6444,61,-60.8713,61,-40.9187,61,-59.292,61,-78.9153,61,-72.5934,61,-65.9663,61,-57.071,61,-57.3917,61,-64.3409,61,-45.4185,61,-76.0649,61,-60.9027,61,-54.2105,61,-59.449,61,-73.302,61,-58.7977,61,-69.234,61,-81.2946,61,-69.2143,61,-70.0158,61,-90.9994,61,-67.5201,61,-50.5823,61,-69.5543,61,-69.3184,61,-58.1118,61,-62.2122,61,-56.9902,61,-44.9844,61,-63.5064,61,-71.8952,61,-39.6883,61,-58.7631,61,-78.7025,61,-67.7805,61,-42.7876,61,-47.1895,61,-61.0935,61,-59.0967,61,-65.7789,61,-60.7127,61,-70.4856,61,-67.1391,61,-51.5247,61,-52.9142,61,-73.8509,61,-65.5088,61,-61.8798,61,-72.212,61,-64.3798,61,-68.4685,61,-63.4147,61,-32.389,61,-61.9292,61,-56.7578,61,-55.5055,61,-52.6229,61,-55.8554,61,-60.4888,61,-69.8146,61,-52.5561,61,-47.5994,61,-58.887,61,-78.2759,61,-49.9633,61,-87.5047,61,-50.0183,61,-59.4879,61,-63.3339,61,-50.1107,61,-60.5516,61,-31.4236,61,-45.6987,61,-59.9606,61,-60.8302,61,-70.1805,61,-55.8802,61,-59.9987,61,-64.0935,61,-57.7257,61,-52.8826,61,-44.1421,61,-49.5128,61,-54.2292,61,-45.3391,61,-56.5464,61,-42.5199,61,-74.2022,61,-69.5716,61,-63.1854,61,-70.4448,61,-39.7006
62,-57.3271,62,-48.9571,62,-43.7167,62,-77.3182,62,-62.2912,62,-58.3452,62,-60.318,62,-65.8101,62,-57.1878,62,-43.4768,62,-54.0344,62,-83.2981,62,-79.6292,62,-71.7578,62,-59.1186,62,-53.3868,62,-59.4551,62,-45.4791,62,-72.3162,62,-62.8184,62,-52.4851,62,-65.572,62,-61.0537,62,-54.2857,62,-67.2872,62,-82.8525,62,-68.4743,62,-71.1636,62,-91.4354,62,-77.8619,62,-46.4823,62,-64.3793,62,-63.0785,62,-54.5116,62,-56.5529,62,-62.348,62,-50.9133,62,-62.2922,62,-70.7496,62,-43.2899,62,-67.0904,62,-83.9859,62,-66.9541,62,-42.0832,62,-46.0222,62,-69.695,62,-55.9132,62,-64.1537,62,-59.8979,62,-71.3903,62,-71.6376,62,-49.0417,62,-53.7484,62,-78.1066,62,-61.1932,62,-59.7503,62,-70.4643,62,-59.2576,62,-64.9788,62,-64.7185,62,-35.5115,62,-60.9247,62,-53.9396,62,-54.1654,62,-54.6055,62,-49.7362,62,-59.9514,62,-63.3614,62,-54.2777,62,-44.1148,62,-55.5121,62,-72.2999,62,-54.5366,62,-80.4983,62,-50.345,62,-56.4562,62,-58.1047,62,-53.6704,62,-63.4811,62,-39.5732,62,-44.97,62,-59.2422,62,-66.3247,62,-74.3569,62,-44.1537,62,-58.2747,62,-62.6377,62,-56.8329,62,-55.2488,62,-50.0729,62,-59.7462,62,-56.944,62,-54.1215,62,-60.5368,62,-41.6422,62,-69.322,62,-65.9781,62,-71.7499,62,-70.3672,62,-41.548
63,-56.5357,63,-52.9095,63,-47.5229,63,-75.8002,63,-60.6801,63,-51.339,63,-61.0166,63,-54.1967,63,-53.3738,63,-45.2177,63,-45.636,63,-83.3118,63,-78.6321,63,-74.9469,63,-55.3185,63,-50.1646,63,-56.924,63,-40.813,63,-68.9124,63,-64.6149,63,-53.7002,63,-71.2314,63,-50.5582,63,-52.7541,63,-66.0895,63,-82.8036,63,-64.6259,63,-70.6186,63,-84.8757,63,-81.942,63,-40.5775,63,-58.8237,63,-59.4236,63,-54.735,63,-55.5588,63,-61.6583,63,-51.9803,63,-59.0849,63,-73.4019,63,-48.3466,63,-71.0485,63,-86.031,63,-58.6964,63,-51.2411,63,-48.7607,63,-72.2013,63,-51.4686,63,-62.3824,63,-60.836,63,-69.031,63,-72.1897,63,-48.4086,63,-52.6892,63,-76.4232,63,-62.0751,63,-60.8147,63,-69.2673,63,-57.3689,63,-53.1536,63,-56.6519,63,-42.0113,63,-65.0899,63,-63.7163,63,-53.3553,63,-54.5088,63,-50.075,63,-61.5106,63,-62.3937,63,-54.5342,63,-41.877,63,-55.2008,63,-60.6801,63,-51.1673,63,-73.0989,63,-56.6024,63,-52.0445,63,-47.974,63,-58.2564,63,-66.2226,63,-43.5965,63,-45.6573,63,-58.4538,63,-67.0578,63,-74.9403,63,-38.1864,63,-57.9123,63,-61.4677,63,-54.3642,63,-57.1612,63,-57.3032,63,-67.0803,63,-61.0879,63,-62.9272,63,-59.427,63,-42.439,63,-62.3256,63,-68.539,63,-78.161,63,-68.0461,63,-44.2088
64,-55.803,64,-60.3504,64,-52.36,64,-77.1455,64,-56.3279,64,-50.0761,64,-66.4529,64,-48.2689,64,-53.2572,64,-45.4701,64,-40.2331,64,-75.8278,64,-74.3464,64,-69.9614,64,-53.9328,64,-53.942,64,-57.4463,64,-38.672,64,-68.1269,64,-66.7349,64,-52.9317,64,-71.0307,64,-46.7757,64,-54.4584,64,-66.5517,64,-76.6745,64,-60.5566,64,-76.542,64,-77.7,64,-79.7099,64,-41.701,64,-60.6309,64,-59.446,64,-56.5243,64,-59.0708,64,-59.771,64,-45.5556,64,-59.8038,64,-66.581,64,-53.8909,64,-65.0611,64,-84.0893,64,-49.428,64,-60.8603,64,-49.7181,64,-64.1332,64,-49.2018,64,-61.7358,64,-62.7514,64,-63.1231,64,-68.9963,64,-50.1286,64,-46.4017,64,-69.1956,64,-66.9759,64,-62.9336,64,-67.5787,64,-59.9649,64,-53.1982,64,-52.282,64,-50.8167,64,-72.3882,64,-76.1757,64,-55.183,64,-56.343,64,-56.4965,64,-66.793,64,-66.3419,64,-52.2625,64,-46.5995,64,-55.0836,64,-52.3206,64,-39.4165,64,-71.8239,64,-63.5209,64,-57.46,64,-47.7768,64,-60.4431,64,-63.6836,64,-43.7418,64,-45.9679,64,-59.9966,64,-67.6126,64,-74.9243,64,-42.8174,64,-57.8165,64,-54.1247,64,-56.666,64,-55.5563,64,-60.8757,64,-64.4793,64,-61.9515,64,-66.2622,64,-55.7921,64,-40.6193,64,-58.1317,64,-72.84,64,-82.5241,64,-62.727,64,-45.9461
65,-56.5233,65,-65.9363,65,-54.97,65,-74.8878,65,-60.4615,65,-51.8915,65,-71.9445,65,-51.6751,65,-50.8899,65,-48.8428,65,-41.7857,65,-72.8052,65,-75.4321,65,-67.1474,65,-52.1023,65,-64.2377,65,-59.055,65,-40.9141,65,-69.0492,65,-67.6647,65,-55.1112,65,-66.6574,65,-53.8315,65,-55.2376,65,-66.004,65,-73.5085,65,-59.137,65,-82.0223,65,-74.1975,65,-80.9203,65,-46.1097,65,-69.6193,65,-62.6238,65,-59.2955,65,-63.0407,65,-55.6513,65,-42.0692,65,-66.1102,65,-55.9761,65,-57.017,65,-59.3404,65,-80.2912,65,-47.5985,65,-66.5301,65,-47.7838,65,-58.0755,65,-55.9975,65,-64.215,65,-61.7926,65,-59.2974,65,-65.6965,65,-52.4421,65,-38.2209,65,-64.8638,65,-66.8705,65,-68.3332,65,-62.3802,65,-61.8996,65,-60.886,65,-53.179,65,-52.7145,65,-79.3724,65,-76.5523,65,-58.5357,65,-61.7517,65,-64.3146,65,-71.4976,65,-67.747,65,-47.6722,65,-54.3053,65,-53.4844,65,-51.8742,65,-32.6285,65,-69.2741,65,-69.4105,65,-66.4996,65,-51.0489,65,-58.4016,65,-59.8633,65,-42.9258,65,-48.5172,65,-65.6381,65,-64.3976,65,-74.953,65,-49.9601,65,-56.5971,65,-45.526,65,-54.7552,65,-56.4464,65,-54.9852,65,-54.8343,65,-63.1263,65,-66.3083,65,-52.7944,65,-37.8744,65,-55.8483,65,-75.9599,65,-87.1623,65,-55.5135,65,-46.4454
66,-58.5956,66,-67.1962,66,-56.6664,66,-67.4735,66,-66.2443,66,-55.8868,66,-67.0768,66,-51.9757,66,-53.4355,66,-52.0093,66,-47.4874,66,-72.7319,66,-80.1864,66,-70.2405,66,-53.3569,66,-70.7578,66,-57.8241,66,-42.0639,66,-70.5288,66,-72.815,66,-59.9321,66,-62.5251,66,-62.612,66,-46.6316,66,-60.382,66,-75.5073,66,-59.7239,66,-74.8984,66,-71.5031,66,-77.3606,66,-51.3189,66,-70.73,66,-70.6346,66,-65.0377,66,-64.2674,66,-46.2695,66,-45.3054,66,-70.532,66,-49.8443,66,-54.9517,66,-60.6502,66,-74.8327,66,-50.186,66,-68.2189,66,-46.9337,66,-55.6833,66,-66.1276,66,-66.2426,66,-63.9365,66,-53.6923,66,-65.8548,66,-58.1513,66,-34.4031,66,-68.8611,66,-62.8842,66,-72.9688,66,-59.1919,66,-65.0693,66,-62.1124,66,-58.6498,66,-47.8159,66,-79.1585,66,-69.8928,66,-64.5511,66,-61.3476,66,-59.6349,66,-74.2272,66,-68.7371,66,-41.8714,66,-57.8983,66,-60.6843,66,-55.795,66,-31.9033,66,-67.3884,66,-67.6735,66,-69.185,66,-54.4951,66,-57.4398,66,-56.7537,66,-38.0499,66,-51.6978,66,-75.2175,66,-67.2839,66,-66.1778,66,-47.6102,66,-64.8499,66,-45.6798,66,-47.6956,66,-57.9881,66,-48.5598,66,-47.2477,66,-65.8429,66,-62.5397,66,-49.9161,66,-41.9247,66,-53.1986,66,-82.0634,66,-85.667,66,-47.6061,66,-49.4564
67,-61.1742,67,-66.5017,67,-62.1611,67,-64.0302,67,-64.9234,67,-60.1215,67,-58.5257,67,-47.6448,67,-60.0823,67,-49.6864,67,-52.2847,67,-68.7543,67,-82.0319,67,-71.9123,67,-55.5467,67,-68.6081,67,-56.129,67,-42.3895,67,-69.8508,67,-70.1258,67,-60.0184,67,-61.8407,67,-65.6609,67,-37.4013,67,-55.3179,67,-72.1819,67,-60.0085,67,-63.5946,67,-67.9366,67,-74.7212,67,-58.6791,67,-61.3123,67,-69.8253,67,-70.0997,67,-66.0848,67,-42.8342,67,-54.3391,67,-69.0787,67,-51.7759,67,-53.8842,67,-62.1198,67,-68.8029,67,-61.3182,67,-70.7471,67,-49.609,67,-53.553,67,-69.1078,67,-65.4708,67,-68.1144,67,-57.8089,67,-69.911,67,-64.6713,67,-37.4798,67,-72.0578,67,-65.0438,67,-73.8601,67,-61.4282,67,-67.2109,67,-62.7011,67,-62.014,67,-44.903,67,-72.0593,67,-65.5817,67,-72.079,67,-51.3237,67,-56.8666,67,-75.9732,67,-72.0582,67,-37.815,67,-63.3736,67,-69.7729,67,-62.874,67,-32.8853,67,-73.8612,67,-64.0477,67,-65.5958,67,-62.2535,67,-58.2604,67,-57.964,67,-33.8231,67,-52.3531,67,-81.2448,67,-77.1569,67,-60.4047,67,-42.1524,67,-74.8686,67,-48.271,67,-40.6961,67,-53.2071,67,-50.9467,67,-48.4106,67,-63.2837,67,-56.7373,67,-49.4727,67,-49.4972,67,-51.0008,67,-86.3201,67,-79.0406,67,-47.5389,67,-52.4369
68,-62.7687,68,-63.8275,68,-67.9531,68,-66.5803,68,-57.6803,68,-66.7828,68,-55.3627,68,-45.181,68,-68.7943,68,-47.1199,68,-49.3168,68,-63.6128,68,-81.8943,68,-73.6959,68,-56.8119,68,-61.4535,68,-55.7049,68,-41.7157,68,-66.8997,68,-63.8892,68,-59.0999,68,-64.2411,68,-66.2737,68,-35.0137,68,-59.9029,68,-70.6641,68,-57.2836,68,-58.6109,68,-64.5808,68,-72.9498,68,-62.6189,68,-56.749,68,-66.1562,68,-73.2568,68,-65.1627,68,-45.4997,68,-54.1499,68,-64.2911,68,-56.1785,68,-52.8673,68,-63.2316,68,-65.0064,68,-71.9564,68,-69.9122,68,-52.2473,68,-56.7653,68,-69.4015,68,-64.4937,68,-70.6861,68,-65.4026,68,-72.3448,68,-71.0981,68,-39.1581,68,-67.7737,68,-65.7112,68,-74.9136,68,-66.0324,68,-68.4565,68,-63.6223,68,-64.9678,68,-47.6685,68,-65.3522,68,-57.497,68,-76.8534,68,-43.4955,68,-56.5586,68,-75.6084,68,-72.0268,68,-38.8338,68,-69.059,68,-73.9496,68,-68.8398,68,-40.7679,68,-80.3423,68,-63.7942,68,-62.9901,68,-64.5835,68,-56.4014,68,-62.0423,68,-36.3597,68,-55.8598,68,-73.9779,68,-80.3535,68,-57.8356,68,-36.0721,68,-77.6708,68,-47.9221,68,-36.26,68,-47.6512,68,-55.9256,68,-55.6499,68,-56.511,68,-50.6736,68,-54.6525,68,-51.5463,68,-58.1893,68,-79.5245,68,-75.3463,68,-54.5843,68,-49.455
69,-63.6398,69,-60.8109,69,-67.7791,69,-66.0619,69,-51.4967,69,-71.666,69,-57.3076,69,-50.2405,69,-73.8212,69,-45.0198,69,-45.0478,69,-71.9831,69,-78.9772,69,-75.2276,69,-57.6248,69,-60.7157,69,-57.5762,69,-48.4886,69,-65.0061,69,-60.7422,69,-56.2211,69,-64.2754,69,-67.7515,69,-37.8409,69,-64.5045,69,-73.4188,69,-49.4912,69,-59.5953,69,-63.42,69,-77.7052,69,-60.6294,69,-63.2891,69,-62.9891,69,-74.2067,69,-65.4565,69,-49.2304,69,-54.8126,69,-56.5509,69,-60.1854,69,-51.1378,69,-64.8139,69,-64.1768,69,-78.2789,69,-70.4216,69,-52.6899,69,-61.8033,69,-69.657,69,-69.4777,69,-72.5226,69,-69.4447,69,-70.2279,69,-73.2087,69,-35.4284,69,-64.5568,69,-65.5192,69,-78.0405,69,-66.8339,69,-68.9524,69,-65.2272,69,-67.8352,69,-46.0695,69,-67.8702,69,-48.8187,69,-76.7111,69,-40.333,69,-55.8541,69,-70.6782,69,-72.2944,69,-37.7002,69,-69.7525,69,-73.784,69,-66.6883,69,-54.1953,69,-83.5318,69,-67.075,69,-62.2898,69,-61.665,69,-53.043,69,-62.2268,69,-44.3387,69,-51.9104,69,-56.1928,69,-78.0151,69,-52.7281,69,-35.1506,69,-70.3924,69,-53.9059,69,-35.8535,69,-47.6703,69,-58.6651,69,-57.6934,69,-50.801,69,-44.7492,69,-61.4552,69,-53.1757,69,-69.2243,69,-65.6223,69,-76.4235,69,-63.5854,69,-46.9538
70,-65.0954,70,-60.9608,70,-62.2365,70,-64.0726,70,-48.1398,70,-73.0735,70,-59.8553,70,-60.158,70,-75.5125,70,-45.6129,70,-49.899,70,-84.3806,70,-76.3416,70,-73.7592,70,-52.4547,70,-63.1374,70,-59.8904,70,-54.6874,70,-65.2255,70,-60.087,70,-50.5276,70,-62.1861,70,-67.8907,70,-43.6212,70,-69.1746,70,-73.9257,70,-42.3589,70,-60.0609,70,-63.3899,70,-82.9388,70,-61.9665,70,-70.2565,70,-58.3259,70,-70.971,70,-70.3669,70,-58.1119,70,-57.0608,70,-52.2295,70,-68.6283,70,-51.2686,70,-62.8428,70,-66.6518,70,-79.2183,70,-74.3591,70,-48.0728,70,-57.2429,70,-70.0973,70,-74.8839,70,-74.4413,70,-75.0802,70,-70.6169,70,-67.2843,70,-33.9762,70,-58.8834,70,-64.6317,70,-74.7771,70,-64.3862,70,-68.4752,70,-58.9636,70,-66.9071,70,-54.3776,70,-71.5056,70,-40.8518,70,-73.9289,70,-37.8164,70,-54.1736,70,-67.4791,70,-74.1405,70,-42.1082,70,-67.3491,70,-71.6773,70,-60.9739,70,-63.305,70,-89.2477,70,-68.8822,70,-63.5485,70,-58.9924,70,-47.5535,70,-56.5595,70,-38.2286,70,-41.9124,70,-47.467,70,-73.337,70,-45.5256,70,-38.6998,70,-61.2337,70,-61.6856,70,-39.0917,70,-52.0358,70,-62.1518,70,-57.7489,70,-54.2057,70,-39.5549,70,-60.8883,70,-59.2969,70,-74.8003,70,-57.9101,70,-79.8304,70,-71.9709,70,-45.123
71,-66.6691,71,-66.5517,71,-59.1922,71,-61.9175,71,-48.1445,71,-75.8577,71,-60.6267,71,-66.9218,71,-69.9419,71,-48.3909,71,-59.8655,71,-84.4031,71,-79.1026,71,-70.4526,71,-46.6293,71,-65.9939,71,-63.6875,71,-59.5969,71,-72.2633,71,-64.1785,71,-46.9066,71,-56.2587,71,-67.5953,71,-46.8388,71,-68.4538,71,-71.9556,71,-42.4197,71,-61.651,71,-60.0141,71,-81.3023,71,-61.7974,71,-73.7857,71,-59.7873,71,-64.8516,71,-78.7868,71,-63.9285,71,-63.7327,71,-55.1789,71,-72.7107,71,-53.8177,71,-60.301,71,-69.8332,71,-76.379,71,-74.6637,71,-47.3322,71,-59.2228,71,-69.855,71,-72.0348,71,-77.5519,71,-78.3138,71,-73.7324,71,-60.3628,71,-37.4934,71,-60.0359,71,-63.5499,71,-70.0629,71,-64.8722,71,-65.0972,71,-46.3268,71,-64.4609,71,-61.687,71,-73.934,71,-38.9623,71,-72.7549,71,-37.4353,71,-58.1465,71,-67.3692,71,-75.7183,71,-48.2303,71,-64.3542,71,-66.7122,71,-59.7534,71,-61.6978,71,-94.9078,71,-62.1348,71,-66.6968,71,-56.5897,71,-42.5381,71,-57.8404,71,-30.5572,71,-39.0233,71,-50.0503,71,-70.7276,71,-45.7042,71,-44.5126,71,-64.7487,71,-60.8806,71,-41.5917,71,-50.4061,71,-62.1254,71,-64.9587,71,-59.7553,71,-39.4676,71,-60.4814,71,-59.6247,71,-69.4345,71,-60.2363,71,-84.7968,71,-78.1341,71,-45.7383
72,-64.8064,72,-72.9761,72,-58.0382,72,-57.5057,72,-52.5937,72,-81.1279,72,-58.1511,72,-67.4914,72,-61.609,72,-54.725,72,-68.1165,72,-82.7588,72,-85.2466,72,-67.9954,72,-48.4228,72,-66.6222,72,-66.5153,72,-60.0025,72,-73.8866,72,-70.9259,72,-47.6049,72,-50.947,72,-69.4844,72,-49.7927,72,-63.9036,72,-67.0812,72,-47.4139,72,-58.6453,72,-60.9492,72,-74.8852,72,-63.9133,72,-74.7812,72,-63.8897,72,-57.3038,72,-81.6973,72,-62.9535,72,-71.0532,72,-60.6892,72,-69.9403,72,-56.3006,72,-56.634,72,-68.9937,72,-69.9347,72,-66.3506,72,-54.2463,72,-67.3585,72,-64.6194,72,-65.5706,72,-75.8789,72,-81.2462,72,-72.6508,72,-54.73,72,-41.028,72,-66.4031,72,-60.6583,72,-71.7152,72,-65.9147,72,-61.703,72,-41.6943,72,-63.3577,72,-53.4938,72,-73.987,72,-47.6368,72,-68.7468,72,-41.857,72,-68.011,72,-67.3745,72,-71.6902,72,-49.8179,72,-63.8808,72,-62.1437,72,-64.9587,72,-55.1514,72,-94.1633,72,-54.9644,72,-67.0309,72,-59.5816,72,-39.7413,72,-59.5841,72,-29.8377,72,-40.6789,72,-48.9997,72,-71.9517,72,-47.4469,72,-47.6422,72,-67.2144,72,-50.6615,72,-43.7269,72,-46.6091,72,-53.5571,72,-74.7454,72,-59.0482,72,-43.856,72,-65.9239,72,-52.4317,72,-62.5917,72,-62.8632,72,-86.6484,72,-81.9055,72,-48.8435
73,-60.3331,73,-73.9461,73,-51.1761,73,-53.4829,73,-57.1465,73,-83.9266,73,-58.1997,73,-65.6503,73,-53.7327,73,-60.1712,73,-67.4969,73,-82.7919,73,-83.633,73,-68.6185,73,-52.8011,73,-58.5928,73,-66.4285,73,-57.6103,73,-70.8509,73,-72.2019,73,-51.3743,73,-48.3612,73,-71.0374,73,-47.9142,73,-62.9717,73,-62.7499,73,-52.033,73,-48.5606,73,-66.9244,73,-64.3586,73,-67.6812,73,-76.4306,73,-64.7581,73,-55.4177,73,-81.25,73,-62.4879,73,-72.1178,73,-63.9833,73,-67.8108,73,-57.4749,73,-55.4765,73,-65.466,73,-56.0834,73,-62.6227,73,-62.9646,73,-74.0089,73,-58.2197,73,-64.3466,73,-70.3296,73,-86.888,73,-64.6706,73,-49.1966,73,-47.0045,73,-69.6954,73,-61.9496,73,-73.8869,73,-67.1964,73,-56.0056,73,-44.675,73,-60.4137,73,-40.74,73,-72.9608,73,-56.2203,73,-65.1713,73,-49.4976,73,-72.376,73,-66.4519,73,-61.9761,73,-45.3506,73,-62.5033,73,-59.814,73,-71.3089,73,-52.7035,73,-92.2832,73,-54.1679,73,-63.9256,73,-66.4328,73,-45.7451,73,-57.197,73,-35.5048,73,-47.0725,73,-46.9673,73,-75.0693,73,-51.5798,73,-46.115,73,-65.3842,73,-49.0955,73,-43.5752,73,-41.7946,73,-46.0604,73,-77.3178,73,-57.6492,73,-47.513,73,-69.2362,73,-43.541,73,-60.6322,73,-68.8567,73,-86.3435,73,-82.8011,73,-55.3535
74,-59.372,74,-69.9461,74,-40.6754,74,-50.4247,74,-59.1745,74,-77.9902,74,-61.8483,74,-66.0038,74,-50.1398,74,-59.9078,74,-67.6157,74,-83.485,74,-79.2477,74,-71.0576,74,-56.6558,74,-50.6332,74,-67.3354,74,-59.7133,74,-70.9993,74,-70.7879,74,-53.034,74,-54.4793,74,-71.7159,74,-47.7583,74,-58.4411,74,-61.5337,74,-55.2309,74,-47.263,74,-73.7909,74,-57.1235,74,-68.0341,74,-74.2644,74,-68.0466,74,-61.9632,74,-80.7404,74,-64.2699,74,-69.6233,74,-68.0422,74,-66.0947,74,-56.7671,74,-62.7291,74,-61.6828,74,-48.2517,74,-58.5915,74,-65.2983,74,-71.8907,74,-57.3447,74,-66.5811,74,-66.0272,74,-90.6631,74,-59.0402,74,-45.5462,74,-54.0098,74,-72.1465,74,-68.4045,74,-70.9432,74,-71.9179,74,-49.0334,74,-44.3476,74,-56.7873,74,-31.0541,74,-71.2939,74,-57.0544,74,-67.1051,74,-59.1566,74,-68.5627,74,-67.9725,74,-53.2934,74,-41.2674,74,-59.6308,74,-59.3663,74,-76.0532,74,-58.5566,74,-94.701,74,-55.8545,74,-61.8162,74,-69.7376,74,-51.6148,74,-56.5848,74,-36.7108,74,-52.6228,74,-49.8585,74,-75.5834,74,-58.1381,74,-48.2717,74,-63.0667,74,-57.3433,74,-38.5113,74,-47.5738,74,-47.6036,74,-69.8633,74,-55.1925,74,-49.1103,74,-65.3483,74,-35.4324,74,-64.4487,74,-77.5013,74,-89.065,74,-84.6361,74,-60.5722
75,-59.259,75,-67.9176,75,-34.9473,75,-47.7382,75,-59.7882,75,-70.2217,75,-60.0543,75,-70.1222,75,-50.0039,75,-54.6789,75,-73.6367,75,-83.1814,75,-77.1968,75,-68.8704,75,-55.7403,75,-53.8552,75,-66.0495,75,-62.7211,75,-71.8522,75,-68.6614,75,-56.183,75,-59.5063,75,-74.5818,75,-52.8654,75,-55.5091,75,-64.7633,75,-58.3022,75,-49.8622,75,-82.2189,75,-58.298,75,-65.1733,75,-74.8579,75,-76.5857,75,-70.1856,75,-80.9915,75,-65.302,75,-64.3631,75,-70.1074,75,-66.8947,75,-58.5831,75,-67.5772,75,-63.71,75,-47.8469,75,-54.5194,75,-66.5303,75,-69.8053,75,-65.9404,75,-66.8328,75,-64.9758,75,-88.4746,75,-62.0493,75,-45.2539,75,-59.9537,75,-72.2649,75,-74.9577,75,-69.2493,75,-76.2057,75,-47.4513,75,-43.1052,75,-59.1704,75,-30.8328,75,-72.9839,75,-58.6262,75,-71.6494,75,-65.0153,75,-62.2918,75,-69.8518,75,-57.6622,75,-37.8122,75,-56.4869,75,-55.3496,75,-78.6516,75,-58.2515,75,-93.895,75,-59.337,75,-63.2351,75,-67.3711,75,-55.956,75,-59.5093,75,-40.8166,75,-51.3092,75,-52.8972,75,-73.473,75,-64.7835,75,-56.9143,75,-56.7317,75,-67.0702,75,-38.7179,75,-53.1299,75,-52.326,75,-62.6435,75,-53.0599,75,-48.5874,75,-62.1415,75,-32.1538,75,-70.3845,75,-81.7516,75,-86.2701,75,-88.2775,75,-58.8251
76,-58.1002,76,-69.7852,76,-32.3572,76,-49.1932,76,-59.1678,76,-68.8922,76,-54.1836,76,-71.7436,76,-52.0728,76,-52.2409,76,-72.6606,76,-84.9722,76,-74.7844,76,-64.3387,76,-48.7469,76,-60.0885,76,-65.3248,76,-63.4919,76,-70.3954,76,-64.6606,76,-59.6454,76,-64.7061,76,-73.3204,76,-58.9798,76,-57.484,76,-67.1137,76,-59.2718,76,-53.7945,76,-86.2207,76,-65.707,76,-62.907,76,-75.1951,76,-80.279,76,-69.396,76,-75.2369,76,-61.9962,76,-57.0173,76,-63.5481,76,-68.3191,76,-55.2674,76,-69.8625,76,-67.511,76,-51.0106,76,-55.6928,76,-68.3387,76,-66.7549,76,-79.0486,76,-65.8156,76,-65.2367,76,-75.449,76,-67.2359,76,-51.4932,76,-61.9476,76,-71.2571,76,-78.7279,76,-66.9225,76,-77.8721,76,-50.5444,76,-52.1203,76,-67.1124,76,-35.7182,76,-73.413,76,-62.47,76,-77.2091,76,-63.0068,76,-61.3714,76,-64.1051,76,-65.9299,76,-37.7239,76,-50.4601,76,-52.3644,76,-79.7174,76,-54.8346,76,-86.2021,76,-64.9529,76,-72.7732,76,-62.173,76,-58.5538,76,-58.5578,76,-50.3717,76,-43.0181,76,-54.8154,76,-71.9486,76,-65.5436,76,-64.5033,76,-41.6234,76,-75.8535,76,-41.1659,76,-53.9737,76,-54.2094,76,-59.7091,76,-50.1827,76,-48.35,76,-64.6583,76,-36.6577,76,-69.1829,76,-80.7308,76,-82.3506,76,-87.5235,76,-52.7859
77,-56.0209,77,-69.0144,77,-32.5306,77,-55.6552,77,-60.1269,77,-69.9526,77,-49.4474,77,-70.7396,77,-50.6845,77,-51.9522,77,-63.1043,77,-89.1952,77,-69.7021,77,-60.5937,77,-48.3569,77,-66.6246,77,-69.1904,77,-60.3497,77,-67.4351,77,-60.3338,77,-61.7564,77,-74.0453,77,-69.4288,77,-64.4651,77,-54.4291,77,-66.3001,77,-56.5718,77,-58.6074,77,-83.1077,77,-70.972,77,-65.1172,77,-69.558,77,-74.6733,77,-61.9804,77,-61.4036,77,-63.6029,77,-50.8696,77,-51.8626,77,-73.4862,77,-53.3351,77,-69.568,77,-72.3738,77,-55.1335,77,-57.2003,77,-66.6428,77,-66.7903,77,-85.0047,77,-63.9953,77,-63.2608,77,-63.5297,77,-67.8034,77,-59.6797,77,-59.7065,77,-70.3593,77,-74.6612,77,-60.7406,77,-78.9185,77,-52.9871,77,-59.9744,77,-72.7389,77,-43.1557,77,-71.6723,77,-64.482,77,-78.4547,77,-55.2264,77,-66.1443,77,-57.7615,77,-73.8071,77,-38.9956,77,-45.6621,77,-64.5424,77,-81.2825,77,-59.4761,77,-77.8338,77,-60.8357,77,-74.5869,77,-53.0468,77,-57.6455,77,-59.741,77,-57.8122,77,-36.7495,77,-55.8051,77,-69.947,77,-60.9536,77,-69.2455,77,-35.348,77,-79.6118,77,-39.6913,77,-55.5868,77,-58.5582,77,-57.7239,77,-54.4829,77,-51.3843,77,-66.117,77,-44.3826,77,-63.3301,77,-80.5897,77,-74.5998,77,-78.4982,77,-50.9168
78,-54.6003,78,-64.5497,78,-34.0987,78,-63.976,78,-62.809,78,-69.0546,78,-44.7928,78,-66.6748,78,-47.512,78,-48.4831,78,-55.663,78,-91.8733,78,-64.1962,78,-56.4752,78,-54.3197,78,-68.4999,78,-70.6965,78,-61.3226,78,-67.0393,78,-60.5146,78,-64.0841,78,-77.2248,78,-66.5726,78,-70.9386,78,-46.535,78,-69.5767,78,-61.4664,78,-61.4391,78,-78.9313,78,-73.5511,78,-64.6033,78,-63.1604,78,-66.3684,78,-53.974,78,-54.3008,78,-66.4889,78,-51.2532,78,-46.0143,78,-80.4412,78,-58.8222,78,-65.3128,78,-74.2955,78,-56.134,78,-59.196,78,-60.5979,78,-61.2875,78,-78.6961,78,-64.9938,78,-69.8592,78,-57.133,78,-66.6226,78,-63.1879,78,-54.0137,78,-70.976,78,-70.9194,78,-59.6071,78,-80.033,78,-50.1613,78,-55.5648,78,-76.1764,78,-52.5539,78,-72.5181,78,-61.711,78,-73.0607,78,-48.8732,78,-65.5981,78,-61.4156,78,-78.5156,78,-39.685,78,-43.5905,78,-72.6142,78,-79.6076,78,-64.414,78,-64.7125,78,-58.95,78,-65.4889,78,-42.054,78,-60.724,78,-60.3299,78,-53.5302,78,-37.5931,78,-58.912,78,-68.0243,78,-58.4532,78,-72.1077,78,-38.9836,78,-79.7452,78,-38.7572,78,-57.8518,78,-65.3455,78,-59.1755,78,-61.9211,78,-56.3502,78,-67.8791,78,-48.4074,78,-59.0601,78,-81.9896,78,-68.2382,78,-71.9306,78,-50.8371
79,-56.326,79,-64.1487,79,-38.6532,79,-71.1302,79,-63.8528,79,-66.1428,79,-45.4943,79,-65.6593,79,-47.3978,79,-48.1097,79,-59.6637,79,-88.9575,79,-59.8463,79,-55.7834,79,-62.7432,79,-67.2476,79,-67.0694,79,-58.4076,79,-64.6686,79,-62.0154,79,-61.8419,79,-78.8096,79,-61.8002,79,-76.7846,79,-42.3033,79,-74.9374,79,-71.7234,79,-63.4432,79,-76.4179,79,-72.2369,79,-58.0194,79,-61.1375,79,-63.7438,79,-48.8535,79,-54.5264,79,-65.8167,79,-50.9567,79,-55.1695,79,-87.733,79,-66.437,79,-60.8303,79,-73.4216,79,-50.4145,79,-64.7542,79,-52.6621,79,-58.7519,79,-68.0397,79,-62.2717,79,-72.1391,79,-59.7286,79,-66.6907,79,-60.7788,79,-47.9408,79,-75.058,79,-65.6517,79,-68.2299,79,-75.4344,79,-56.252,79,-44.7186,79,-79.7005,79,-59.7306,79,-75.8613,79,-61.103,79,-70.9086,79,-51.8948,79,-63.2262,79,-65.7261,79,-76.0164,79,-38.8251,79,-47.2831,79,-71.6078,79,-69.628,79,-62.4183,79,-55.9178,79,-58.1038,79,-57.3525,79,-37.9996,79,-65.4086,79,-52.2035,79,-49.9689,79,-42.9214,79,-60.0827,79,-63.2451,79,-59.5453,79,-69.1456,79,-46.2155,79,-70.9812,79,-37.1264,79,-56.7779,79,-70.345,79,-59.3158,79,-59.0339,79,-63.3347,79,-69.4082,79,-49.6034,79,-59.7344,79,-80.3875,79,-61.0722,79,-69.5255,79,-47.723
80,-61.4145,80,-66.5761,80,-47.8922,80,-79.237,80,-61.5525,80,-62.4602,80,-51.4979,80,-69.4814,80,-53.0224,80,-53.0404,80,-72.2659,80,-82.1256,80,-57.2777,80,-57.9422,80,-65.8458,80,-67.525,80,-65.1745,80,-55.6542,80,-56.4025,80,-66.9981,80,-57.0999,80,-80.182,80,-58.1594,80,-74.7972,80,-42.1311,80,-81.5005,80,-75.9887,80,-68.2869,80,-74.1024,80,-69.0195,80,-53.7914,80,-57.357,80,-67.6616,80,-48.5349,80,-54.5668,80,-68.0504,80,-45.2015,80,-69.1462,80,-91.8453,80,-65.5351,80,-56.6845,80,-72.2867,80,-46.2446,80,-72.0691,80,-47.8432,80,-58.9394,80,-62.8203,80,-55.984,80,-67.2608,80,-68.4703,80,-69.2575,80,-58.0266,80,-46.8011,80,-85.8656,80,-60.0974,80,-75.0376,80,-69.5458,80,-64.3715,80,-39.0853,80,-83.3816,80,-63.4042,80,-74.9393,80,-63.1417,80,-70.2892,80,-53.8208,80,-61.0048,80,-66.6618,80,-70.3895,80,-41.374,80,-57.8395,80,-65.1663,80,-57.4101,80,-62.1167,80,-58.6321,80,-61.9706,80,-55.1996,80,-42.9826,80,-67.9179,80,-46.7027,80,-46.8389,80,-42.8796,80,-60.704,80,-60.6681,80,-62.8606,80,-58.2878,80,-49.5166,80,-64.8658,80,-28.6925,80,-56.2862,80,-65.4036,80,-58.3382,80,-55.7454,80,-68.8316,80,-71.7531,80,-47.4127,80,-58.5755,80,-81.777,80,-57.4989,80,-69.1914,80,-47.0178