1,-391.146,1,-464.4549,1,-363.262,1,-390.74,1,-405.9087,1,-320.8515,1,-433.092,1,-367.8979,1,-356.0863,1,-401.8069,1,-265.517,1,-284.9015,1,-236.8214,1,-145.3203,1,-193.1044,1,-222.7291,1,-159.6221,1,-185.4483,1,-156.2371,1,-163.9215,1,-137.7678,1,-162.5278,1,-236.6893,1,-118.9768,1,-219.6705,1,-156.0473,1,-264.8724,1,-1.8342,1,-46.8068,1,-31.6597,1,-8.2917,1,-101.1749,1,-64.0876,1,-56.9622,1,-118.9634,1,-53.0695,1,-96.3141,1,-181.1397,1,-104.3935,1,-110.6245,1,-241.6935,1,-218.619,1,-265.8454,1,-370.3778,1,-381.0549,1,-399.4792,1,-436.5177,1,-188.2428,1,-263.8384,1,-202.6945
2,-357.2585,2,-449.751,2,-350.8638,2,-397.5592,2,-415.8048,2,-309.5634,2,-411.8258,2,-354.1812,2,-348.9915,2,-390.1314,2,-264.6135,2,-264.6648,2,-229.4364,2,-179.1576,2,-215.2203,2,-217.9742,2,-144.214,2,-157.6395,2,-172.6398,2,-162.1918,2,-135.1559,2,-155.0832,2,-246.2211,2,-114.942,2,-205.101,2,-132.2231,2,-278.3215,2,18.4903,2,-18.653,2,-37.9826,2,-10.274,2,-83.3392,2,-78.8625,2,-74.4002,2,-110.9129,2,-33.3475,2,-107.4197,2,-154.2607,2,-117.7553,2,-115.478,2,-250.4504,2,-226.3446,2,-238.7634,2,-363.8867,2,-375.7893,2,-396.1032,2,-429.1269,2,-155.7942,2,-240.0459,2,-188.5819
3,-320.1489,3,-433.0491,3,-345.7706,3,-383.9245,3,-425.2965,3,-277.5985,3,-386.2899,3,-351.8559,3,-340.6269,3,-366.2535,3,-270.8848,3,-255.0442,3,-217.7922,3,-219.5965,3,-234.8436,3,-213.2659,3,-144.1364,3,-149.6301,3,-171.4503,3,-172.8705,3,-138.8537,3,-131.3785,3,-223.9075,3,-116.3651,3,-180.1023,3,-109.2498,3,-294.8529,3,24.4428,3,7.0063,3,-28.7383,3,14.0788,3,-90.6034,3,-104.8655,3,-78.1882,3,-112.2996,3,-34.4238,3,-99.1971,3,-141.1235,3,-117.8085,3,-123.1352,3,-250.1032,3,-228.0022,3,-225.0979,3,-362.0272,3,-387.0886,3,-418.2304,3,-395.7077,3,-141.1216,3,-209.3302,3,-201.6828
4,-297.418,4,-415.4212,4,-345.5964,4,-375.027,4,-422.9695,4,-260.1907,4,-362.5479,4,-349.9835,4,-320.2893,4,-339.7268,4,-268.7824,4,-257.0935,4,-211.57,4,-240.6844,4,-225.0774,4,-195.5601,4,-150.8991,4,-166.6934,4,-138.4945,4,-179.3214,4,-142.7074,4,-114.8026,4,-178.2525,4,-117.4698,4,-167.8288,4,-100.4668,4,-295.4003,4,13.4856,4,17.2358,4,-19.4645,4,40.9165,4,-100.2454,4,-119.461,4,-80.9123,4,-109.8114,4,-62.5817,4,-94.3322,4,-132.469,4,-105.1426,4,-109.916,4,-240.0403,4,-234.3383,4,-236.1399,4,-354.5062,4,-384.7501,4,-449.1592,4,-364.8024,4,-152.4153,4,-193.7073,4,-211.978
5,-279.4183,5,-393.7894,5,-329.1382,5,-379.7667,5,-424.0329,5,-263.3886,5,-351.8346,5,-341.6354,5,-301.9402,5,-317.7629,5,-256.1545,5,-265.041,5,-217.2937,5,-227.4475,5,-198.6446,5,-169.1608,5,-148.3291,5,-186.9976,5,-105.1672,5,-188.0214,5,-137.5253,5,-102.792,5,-134.2687,5,-121.3819,5,-178.0199,5,-106.3626,5,-276.9847,5,9.5234,5,9.6348,5,-19.7295,5,38.0843,5,-100.7075,5,-123.3905,5,-80.2985,5,-111.3091,5,-91.7913,5,-89.676,5,-122.8501,5,-96.2116,5,-110.3629,5,-231.2946,5,-240.7035,5,-260.6677,5,-340.9689,5,-359.3915,5,-470.8934,5,-360.7636,5,-182.7446,5,-197.5316,5,-192.5759
6,-256.8216,6,-374.5648,6,-294.4489,6,-377.9018,6,-417.2515,6,-278.8257,6,-341.1131,6,-333.6103,6,-300.6913,6,-294.5933,6,-246.4394,6,-272.8076,6,-230.8805,6,-203.9447,6,-176.5018,6,-167.7946,6,-147.7522,6,-201.4968,6,-98.4174,6,-187.4632,6,-141.5428,6,-99.8545,6,-121.8639,6,-136.9627,6,-197.5532,6,-118.5435,6,-257.4171,6,3.8434,6,-0.7176,6,-13.9146,6,27.8413,6,-71.9537,6,-123.1864,6,-72.408,6,-109.9871,6,-96.809,6,-101.2601,6,-122.2994,6,-92.4436,6,-118.0169,6,-218.625,6,-240.4117,6,-291.313,6,-343.9091,6,-327.0429,6,-469.9711,6,-379.1339,6,-203.2299,6,-203.8238,6,-179.7106
7,-241.1877,7,-375.2087,7,-275.3503,7,-375.6858,7,-388.8927,7,-299.4835,7,-330.0276,7,-321.373,7,-311.6987,7,-273.8148,7,-252.6601,7,-268.2794,7,-252.9991,7,-196.9884,7,-167.5595,7,-195.6978,7,-156.7014,7,-208.8305,7,-105.0374,7,-164.2001,7,-142.8514,7,-118.4442,7,-119.4122,7,-173.8413,7,-214.0153,7,-128.9847,7,-261.7786,7,-12.0796,7,-0.1969,7,2.0586,7,1.165,7,-37.6817,7,-110.732,7,-71.0103,7,-100.2098,7,-112.717,7,-120.1268,7,-135.2197,7,-81.7492,7,-134.4147,7,-223.376,7,-238.2507,7,-316.4092,7,-358.6655,7,-318.7267,7,-464.9303,7,-388.5038,7,-191.9846,7,-224.8224,7,-167.5135
8,-246.5169,8,-385.6463,8,-282.5259,8,-363.0646,8,-354.063,8,-303.3323,8,-333.2293,8,-320.4834,8,-307.6465,8,-262.5745,8,-265.3865,8,-249.1681,8,-255.21,8,-220.0679,8,-168.845,8,-222.7999,8,-169.947,8,-200.7617,8,-110.2946,8,-154.3777,8,-143.8257,8,-149.2644,8,-92.8145,8,-190.6515,8,-201.4422,8,-136.3869,8,-266.5962,8,-36.6506,8,20.7564,8,9.1905,8,-12.1735,8,-6.5947,8,-88.2318,8,-73.7877,8,-98.3344,8,-123.3058,8,-140.9048,8,-156.6453,8,-65.4408,8,-153.2145,8,-246.5306,8,-230.6683,8,-326.8899,8,-375.3753,8,-332.3403,8,-465.0794,8,-394.5154,8,-169.1609,8,-263.6572,8,-165.5556
9,-277.6921,9,-399.5401,9,-313.325,9,-372.1227,9,-338.1444,9,-288.5304,9,-364.2125,9,-347.4675,9,-297.5072,9,-262.9378,9,-252.84,9,-230.0254,9,-243.938,9,-251.5765,9,-174.5922,9,-230.3838,9,-168.7151,9,-189.4605,9,-114.7403,9,-173.6412,9,-157.9668,9,-174.3573,9,-69.0802,9,-187.6377,9,-173.1927,9,-135.7692,9,-273.6024,9,-63.4936,9,58.0253,9,0.4353,9,-15.9226,9,1.0626,9,-69.6168,9,-71.6156,9,-103.307,9,-108.0031,9,-155.6121,9,-172.8556,9,-56.9551,9,-155.8222,9,-272.044,9,-236.4218,9,-321.8456,9,-375.0444,9,-360.5736,9,-475.3508,9,-392.4247,9,-142.7982,9,-303.7973,9,-175.6653
10,-317.7462,10,-402.2041,10,-343.1556,10,-392.1308,10,-356.4913,10,-254.451,10,-398.2389,10,-367.8692,10,-308.0783,10,-283.7442,10,-209.3698,10,-219.8774,10,-220.3382,10,-259.7781,10,-181.7531,10,-236.61,10,-155.4805,10,-177.0564,10,-103.6886,10,-196.7953,10,-187.8917,10,-200.1087,10,-71.086,10,-191.8814,10,-150.1327,10,-123.7805,10,-284.507,10,-72.9697,10,79.5949,10,-11.6609,10,-5.492,10,-21.6255,10,-45.6944,10,-72.3906,10,-101.6828,10,-94.7851,10,-153.4289,10,-173.1028,10,-68.4739,10,-145.5648,10,-285.4228,10,-260.1113,10,-314.3807,10,-363.6299,10,-381.6572,10,-469.3995,10,-376.4481,10,-134.1304,10,-316.1033,10,-197.5297
11,-347.4712,11,-385.4945,11,-364.6761,11,-405.4437,11,-397.5365,11,-236.7269,11,-411.4266,11,-370.7399,11,-335.9127,11,-323.9803,11,-174.9249,11,-223.1712,11,-187.9243,11,-235.4372,11,-175.2561,11,-238.4761,11,-142.3387,11,-155.9612,11,-97.0017,11,-219.2202,11,-214.1019,11,-212.5047,11,-76.5106,11,-209.133,11,-137.3351,11,-110.2778,11,-289.0054,11,-64.279,11,71.0913,11,-20.1026,11,-9.0302,11,-46.8352,11,-37.1852,11,-83.0488,11,-111.3046,11,-109.9602,11,-132.6321,11,-163.9638,11,-91.0792,11,-138.558,11,-287.0771,11,-284.8806,11,-310.2258,11,-347.5789,11,-377.9428,11,-461.4229,11,-358.11,11,-145.7597,11,-300.9836,11,-215.7273
12,-362.2304,12,-374.3455,12,-389.2958,12,-402.2373,12,-420.8259,12,-247.6397,12,-397.2248,12,-367.7988,12,-357.5509,12,-359.1775,12,-166.9072,12,-223.6904,12,-157.2129,12,-216.1517,12,-159.4359,12,-223.335,12,-145.6299,12,-132.6581,12,-74.6653,12,-247.6651,12,-223.0241,12,-204.4176,12,-97.2353,12,-222.1665,12,-134.1161,12,-89.0987,12,-296.5607,12,-51.5202,12,59.1871,12,-34.2601,12,-25.5449,12,-51.2398,12,-40.0658,12,-91.4479,12,-111.9283,12,-117.5652,12,-110.2625,12,-147.951,12,-112.3706,12,-133.3895,12,-280.1091,12,-288.938,12,-300.1193,12,-320.8768,12,-368.1933,12,-462.7888,12,-346.402,12,-160.2629,12,-276.3509,12,-210.1759
13,-357.4605,13,-388.4534,13,-387.4027,13,-390.4389,13,-407.435,13,-268.3858,13,-366.7075,13,-366.7075,13,-367.0416,13,-371.2139,13,-178.9471,13,-213.9546,13,-152.4402,13,-201.4639,13,-148.6495,13,-214.1644,13,-156.9189,13,-121.9845,13,-59.0253,13,-256.9872,13,-214.3555,13,-191.0626,13,-128.2308,13,-221.2673,13,-149.2675,13,-72.9049,13,-294.7432,13,-37.1819,13,44.409,13,-56.2924,13,-39.4578,13,-57.77,13,-42.0914,13,-87.223,13,-102.3474,13,-99.3912,13,-113.6311,13,-125.5186,13,-128.1647,13,-124.8699,13,-275.321,13,-280.4533,13,-285.6857,13,-291.4128,13,-362.7956,13,-464.7947,13,-345.5652,13,-169.1756,13,-247.8602,13,-201.5278
14,-343.9026,14,-406.8043,14,-382.1873,14,-393.1103,14,-379.5281,14,-278.8281,14,-328.5247,14,-366.0628,14,-356.7624,14,-352.6349,14,-211.1738,14,-226.896,14,-164.1311,14,-168.7324,14,-162.4526,14,-213.0574,14,-155.7352,14,-133.1802,14,-69.6434,14,-253.8256,14,-186.84,14,-173.1993,14,-138.964,14,-210.9229,14,-159.6047,14,-73.3965,14,-277.2406,14,-19.3587,14,21.9747,14,-92.5124,14,-43.9345,14,-68.7109,14,-38.3326,14,-73.9822,14,-95.3142,14,-93.1691,14,-123.7339,14,-109.0461,14,-130.9167,14,-118.2626,14,-274.5251,14,-273.193,14,-281.1598,14,-284.3842,14,-353.6917,14,-435.9789,14,-347.5733,14,-189.0034,14,-225.1605,14,-189.7783
15,-347.3992,15,-400.8697,15,-385.5677,15,-403.5932,15,-357.2839,15,-288.3071,15,-315.3872,15,-381.193,15,-337.2596,15,-336.361,15,-246.3134,15,-241.7878,15,-174.0785,15,-154.7825,15,-188.7101,15,-203.9183,15,-136.6386,15,-153.0466,15,-88.2012,15,-240.4501,15,-155.1102,15,-148.4803,15,-138.5616,15,-199.553,15,-182.5071,15,-81.4343,15,-261.8458,15,-2.8009,15,9.7016,15,-127.2262,15,-43.6187,15,-76.3378,15,-43.8271,15,-57.567,15,-95.2813,15,-96.2763,15,-112.6366,15,-107.1574,15,-118.9305,15,-114.4219,15,-270.5691,15,-257.4415,15,-273.4466,15,-294.3864,15,-348.7084,15,-390.3254,15,-349.3647,15,-196.1587,15,-209.5705,15,-181.7497
16,-352.8153,16,-394.3701,16,-399.7129,16,-399.8913,16,-336.1482,16,-316.1113,16,-317.3457,16,-391.8174,16,-319.3248,16,-337.4267,16,-256.1141,16,-246.3571,16,-164.9097,16,-175.3758,16,-210.8905,16,-181.8841,16,-124.6342,16,-158.8077,16,-97.4861,16,-222.5597,16,-141.7181,16,-132.124,16,-146.8145,16,-193.4211,16,-215.0779,16,-77.8326,16,-249.0879,16,2.344,16,9.549,16,-141.9365,16,-37.3866,16,-63.6456,16,-55.1672,16,-47.2587,16,-106.0044,16,-87.6392,16,-93.8248,16,-123.9436,16,-110.294,16,-112.8867,16,-265.2822,16,-238.5648,16,-256.0216,16,-307.1759,16,-365.7206,16,-346.6304,16,-360.1829,16,-187.8638,16,-191.2912,16,-184.5605
17,-339.4272,17,-399.6898,17,-408.9686,17,-393.1354,17,-329.4493,17,-317.4989,17,-322.7824,17,-395.327,17,-324.4606,17,-335.5151,17,-239.7447,17,-231.7298,17,-146.133,17,-182.079,17,-217.212,17,-165.0353,17,-121.7496,17,-145.9433,17,-103.9073,17,-215.4757,17,-152.5334,17,-117.5831,17,-150.4938,17,-186.667,17,-228.5839,17,-79.0183,17,-250.6177,17,-2.7232,17,11.4672,17,-136.4494,17,-25.0001,17,-55.2523,17,-51.441,17,-37.0473,17,-107.6923,17,-76.4891,17,-77.8137,17,-148.6749,17,-88.9056,17,-107.3311,17,-256.0553,17,-237.7823,17,-261.3365,17,-327.2794,17,-367.0883,17,-323.9741,17,-375.207,17,-180.5822,17,-167.4609,17,-187.2909
18,-311.8839,18,-394.0692,18,-403.4082,18,-376.4281,18,-332.4157,18,-284.2116,18,-323.9145,18,-400.3042,18,-344.7455,18,-317.5539,18,-221.6516,18,-204.932,18,-147.4596,18,-176.4626,18,-201.2539,18,-160.2839,18,-117.622,18,-126.9853,18,-130.4356,18,-227.8244,18,-159.2928,18,-99.7866,18,-136.3433,18,-169.5772,18,-213.2039,18,-85.7354,18,-263.8911,18,-5.003,18,20.0317,18,-128.4947,18,-36.9812,18,-59.3156,18,-38.839,18,-25.7411,18,-93.7801,18,-55.0764,18,-59.3325,18,-155.4254,18,-76.8949,18,-101.7784,18,-255.4338,18,-242.7506,18,-286.0261,18,-338.0685,18,-354.3792,18,-327.3962,18,-369.5384,18,-176.5886,18,-155.5429,18,-194.0828
19,-277.6498,19,-389.7043,19,-401.8045,19,-375.1672,19,-329.513,19,-261.1074,19,-311.5736,19,-408.3325,19,-358.8271,19,-294.4758,19,-218.2677,19,-186.3581,19,-162.3935,19,-179.1999,19,-174.2221,19,-160.8151,19,-110.0657,19,-126.0623,19,-145.3882,19,-214.9939,19,-155.293,19,-102.1,19,-123.88,19,-152.3508,19,-183.1037,19,-91.5809,19,-269.6875,19,0.9708,19,18.9805,19,-138.6188,19,-65.1444,19,-50.9852,19,-31.0053,19,-23.869,19,-91.3341,19,-61.4843,19,-41.0757,19,-154.5711,19,-97.9015,19,-98.2537,19,-266.2021,19,-237.4492,19,-312.5144,19,-332.9555,19,-329.2266,19,-339.8763,19,-336.5598,19,-168.6688,19,-148.6553,19,-181.6687
20,-260.9818,20,-393.2303,20,-399.3249,20,-362.9252,20,-309.9929,20,-266.1329,20,-305.6024,20,-401.5907,20,-367.3952,20,-280.0491,20,-228.0439,20,-179.2531,20,-163.7847,20,-202.0329,20,-148.2403,20,-155.1657,20,-102.3017,20,-138.751,20,-155.6964,20,-173.2295,20,-151.9587,20,-115.079,20,-133.7905,20,-136.0433,20,-144.8833,20,-86.238,20,-264.0949,20,9.416,20,10.6082,20,-157.9725,20,-85.9923,20,-17.6773,20,-35.8692,20,-27.8655,20,-105.8442,20,-94.1175,20,-33.2396,20,-162.4876,20,-117.402,20,-94.5433,20,-266.493,20,-232.9084,20,-328.4304,20,-311.1749,20,-290.2922,20,-345.4303,20,-282.636,20,-158.0478,20,-170.331,20,-164.284
21,-261.7252,21,-386.5173,21,-379.5014,21,-333.4246,21,-301.1957,21,-266.6591,21,-312.3626,21,-369.9478,21,-390.7237,21,-277.877,21,-239.8192,21,-185.2411,21,-158.8636,21,-217.0001,21,-148.5852,21,-138.6961,21,-93.3596,21,-132.0046,21,-168.3583,21,-126.1444,21,-152.6819,21,-126.5093,21,-151.107,21,-128.8677,21,-127.0606,21,-93.0275,21,-267.4367,21,14.6067,21,-0.4504,21,-172.7827,21,-87.4454,21,7.4503,21,-37.4275,21,-44.2628,21,-99.4014,21,-107.1566,21,-39.9554,21,-166.6715,21,-117.6343,21,-94.0397,21,-255.0783,21,-228.1561,21,-323.5251,21,-297.4112,21,-257.1448,21,-341.1819,21,-236.8047,21,-138.8379,21,-195.2546,21,-155.1656
22,-269.4242,22,-361.6693,22,-363.5183,22,-328.3694,22,-308.8007,22,-272.0545,22,-320.8303,22,-350.2238,22,-419.9624,22,-268.3879,22,-251.5745,22,-201.2366,22,-172.4835,22,-203.5281,22,-162.3954,22,-143.8053,22,-84.5986,22,-114.3175,22,-149.9998,22,-110.646,22,-131.1258,22,-131.6467,22,-177.9058,22,-132.4989,22,-117.4446,22,-109.5208,22,-269.8508,22,10.6081,22,6.7828,22,-159.8771,22,-90.2395,22,-11.249,22,-37.6269,22,-74.8216,22,-84.1835,22,-96.1605,22,-57.9236,22,-148.7953,22,-114.1493,22,-89.2973,22,-253.1281,22,-231.1223,22,-310.5352,22,-302.3158,22,-257.4613,22,-332.8958,22,-229.7519,22,-136.4646,22,-203.5063,22,-150.4606
23,-279.8583,23,-339.2281,23,-377.4102,23,-354.1643,23,-314.0836,23,-299.4612,23,-334.4762,23,-339.7572,23,-438.2742,23,-275.9839,23,-266.5531,23,-216.5444,23,-193.3543,23,-169.8999,23,-168.813,23,-163.4015,23,-90.8847,23,-124.8433,23,-119.0616,23,-114.2111,23,-107.8285,23,-136.3456,23,-200.9605,23,-141.5229,23,-119.5564,23,-129.6554,23,-267.2551,23,2.6015,23,32.9308,23,-119.2346,23,-114.0637,23,-22.5577,23,-44.6198,23,-85.1185,23,-75.6645,23,-99.7894,23,-80.8092,23,-121.4206,23,-116.622,23,-86.4972,23,-253.8198,23,-256.6542,23,-309.6515,23,-318.8235,23,-292.3733,23,-352.841,23,-250.6454,23,-153.7398,23,-201.3666,23,-159.046
24,-303.4596,24,-350.1637,24,-376.1817,24,-374.7566,24,-305.3479,24,-350.1389,24,-343.3464,24,-337.6796,24,-457.0448,24,-314.0373,24,-281.7696,24,-210.3032,24,-206.3177,24,-149.7292,24,-174.2814,24,-162.1715,24,-114.3924,24,-160.0849,24,-100.1168,24,-134.5272,24,-98.7827,24,-127.7316,24,-196.2213,24,-160.0298,24,-138.0901,24,-137.5579,24,-276.659,24,-6.0356,24,59.5591,24,-66.4105,24,-164.4593,24,-39.848,24,-55.4934,24,-74.7253,24,-68.0408,24,-123.2436,24,-101.8116,24,-105.0447,24,-115.1937,24,-89.322,24,-255.7041,24,-282.7219,24,-329.7597,24,-358.9179,24,-338.3948,24,-405.2104,24,-275.0581,24,-179.528,24,-188.9919,24,-174.2748
25,-336.7753,25,-380.0495,25,-373.0129,25,-387.7695,25,-297.1959,25,-420.5779,25,-365.4672,25,-336.5516,25,-489.4705,25,-387.8349,25,-280.0946,25,-186.5243,25,-218.2687,25,-149.8295,25,-178.062,25,-155.5637,25,-143.8411,25,-179.2294,25,-95.9029,25,-181.2375,25,-93.3228,25,-112.7546,25,-173.2947,25,-164.1824,25,-159.1734,25,-128.5289,25,-292.9101,25,-12.5878,25,56.435,25,-30.6625,25,-218.6539,25,-89.8095,25,-64.0879,25,-62.2878,25,-84.7358,25,-130.4266,25,-128.972,25,-102.1565,25,-112.1647,25,-93.9713,25,-266.6649,25,-318.8446,25,-362.3105,25,-399.9414,25,-358.4626,25,-454.8983,25,-302.2139,25,-199.4509,25,-205.3393,25,-183.9014
26,-361.6836,26,-413.3878,26,-391.4582,26,-401.8917,26,-302.2737,26,-490.3554,26,-405.134,26,-333.7158,26,-525.5017,26,-504.4402,26,-262.9936,26,-179.1344,26,-250.2608,26,-143.9839,26,-187.2333,26,-151.4827,26,-157.6716,26,-190.3911,26,-111.4629,26,-247.1341,26,-90.5669,26,-118.286,26,-157.5513,26,-145.9827,26,-147.5701,26,-106.1461,26,-315.9388,26,-20.0242,26,31.2557,26,-16.046,26,-264.3673,26,-165.7054,26,-72.1414,26,-55.7173,26,-126.0541,26,-124.9731,26,-192.9063,26,-123.9679,26,-124.0245,26,-106.5375,26,-294.7925,26,-372.4488,26,-414.9884,26,-448.264,26,-383.3174,26,-489.8078,26,-327.251,26,-206.767,26,-214.3945,26,-181.5287
27,-375.6163,27,-462.5875,27,-427.0213,27,-424.6576,27,-333.6654,27,-567.6206,27,-452.9871,27,-342.8582,27,-588.9041,27,-637.6598,27,-243.5908,27,-202.6398,27,-304.0535,27,-127.7671,27,-190.9876,27,-148.7276,27,-162.7469,27,-215.5993,27,-118.8675,27,-314.5494,27,-97.6027,27,-146.7418,27,-150.6538,27,-128.2936,27,-137.4445,27,-106.0314,27,-342.7092,27,-41.1703,27,19.4695,27,-20.4042,27,-317.3926,27,-262.1114,27,-108.2581,27,-75.2332,27,-173.7535,27,-113.7002,27,-286.8006,27,-170.7986,27,-161.8702,27,-143.3979,27,-352.4749,27,-432.6713,27,-483.0749,27,-500.0478,27,-442.2893,27,-527.3244,27,-347.865,27,-201.9725,27,-219.6036,27,-172.7285
28,-386.7329,28,-523.2297,28,-482.5456,28,-458.6457,28,-381.9086,28,-660.3175,28,-505.8884,28,-384.4677,28,-670.9056,28,-737.5382,28,-245.2963,28,-253.515,28,-343.3279,28,-121.6067,28,-189.0671,28,-161.1059,28,-166.4018,28,-256.6443,28,-115.6393,28,-365.4602,28,-104.5078,28,-204.2109,28,-152.8864,28,-126.5848,28,-159.5978,28,-139.7777,28,-379.0932,28,-80.9364,28,14.4913,28,-62.0859,28,-374.4929,28,-352.0705,28,-164.1071,28,-118.3701,28,-203.4719,28,-93.6223,28,-373.1082,28,-222.7226,28,-223.5004,28,-209.1849,28,-403.7164,28,-489.7374,28,-560.2853,28,-551.3034,28,-525.3888,28,-574.0047,28,-373.3479,28,-178.0921,28,-226.8776,28,-177.1065
29,-415.067,29,-581.9507,29,-545.6847,29,-497.6036,29,-440.7983,29,-718.54,29,-564.9491,29,-467.5765,29,-740.2286,29,-798.2253,29,-267.3911,29,-329.4572,29,-366.2804,29,-114.3485,29,-205.2423,29,-199.3071,29,-166.5943,29,-305.3473,29,-132.3053,29,-407.0494,29,-120.7923,29,-250.9853,29,-159.4112,29,-129.7226,29,-217.3865,29,-171.871,29,-396.7992,29,-135.5328,29,-8.9958,29,-146.414,29,-422.5705,29,-411.4899,29,-223.8449,29,-156.8725,29,-219.3074,29,-91.22,29,-430.8434,29,-268.5901,29,-303.9162,29,-273.3326,29,-456.1285,29,-550.4336,29,-633.4613,29,-593.3408,29,-618.4184,29,-618.8867,29,-422.3742,29,-163.7967,29,-243.8241,29,-208.4459
30,-469.2078,30,-626.1008,30,-604.6546,30,-541.1554,30,-503.033,30,-742.3249,30,-621.43,30,-565.6156,30,-772.9892,30,-821.044,30,-298.4021,30,-438.2211,30,-411.2052,30,-135.5611,30,-258.3842,30,-259.7362,30,-156.5429,30,-366.2884,30,-155.7,30,-432.9857,30,-164.5936,30,-310.6805,30,-172.5065,30,-117.5252,30,-281.8869,30,-189.9463,30,-422.0741,30,-187.1584,30,-57.5698,30,-247.5136,30,-438.6871,30,-440.3614,30,-297.3866,30,-194.0846,30,-232.2923,30,-103.9205,30,-455.7356,30,-315.0319,30,-392.5989,30,-323.2902,30,-509.4548,30,-604.0682,30,-697.1376,30,-634.0737,30,-707.2632,30,-660.65,30,-509.9802,30,-179.0305,30,-283.9147,30,-255.7394
31,-553.5765,31,-663.8423,31,-665.4468,31,-571.362,31,-559.4117,31,-761.7718,31,-667.622,31,-651.1982,31,-784.4708,31,-815.9693,31,-356.2431,31,-560.8155,31,-494.1895,31,-182.79,31,-329.8171,31,-336.4109,31,-157.1151,31,-437.7597,31,-191.3954,31,-454.8471,31,-227.0638,31,-388.1269,31,-202.338,31,-111.4599,31,-333.5355,31,-211.8994,31,-466.5939,31,-230.5052,31,-130.4583,31,-339.3431,31,-444.5694,31,-447.1435,31,-372.0824,31,-241.9504,31,-243.9037,31,-121.237,31,-461.7298,31,-356.8825,31,-457.6359,31,-364.6094,31,-563.3588,31,-654.6328,31,-746.5919,31,-681.3314,31,-783.2762,31,-691.8234,31,-612.9182,31,-235.051,31,-346.0894,31,-306.8635
32,-656.5407,32,-720.7504,32,-728.2721,32,-613.9138,32,-615.5274,32,-779.6583,32,-682.0232,32,-732.4164,32,-780.9149,32,-800.9144,32,-421.1846,32,-648.432,32,-591.6182,32,-252.2046,32,-400.6539,32,-411.2524,32,-207.4449,32,-496.7642,32,-244.8543,32,-465.2618,32,-304.596,32,-452.4383,32,-249.1826,32,-120.2617,32,-383.1442,32,-247.0916,32,-529.4577,32,-273.232,32,-235.5001,32,-413.7819,32,-446.0866,32,-442.8922,32,-428.294,32,-308.515,32,-266.3904,32,-158.6579,32,-465.6417,32,-383.1553,32,-494.8804,32,-402.7583,32,-608.3743,32,-707.4959,32,-781.9751,32,-731.8466,32,-818.7746,32,-717.8703,32,-707.2736,32,-317.3149,32,-423.8203,32,-369.5488
33,-753.1305,33,-781.1293,33,-766.405,33,-676.4938,33,-690.0305,33,-792.8657,33,-685.436,33,-798.8189,33,-768.3366,33,-779.8281,33,-524.9651,33,-693.0585,33,-674.0997,33,-352.2201,33,-464.3279,33,-495.6291,33,-294.0745,33,-520.1404,33,-290.2016,33,-469.6093,33,-385.2899,33,-492.0433,33,-305.2349,33,-152.7601,33,-433.3318,33,-294.2519,33,-586.8963,33,-315.1412,33,-340.4082,33,-455.4474,33,-430.3437,33,-422.2468,33,-444.247,33,-378.0926,33,-310.7591,33,-234.3834,33,-460.8311,33,-394.6118,33,-489.5434,33,-436.5209,33,-626.992,33,-742.9736,33,-794.8792,33,-770.2866,33,-814.7565,33,-759.5998,33,-793.616,33,-407.0679,33,-494.2492,33,-443.5684
34,-819.6174,34,-818.6597,34,-773.6287,34,-737.5564,34,-770.8805,34,-800.6271,34,-707.3143,34,-827.1844,34,-766.2158,34,-761.2469,34,-627.439,34,-699.3238,34,-730.4981,34,-465.8062,34,-510.5844,34,-561.2921,34,-372.0647,34,-522.2255,34,-339.5713,34,-486.3731,34,-449.7086,34,-512.4995,34,-379.0285,34,-219.9685,34,-468.2825,34,-333.2107,34,-622.8567,34,-329.3079,34,-401.6241,34,-480.6711,34,-413.4644,34,-409.3695,34,-449.582,34,-422.4137,34,-361.0896,34,-326.0557,34,-464.0822,34,-400.4206,34,-472.3037,34,-460.5097,34,-624.8889,34,-766.932,34,-800.2107,34,-783.5501,34,-801.3083,34,-813.3371,34,-872.547,34,-475.3535,34,-541.3487,34,-514.9946
35,-852.0831,35,-833.395,35,-769.228,35,-781.4156,35,-824.6597,35,-786.0638,35,-737.7199,35,-819.437,35,-777.9981,35,-753.0079,35,-702.2166,35,-692.2145,35,-763.2756,35,-554.1476,35,-542.0378,35,-593.2662,35,-429.7101,35,-526.2671,35,-400.1399,35,-516.9978,35,-495.3251,35,-523.607,35,-463.423,35,-295.6376,35,-472.8501,35,-369.6774,35,-642.5408,35,-331.17,35,-420.9001,35,-498.9013,35,-404.8966,35,-417.6576,35,-456.8098,35,-445.4716,35,-398.517,35,-379.6329,35,-475.5523,35,-402.0001,35,-460.1472,35,-472.5607,35,-627.1656,35,-775.4114,35,-810.2001,35,-769.2011,35,-796.558,35,-865.8916,35,-931.3822,35,-517.5957,35,-551.2175,35,-570.4229
36,-871.2267,36,-848.4865,36,-778.8054,36,-801.6518,36,-852.2098,36,-760.2814,36,-771.7323,36,-806.7666,36,-792.199,36,-752.845,36,-740.6268,36,-707.7628,36,-779.0088,36,-631.3617,36,-566.0399,36,-600.0176,36,-465.2728,36,-529.8539,36,-467.5617,36,-523.0637,36,-510.3189,36,-525.165,36,-527.3976,36,-357.4387,36,-450.102,36,-407.6445,36,-648.3712,36,-334.537,36,-427.5008,36,-510.5076,36,-409.3083,36,-424.6851,36,-459.2636,36,-455.7451,36,-430.4466,36,-398.8582,36,-488.7678,36,-415.6096,36,-458.3781,36,-477.2563,36,-639.2636,36,-769.2808,36,-831.3007,36,-754.4223,36,-802.4633,36,-907.6382,36,-947.1655,36,-527.3054,36,-552.6466,36,-607.7033
37,-891.5719,37,-868.0631,37,-802.5688,37,-812.5124,37,-848.2202,37,-744.4998,37,-800.2802,37,-797.7403,37,-786.6248,37,-756.7748,37,-777.2174,37,-744.1176,37,-789.4005,37,-676.1665,37,-574.1831,37,-585.5578,37,-490.1654,37,-537.5061,37,-511.5474,37,-503.9868,37,-502.7682,37,-512.0836,37,-551.3565,37,-418.4883,37,-431.8446,37,-454.8903,37,-643.1869,37,-348.0093,37,-440.6934,37,-499.5251,37,-418.6213,37,-425.7354,37,-469.5396,37,-455.0631,37,-445.8058,37,-403.9991,37,-503.5517,37,-437.9564,37,-464.0749,37,-486.7719,37,-643.3798,37,-771.6259,37,-843.0312,37,-753.2422,37,-820.168,37,-938.9531,37,-932.6363,37,-516.3456,37,-560.7394,37,-621.1149
38,-896.2433,38,-878.7943,38,-825.1877,38,-813.8312,38,-824.8758,38,-746.9381,38,-809.9611,38,-805.3938,38,-773,38,-761.2931,38,-804.5973,38,-767.2763,38,-800.0796,38,-691.0419,38,-587.1841,38,-567.2711,38,-521.3888,38,-553.8347,38,-523.383,38,-491.033,38,-488.8854,38,-507.9364,38,-550.0976,38,-461.52,38,-436.4703,38,-499.6769,38,-624.3202,38,-357.8365,38,-451.5182,38,-473.1289,38,-426.4507,38,-427.1607,38,-487.7123,38,-450.8173,38,-447.1802,38,-411.8353,38,-502.5922,38,-463.7226,38,-475.9635,38,-498.5149,38,-644.4959,38,-771.7188,38,-832.8038,38,-758.2939,38,-833.1407,38,-950.1223,38,-912.3557,38,-504.2413,38,-568.7751,38,-618.7009
39,-876.4944,39,-882.9682,39,-851.9365,39,-816.9072,39,-803.5207,39,-757.0839,39,-797.9486,39,-816.685,39,-763.0964,39,-777.6215,39,-819.2882,39,-774.1594,39,-808.7176,39,-704.6002,39,-595.0588,39,-558.6651,39,-544.9694,39,-566.9287,39,-530.0699,39,-499.6888,39,-484.8367,39,-515.7962,39,-549.3676,39,-479.3885,39,-448.3243,39,-514.1136,39,-610.8783,39,-366.8899,39,-448.0417,39,-450.8879,39,-422.7433,39,-409.0301,39,-478.691,39,-446.8392,39,-441.4147,39,-409.9551,39,-494.8952,39,-472.7096,39,-480.186,39,-500.5144,39,-646.9304,39,-769.8924,39,-830.9909,39,-744.4312,39,-833.6966,39,-949.2876,39,-896.0894,39,-499.2678,39,-568.5989,39,-615.6545
40,-848.7991,40,-886.7331,40,-863.9481,40,-827.8224,40,-792.3984,40,-769.551,40,-786.4912,40,-819.8438,40,-760.6343,40,-773.5543,40,-826.5982,40,-798.1372,40,-804.9099,40,-707.0119,40,-594.7726,40,-587.0231,40,-549.9892,40,-566.6895,40,-550.0428,40,-532.7689,40,-485.4471,40,-507.2708,40,-556.1626,40,-474.9782,40,-459.6831,40,-507.3984,40,-598.386,40,-376.5635,40,-445.7764,40,-441.3969,40,-406.773,40,-403.2939,40,-471.7921,40,-462.2548,40,-449.3217,40,-398.6348,40,-503.9964,40,-470.8354,40,-479.7354,40,-489.3713,40,-642.2609,40,-773.466,40,-846.6452,40,-716.0519,40,-825.8101,40,-942.9851,40,-885.7247,40,-501.6623,40,-548.7395,40,-608.2244
41,-829.5468,41,-893.6227,41,-851.5746,41,-824.7738,41,-796.9984,41,-793.608,41,-792.9773,41,-809.9819,41,-761.5631,41,-757.3969,41,-848.4038,41,-811.175,41,-787.5916,41,-700.3366,41,-589.4236,41,-615.7974,41,-546.557,41,-554.4384,41,-562.8745,41,-568.3313,41,-486.9112,41,-484.4985,41,-561.4095,41,-466.8834,41,-472.8083,41,-482.0427,41,-601.3011,41,-373.2156,41,-442.8157,41,-440.5378,41,-383.8496,41,-427.3873,41,-475.1316,41,-492.3198,41,-466.3953,41,-398.0169,41,-507.7486,41,-464.1857,41,-481.4973,41,-466.3284,41,-644.5984,41,-753.9813,41,-859.0327,41,-717.751,41,-805.6966,41,-939.321,41,-884.8411,41,-493.0068,41,-514.6736,41,-595.4525
42,-809.9126,42,-893.451,42,-823.7761,42,-829.659,42,-802.1647,42,-812.3434,42,-800.142,42,-801.4893,42,-750.1483,42,-753.3247,42,-874.5426,42,-796.5435,42,-775.8946,42,-703.5332,42,-560.9671,42,-616.895,42,-532.3328,42,-515.8509,42,-561.5537,42,-595.2166,42,-478.944,42,-457.9409,42,-547.4986,42,-467.8342,42,-493.3859,42,-431.5129,42,-613.9559,42,-355.5698,42,-442.5439,42,-442.6115,42,-365.6002,42,-450.8904,42,-486.7882,42,-492.454,42,-462.6408,42,-408.4701,42,-503.9968,42,-444.8207,42,-488.2766,42,-456.7205,42,-646.2531,42,-728.0994,42,-861.6754,42,-748.5447,42,-812.2545,42,-935.9083,42,-877.7079,42,-500.1647,42,-498.0648,42,-578.2892
43,-784.6531,43,-897.2899,43,-804.5183,43,-844.4896,43,-808.8292,43,-822.9006,43,-805.4432,43,-798.5333,43,-727.5322,43,-753.3885,43,-899.5227,43,-778.5896,43,-770.7301,43,-688.8311,43,-513.8566,43,-572.947,43,-502.5901,43,-438.9886,43,-549.575,43,-611.927,43,-473.586,43,-457.399,43,-519.2063,43,-459.3353,43,-515.6831,43,-372.4304,43,-625.7789,43,-326.1899,43,-436.4046,43,-443.6284,43,-355.2678,43,-437.1067,43,-485.1621,43,-465.1392,43,-451.6712,43,-412.189,43,-515.6927,43,-428.2408,43,-491.3504,43,-469.2353,43,-646.3894,43,-709.0843,43,-851.7066,43,-783.7429,43,-828.6948,43,-916.468,43,-869.3651,43,-517.3536,43,-500.5209,43,-545.4142
44,-758.7505,44,-886.5443,44,-809.3932,44,-880.2148,44,-823.8118,44,-818.3343,44,-799.2758,44,-801.518,44,-695.8148,44,-762.9663,44,-907.5938,44,-768.792,44,-757.2798,44,-634.252,44,-472.9016,44,-527.0155,44,-451.7228,44,-366.2469,44,-504.1934,44,-603.7793,44,-488.4926,44,-475.499,44,-482.1557,44,-426.9494,44,-525.2511,44,-313.973,44,-628.0384,44,-288.493,44,-423.8125,44,-449.193,44,-356.2123,44,-415.056,44,-475.882,44,-424.0527,44,-447.8929,44,-410.6138,44,-521.1779,44,-409.1241,44,-489.5189,44,-479.3073,44,-653.4795,44,-694.9621,44,-832.4655,44,-802.341,44,-823.6648,44,-879.9058,44,-861.5277,44,-531.3254,44,-511.0787,44,-499.2205
45,-730.6533,45,-862.8734,45,-831.0763,45,-883.6451,45,-825.5086,45,-795.2036,45,-775.8686,45,-806.2127,45,-662.9749,45,-776.1437,45,-899.5707,45,-761.2637,45,-747.107,45,-570.8195,45,-432.01,45,-491.287,45,-376.6618,45,-314.1057,45,-460.5762,45,-582.7311,45,-505.7938,45,-484.7988,45,-421.87,45,-376.7842,45,-524.6251,45,-261.0503,45,-606.486,45,-246.5724,45,-393.5475,45,-459.1627,45,-368.9388,45,-385.3681,45,-460.101,45,-370.6167,45,-424.5855,45,-393.2633,45,-526.4825,45,-384.6007,45,-475.7154,45,-466.87,45,-664.725,45,-697.7127,45,-813.1091,45,-793.1342,45,-786.7309,45,-847.8566,45,-828.7693,45,-519.4759,45,-503.0879,45,-445.1479
46,-695.1574,46,-828.4522,46,-828.1671,46,-835.1446,46,-801.0446,46,-757.1578,46,-727.1332,46,-806.7153,46,-633.0929,46,-777.2048,46,-868.8783,46,-736.9319,46,-745.382,46,-520.4938,46,-375.8813,46,-444.8206,46,-292.2737,46,-262.6705,46,-408.7684,46,-567.4332,46,-517.1685,46,-471.9937,46,-331.0109,46,-331.8345,46,-513.8161,46,-216.7643,46,-545.564,46,-200.5541,46,-359.1343,46,-451.6553,46,-382.8248,46,-336.1278,46,-426.2833,46,-316.4365,46,-371.5377,46,-384.6968,46,-528.0091,46,-338.2982,46,-438.9121,46,-430.0032,46,-679.8478,46,-699.1,46,-774.4403,46,-769.0292,46,-720.285,46,-832.5259,46,-771.8303,46,-481.5648,46,-495.2003,46,-379.8559
47,-644.2463,47,-784.9501,47,-780.2406,47,-768.9749,47,-741.9653,47,-717.7505,47,-645.5714,47,-768.7137,47,-593.9881,47,-750.4146,47,-821.9736,47,-701.7951,47,-738.1532,47,-478.3139,47,-305.98,47,-373.746,47,-212.9073,47,-223.9117,47,-328.406,47,-528.2809,47,-471.1136,47,-432.8233,47,-231.2069,47,-296.2599,47,-472.0949,47,-185.925,47,-466.5188,47,-157.1059,47,-327.2321,47,-422.7594,47,-386.1048,47,-284.2619,47,-374.7116,47,-252.0718,47,-308.745,47,-356.6561,47,-487.7929,47,-281.879,47,-385.4573,47,-372.3724,47,-681.4086,47,-691.2917,47,-718.4818,47,-758.2626,47,-654.4999,47,-814.2343,47,-687.5774,47,-432.9496,47,-516.0542,47,-301.9628
48,-581.4714,48,-747.1483,48,-711.0644,48,-692.0478,48,-656.7201,48,-694.5178,48,-530.081,48,-700.4325,48,-548.0346,48,-689.2952,48,-741.1712,48,-674.5276,48,-712.5454,48,-428.1916,48,-242.5195,48,-316.1544,48,-161.7449,48,-206.0183,48,-255.654,48,-454.0648,48,-401.9871,48,-373.9633,48,-154.92,48,-264.5085,48,-391.4399,48,-168.6359,48,-400.8346,48,-119.9414,48,-292.6852,48,-394.1071,48,-376.5086,48,-256.3362,48,-301.5032,48,-202.1568,48,-251.6405,48,-283.4274,48,-395.2488,48,-213.7992,48,-304.7999,48,-294.7004,48,-665.921,48,-664.6984,48,-642.2157,48,-770.2269,48,-586.2626,48,-768.2493,48,-607.9528,48,-343.4105,48,-541.8151,48,-230.1232
49,-541.899,49,-720.7137,49,-621.3767,49,-604.558,49,-562.2896,49,-687.5995,49,-417.7115,49,-612.8753,49,-499.6311,49,-594.3563,49,-618.4098,49,-649.6243,49,-654.3726,49,-388.0875,49,-198.9239,49,-279.0414,49,-132.9151,49,-211.4227,49,-196.3774,49,-374.3211,49,-329.1653,49,-310.202,49,-127.6784,49,-251.6917,49,-297.1659,49,-172.891,49,-360.2153,49,-98.5708,49,-250.6095,49,-347.4928,49,-368.7807,49,-248.2651,49,-195.038,49,-146.325,49,-213.3699,49,-213.325,49,-293.751,49,-150.8953,49,-217.353,49,-208.1089,49,-640.9328,49,-608.8317,49,-554.7369,49,-785.6146,49,-522.8251,49,-699.6919,49,-558.1132,49,-248.7018,49,-514.4766,49,-186.2245
50,-528.9473,50,-690.4644,50,-522.6347,50,-517.2281,50,-488.823,50,-691.9696,50,-355.5884,50,-520.8895,50,-435.1811,50,-469.1592,50,-459.7779,50,-607.0436,50,-552.5909,50,-338.6866,50,-183.2759,50,-253.7731,50,-106.4174,50,-209.3179,50,-151.2922,50,-297.141,50,-264.112,50,-249.0855,50,-118.358,50,-257.1308,50,-219.1167,50,-185.0511,50,-325.4053,50,-79.6149,50,-198.8974,50,-274.4687,50,-357.431,50,-234.3974,50,-92.98,50,-90.3512,50,-191.9825,50,-143.9086,50,-215.8521,50,-117.617,50,-146.7248,50,-134.8406,50,-583.0352,50,-536.4874,50,-481.539,50,-782.7802,50,-454.8102,50,-629.0752,50,-523.2535,50,-195.5407,50,-448.612,50,-164.754
51,-508.4448,51,-647.4808,51,-426.8365,51,-472.6066,51,-443.732,51,-706.841,51,-349.1057,51,-456.9795,51,-365.7837,51,-355.9335,51,-298.4967,51,-540.1337,51,-430.0771,51,-296.6746,51,-193.5805,51,-247.0581,51,-93.6367,51,-187.7525,51,-134.4934,51,-258.0728,51,-233.7024,51,-211.526,51,-108.4699,51,-245.9756,51,-174.2685,51,-187.3344,51,-290.347,51,-49.7545,51,-136.2641,51,-186.0559,51,-335.5649,51,-224.3226,51,-35.9146,51,-64.7383,51,-165.9804,51,-103.5703,51,-164.7096,51,-110.8305,51,-75.5431,51,-100.8073,51,-515.4569,51,-473.7759,51,-431.2728,51,-740.2764,51,-378.9364,51,-570.3889,51,-486.3646,51,-175.975,51,-363.4061,51,-162.6544
52,-469.3272,52,-604.5474,52,-358.5155,52,-458.6085,52,-426.275,52,-700.4363,52,-368.8107,52,-413.6422,52,-312.0223,52,-302.367,52,-162.1545,52,-459.222,52,-320.5323,52,-264.2484,52,-223.0652,52,-241.5491,52,-88.0549,52,-172.1995,52,-125.6642,52,-230.4652,52,-223.303,52,-178.6051,52,-103.0177,52,-208.3521,52,-163.9935,52,-176.404,52,-243.3652,52,-5.6002,52,-68.8752,52,-119.2186,52,-294.4955,52,-199.2359,52,-29.8844,52,-60.3933,52,-146.9974,52,-86.3707,52,-135.9874,52,-119.4885,52,-31.2864,52,-93.7646,52,-459.5545,52,-414.0281,52,-399.7686,52,-674.3981,52,-319.8169,52,-533.4343,52,-434.594,52,-180.2012,52,-297.2187,52,-175.3296
53,-409.7045,53,-573.04,53,-319.1893,53,-428.3379,53,-416.9771,53,-664.5165,53,-387.2575,53,-382.7589,53,-293.8558,53,-280.0757,53,-99.447,53,-378.1148,53,-246.4805,53,-238.668,53,-246.02,53,-229.6077,53,-89.5978,53,-167.6663,53,-125.3573,53,-206.8388,53,-221.7919,53,-149.4372,53,-111.124,53,-172.7339,53,-173.6035,53,-164.5033,53,-211.3144,53,35.5625,53,-17.9566,53,-82.9543,53,-247.4666,53,-173.2032,53,-63.1146,53,-68.867,53,-122.2206,53,-74.6064,53,-120.9066,53,-138.4088,53,-0.4685,53,-96.6178,53,-419.6348,53,-344.8204,53,-370.7223,53,-594.374,53,-295.6708,53,-508.7739,53,-366.5569,53,-186.5206,53,-261.3706,53,-185.8711
54,-352.223,54,-541.8928,54,-290.3055,54,-400.6156,54,-400.5291,54,-629.4235,54,-396.2014,54,-382.956,54,-289.6993,54,-265.728,54,-87.6019,54,-313.0457,54,-214.1085,54,-222.5545,54,-251.8676,54,-204.5511,54,-97.0005,54,-162.1408,54,-126.3067,54,-195.4067,54,-207.6605,54,-148.2481,54,-135.1406,54,-143.2522,54,-170.1625,54,-159.615,54,-203.5334,54,53.3979,54,1.9464,54,-69.0161,54,-194.1132,54,-149.4973,54,-80.0728,54,-81.5472,54,-95.5415,54,-72.4702,54,-112.6636,54,-167.3318,54,8.1742,54,-106.523,54,-380.0856,54,-281.2068,54,-343.2503,54,-503.2187,54,-316.781,54,-479.7971,54,-307.2236,54,-186.5622,54,-240.6717,54,-193.7514
55,-306.381,55,-491.6088,55,-268.7955,55,-397.9036,55,-387.6694,55,-603.7862,55,-394.5855,55,-416.0444,55,-286.3885,55,-253.8494,55,-105.1874,55,-267.1258,55,-204.6368,55,-203.434,55,-235.5604,55,-180.1955,55,-112.5806,55,-169.3137,55,-135.1063,55,-210.7645,55,-175.3025,55,-171.2783,55,-149.9836,55,-126.736,55,-155.0099,55,-148.5819,55,-212.0816,55,43.4861,55,4.9258,55,-58.4277,55,-148.4999,55,-116.0481,55,-81.6006,55,-82.7854,55,-73.8283,55,-68.4936,55,-110.0772,55,-186.6389,55,-14.715,55,-118.4013,55,-339.8201,55,-249.9133,55,-320.8163,55,-399.9553,55,-356.4726,55,-454.873,55,-279.926,55,-175.0751,55,-222.5961,55,-200.1617
56,-268.6765,56,-433.986,56,-274.5283,56,-406.631,56,-379.9516,56,-538.4843,56,-387.6965,56,-456.5565,56,-281.911,56,-250.8825,56,-140.1538,56,-255.341,56,-201.865,56,-198.6956,56,-221.4753,56,-156.089,56,-128.9104,56,-180.397,56,-136.9746,56,-232.0542,56,-169.2236,56,-192.8155,56,-145.6926,56,-117.6084,56,-154.0297,56,-146.0684,56,-226.6695,56,12.1026,56,20.1574,56,-50.4901,56,-104.5027,56,-75.599,56,-85.1448,56,-89.3533,56,-62.1304,56,-70.5274,56,-114.4326,56,-186.1445,56,-41.5248,56,-123.3371,56,-301.0714,56,-241.9698,56,-314.3359,56,-311.9849,56,-376.5664,56,-430.4737,56,-283.2161,56,-170.9482,56,-199.9211,56,-201.4163
57,-248.5599,57,-395.5284,57,-300.5057,57,-420.6288,57,-379.1253,57,-439.8929,57,-372.764,57,-464.6762,57,-271.2269,57,-260.2694,57,-164.1862,57,-267.0275,57,-195.0087,57,-200.2224,57,-212.7131,57,-157.9365,57,-141.8746,57,-176.9863,57,-131.3011,57,-231.2566,57,-174.7412,57,-193.4522,57,-136.9496,57,-107.6363,57,-155.881,57,-145.6111,57,-217.5899,57,-21.8332,57,40.1848,57,-38.9526,57,-54.8006,57,-31.337,57,-91.2746,57,-84.4579,57,-58.3852,57,-87.8595,57,-108.9639,57,-182.917,57,-60.2219,57,-120.6548,57,-272.9189,57,-240.3684,57,-318.3464,57,-262.402,57,-396.7688,57,-390.449,57,-296.6039,57,-175.1317,57,-196.0301,57,-196.5714
58,-246.6562,58,-378.301,58,-318.3285,58,-411.001,58,-370.564,58,-356.7842,58,-345.2556,58,-443.0139,58,-281.5758,58,-278.9639,58,-183.3465,58,-278.3805,58,-187.8425,58,-201.8239,58,-213.2658,58,-163.1419,58,-157.1586,58,-164.1604,58,-113.6161,58,-211.1813,58,-190.8194,58,-181.6965,58,-144.8169,58,-92.1992,58,-161.6301,58,-149.4936,58,-188.3701,58,-45.4395,58,35.8214,58,-22.8904,58,-4.4536,58,-4.8973,58,-90.7244,58,-64.3831,58,-61.0002,58,-96.3667,58,-96.5104,58,-167.7899,58,-81.6292,58,-120.4695,58,-257.368,58,-237.4399,58,-319.5134,58,-247.3651,58,-425.8892,58,-346.6473,58,-302.1823,58,-182.564,58,-201.5508,58,-192.1914
59,-243.2468,59,-371.9007,59,-346.9543,59,-374.3673,59,-359.4518,59,-316.8095,59,-337.0024,59,-423.9656,59,-306.6405,59,-302.8481,59,-188.55,59,-265.5297,59,-174.4532,59,-193.1981,59,-220.5923,59,-152.2226,59,-164.389,59,-160.1968,59,-75.3,59,-195.3369,59,-204.1564,59,-163.1103,59,-156.8798,59,-86.7473,59,-169.5876,59,-153.9771,59,-186.9531,59,-47.9254,59,7.9048,59,-15.0841,59,32.2157,59,17.9904,59,-75.1078,59,-40.5141,59,-65.3404,59,-93.454,59,-88.7313,59,-148.6312,59,-102.9873,59,-118.7535,59,-257.7416,59,-230.9172,59,-315.1498,59,-250.7652,59,-443.376,59,-326.1156,59,-286.4428,59,-184.9961,59,-208.0131,59,-183.7422
60,-236.6566,60,-370.0744,60,-371.9092,60,-335.4547,60,-364.7924,60,-303.4498,60,-363.9343,60,-405.1217,60,-329.3155,60,-333.4971,60,-180.3732,60,-228.0437,60,-154.9291,60,-176.0137,60,-233.6545,60,-148.6371,60,-148.3469,60,-165.0029,60,-46.3486,60,-192.0237,60,-213.2776,60,-151.4234,60,-169.9468,60,-83.272,60,-181.949,60,-164.8343,60,-213.64,60,-32.6249,60,-22.1159,60,-24.2492,60,38.4652,60,23.7476,60,-61.0459,60,-23.9255,60,-70.8984,60,-98.6631,60,-86.4245,60,-133.1518,60,-113.2514,60,-119.1737,60,-265.1364,60,-221.1672,60,-306.4794,60,-274.4882,60,-445.5016,60,-318.4956,60,-265.7401,60,-187.4147,60,-199.9483,60,-175.732
61,-245.2309,61,-348.5713,61,-366.9818,61,-310.9997,61,-366.4736,61,-309.9905,61,-399.2233,61,-385.6786,61,-339.9076,61,-354.746,61,-172.8469,61,-200.3324,61,-151.7104,61,-161.3947,61,-252.0694,61,-157.5246,61,-132.4167,61,-170.6384,61,-50.3068,61,-199.1369,61,-213.1082,61,-148.1018,61,-190.2681,61,-80.741,61,-198.0651,61,-166.1076,61,-235.3683,61,-3.4403,61,-26.5244,61,-42.2946,61,32.9723,61,-3.3068,61,-48.4294,61,-46.8575,61,-64.1885,61,-116.3445,61,-96.0499,61,-125.6871,61,-116.0747,61,-120.6212,61,-276.0936,61,-201.3788,61,-300.0128,61,-321.273,61,-432.9583,61,-310.7358,61,-268.4773,61,-205.0443,61,-185.9599,61,-184.1822
62,-278.014,62,-333.7667,62,-342.1014,62,-302.14,62,-364.2894,62,-323.4009,62,-414.5996,62,-370.0348,62,-352.1162,62,-340.3339,62,-173.4777,62,-195.9628,62,-167.5048,62,-165.1464,62,-257.53,62,-177.5893,62,-127.2344,62,-178.698,62,-60.3552,62,-209.2232,62,-199.9467,62,-140.4103,62,-208.4184,62,-90.6559,62,-223.2659,62,-166.8169,62,-251.1173,62,18.7663,62,-20.2886,62,-47.777,62,8.4595,62,-36.8899,62,-49.6922,62,-95.1229,62,-54.4702,62,-112.9886,62,-112.9001,62,-123.0851,62,-103.1586,62,-116.7946,62,-278.998,62,-183.6068,62,-291.8172,62,-350.3662,62,-421.8988,62,-316.9567,62,-290.0014,62,-216.6296,62,-182.3353,62,-205.2135
63,-313.5302,63,-342.6743,63,-321.2397,63,-299.094,63,-352.3597,63,-337.048,63,-419.1642,63,-357.5452,63,-366.2793,63,-320.1287,63,-179.3284,63,-208.0236,63,-181.5578,63,-172.1425,63,-247.1787,63,-190.0976,63,-134.8526,63,-195.173,63,-66.8184,63,-203.077,63,-187.8824,63,-119.306,63,-197.6312,63,-104.8654,63,-228.2678,63,-171.3754,63,-262.1763,63,20.1886,63,-16.7172,63,-25.6601,63,-13.9663,63,-61.1543,63,-53.607,63,-102.5739,63,-54.9382,63,-94.3432,63,-118.6779,63,-128.1646,63,-83.3137,63,-120.9197,63,-265.1075,63,-182.5412,63,-281.6907,63,-343.8739,63,-420.5324,63,-332.0334,63,-308.1219,63,-219.3672,63,-183.2468,63,-226.954
64,-345.5836,64,-363.675,64,-316.2441,64,-292.5277,64,-327.4364,64,-338.1266,64,-417.1628,64,-353.9775,64,-380.0584,64,-309.9916,64,-173.5152,64,-220.666,64,-192.5611,64,-182.3391,64,-217.9371,64,-200.6233,64,-149.8078,64,-204.4493,64,-73.0425,64,-179.6555,64,-191.3385,64,-118.1976,64,-160.2598,64,-113.641,64,-219.4186,64,-172.4442,64,-259.6978,64,18.0383,64,-13.1855,64,-6.4929,64,-21.73,64,-79.3716,64,-54.6509,64,-90.8315,64,-51.9438,64,-78.5472,64,-111.7128,64,-142.8004,64,-80.7495,64,-137.0138,64,-235.9024,64,-190.4518,64,-289.1785,64,-318.4492,64,-416.0748,64,-358.791,64,-319.3371,64,-190.5312,64,-191.8439,64,-253.2079
65,-368.819,65,-369.3078,65,-321.7168,65,-303.1342,65,-316.3188,65,-328.6425,65,-401.9716,65,-363.1358,65,-386.1383,65,-304.9255,65,-177.7042,65,-253.1912,65,-202.5121,65,-198.6325,65,-204.1223,65,-227.8506,65,-166.3251,65,-200.7121,65,-87.9081,65,-161.1899,65,-184.7419,65,-139.6912,65,-140.8953,65,-129.0461,65,-201.9613,65,-160.078,65,-254.4019,65,15.0058,65,-1.904,65,-9.2371,65,-29.1151,65,-94.7338,65,-69.6212,65,-94.3928,65,-46.7597,65,-79.2208,65,-102.9191,65,-152.3719,65,-88.4073,65,-156.4135,65,-227.5997,65,-199.1708,65,-296.6394,65,-306.0694,65,-380.9899,65,-389.365,65,-329.9302,65,-145.9665,65,-208.0733,65,-255.3059
66,-360.9323,66,-359.2792,66,-333.6758,66,-329.808,66,-331.0269,66,-314.1168,66,-376.6929,66,-386.3525,66,-385.442,66,-306.7569,66,-197.6011,66,-288.7553,66,-210.9219,66,-226.6391,66,-205.6801,66,-253.0888,66,-180.6467,66,-192.8023,66,-108.7955,66,-169.9421,66,-160.6176,66,-152.2459,66,-148.012,66,-151.2351,66,-176.0706,66,-140.9462,66,-270.092,66,10.7632,66,20.0681,66,-26.2243,66,-39.9083,66,-90.0106,66,-84.8044,66,-99.4422,66,-54.6764,66,-90.6809,66,-97.5602,66,-157.8345,66,-103.3073,66,-176.8686,66,-247.3456,66,-202.5791,66,-290.9716,66,-311.3611,66,-344.1704,66,-408.2664,66,-332.1537,66,-125.6785,66,-225.5585,66,-236.993
67,-335.8267,67,-351.0059,67,-351.6697,67,-356.6754,67,-341.1155,67,-296.9025,67,-351.7946,67,-407.452,67,-379.012,67,-318.1626,67,-236.4866,67,-288.962,67,-213.9341,67,-267.5715,67,-217.8875,67,-249.5353,67,-173.8598,67,-181.2228,67,-119.2006,67,-181.1665,67,-137.6751,67,-149.0736,67,-149.5453,67,-152.0491,67,-152.661,67,-123.9073,67,-271.3331,67,-5.7514,67,55.567,67,-32.1516,67,-48.5251,67,-87.8025,67,-90.3639,67,-97.399,67,-67.3504,67,-99.2404,67,-92.9967,67,-152.9115,67,-117.9329,67,-198.1794,67,-271.6789,67,-197.9471,67,-288.4744,67,-316.0441,67,-318.7149,67,-419.5099,67,-316.8537,67,-132.2188,67,-244.6343,67,-228.4251
68,-305.1389,68,-352.3609,68,-364.7604,68,-361.0831,68,-345.663,68,-301.2263,68,-334.6156,68,-414.5992,68,-372.9963,68,-341.4997,68,-264.5901,68,-285.1009,68,-215.5924,68,-291.6,68,-221.9105,68,-230.7928,68,-171.2206,68,-167.0928,68,-130.8662,68,-176.6209,68,-125.1234,68,-132.5456,68,-144.8141,68,-144.7637,68,-143.3047,68,-112.4137,68,-255.1271,68,-20.2484,68,83.6604,68,-24.934,68,-59.4951,68,-78.4818,68,-76.7746,68,-98.6807,68,-72.6701,68,-99.8122,68,-88.594,68,-151.4542,68,-123.6588,68,-202.9136,68,-279.657,68,-187.4066,68,-279.8118,68,-308.479,68,-305.9662,68,-421.3574,68,-295.178,68,-138.5237,68,-251.3324,68,-220.4557
69,-287.4049,69,-357.0138,69,-348.4726,69,-343.8037,69,-337.2734,69,-330.3475,69,-315.2344,69,-408.0071,69,-379.3133,69,-367.6875,69,-279.1542,69,-287.5423,69,-223.1444,69,-281.3218,69,-234.5725,69,-214.0954,69,-170.2341,69,-171.2609,69,-159.7832,69,-169.4499,69,-117.1657,69,-116.206,69,-135.6065,69,-156.0693,69,-153.0734,69,-108.3559,69,-257.9014,69,-25.8525,69,94.7687,69,-35.2892,69,-63.6121,69,-56.6317,69,-66.9375,69,-86.6373,69,-83.1908,69,-87.9686,69,-89.2874,69,-157.9499,69,-116.3389,69,-179.6793,69,-272.5021,69,-188.399,69,-259.1011,69,-297.5939,69,-304.8572,69,-407.9616,69,-287.0383,69,-136.3971,69,-249.6123,69,-204.6163
70,-285.8794,70,-355.7251,70,-326.6118,70,-325.0179,70,-309.3204,70,-346.5688,70,-294.4027,70,-398.4113,70,-393.6426,70,-372.7396,70,-281.3808,70,-279.7311,70,-230.7339,70,-270.9509,70,-251.8021,70,-189.8199,70,-172.5444,70,-193.0002,70,-189.8175,70,-164.3293,70,-121.6987,70,-108.2739,70,-130.0092,70,-168.9605,70,-158.6604,70,-118.4142,70,-276.8654,70,-30.1204,70,91.4787,70,-56.6223,70,-72.5962,70,-43.9305,70,-66.4306,70,-94.9339,70,-84.1273,70,-73.5223,70,-89.8043,70,-162.9041,70,-87.6602,70,-156.8516,70,-280.7204,70,-203.9436,70,-252.2321,70,-279.3577,70,-310.8456,70,-382.481,70,-298.0034,70,-141.9067,70,-251.0963,70,-192.0701
71,-292.3399,71,-334.1261,71,-321.9578,71,-325.4344,71,-284.6013,71,-325.0122,71,-288.1284,71,-379.6939,71,-390.6816,71,-365.8573,71,-281.0445,71,-269.5239,71,-225.185,71,-265.2369,71,-247.5467,71,-169.5848,71,-184.9745,71,-220.4703,71,-201.6708,71,-154.716,71,-125.3446,71,-123.7897,71,-128.8932,71,-156.9972,71,-167.796,71,-138.9187,71,-292.3945,71,-36.9811,71,84.9412,71,-57.1793,71,-90.1504,71,-42.8802,71,-61.2785,71,-112.3808,71,-85.9955,71,-62.2918,71,-85.2822,71,-153.5036,71,-63.0133,71,-148.4502,71,-295.6156,71,-232.4361,71,-257.7122,71,-259.0431,71,-328.3629,71,-353.6543,71,-305.4208,71,-162.8996,71,-251.6793,71,-182.3511
72,-278.6692,72,-296.5209,72,-331.845,72,-325.0781,72,-280.525,72,-295.3505,72,-300.1068,72,-342.247,72,-366.1355,72,-342.9257,72,-274.9866,72,-272.6672,72,-213.8109,72,-278.2234,72,-236.4684,72,-169.2319,72,-199.4101,72,-239.1037,72,-204.1251,72,-150.8696,72,-133.4268,72,-149.796,72,-127.9309,72,-133.5322,72,-185.6623,72,-150.8645,72,-273.2878,72,-40.7493,72,75.5762,72,-30.8476,72,-105.5384,72,-63.4321,72,-40.7,72,-104.5466,72,-80.5281,72,-75.4048,72,-78.8086,72,-145.5069,72,-66.0566,72,-158.4366,72,-295.7479,72,-261.3243,72,-263.6747,72,-266.1731,72,-353.7279,72,-334.9631,72,-299.8814,72,-175.4551,72,-234.9572,72,-193.4284
73,-270.8483,73,-276.5127,73,-357.9816,73,-317.0294,73,-302.6725,73,-279.4977,73,-316.6039,73,-304.696,73,-348.8956,73,-320.1865,73,-274.4144,73,-274.6698,73,-211.4057,73,-298.4134,73,-233.6143,73,-186.6152,73,-196.5742,73,-244.657,73,-187.9104,73,-155.1705,73,-138.7049,73,-165.8861,73,-119.2485,73,-123.8991,73,-205.4415,73,-157.2431,73,-239.9008,73,-30.1896,73,55.9273,73,-4.7987,73,-90.65,73,-72.1957,73,-21.4634,73,-86.7229,73,-87.6277,73,-83.905,73,-75.9356,73,-147.9727,73,-94.4377,73,-161.2627,73,-282.2522,73,-270.9032,73,-268.3508,73,-301.679,73,-369.7984,73,-319.1286,73,-291.2001,73,-167.4935,73,-212.3244,73,-212.5164
74,-276.3858,74,-290.7756,74,-388.124,74,-344.3513,74,-339.4879,74,-277.3076,74,-327.5842,74,-295.3872,74,-343.4428,74,-315.4207,74,-282.2253,74,-262.7596,74,-226.0704,74,-306.8011,74,-222.6529,74,-221.591,74,-169.3848,74,-230.3443,74,-160.5142,74,-156.9559,74,-135.0287,74,-162.334,74,-102.9915,74,-134.0284,74,-197.6744,74,-160.0813,74,-236.6472,74,-9.0247,74,40.6734,74,11.4665,74,-69.5534,74,-58.1673,74,-17.817,74,-83.6433,74,-94.7416,74,-86.0174,74,-71.1517,74,-154.7695,74,-129.4256,74,-156.5297,74,-252.9284,74,-271.4106,74,-272.876,74,-329.3862,74,-376.6649,74,-312.8447,74,-286.1502,74,-153.9154,74,-196.8887,74,-229.639
75,-286.6579,75,-321.4752,75,-401.4974,75,-379.085,75,-383.5153,75,-273.6615,75,-323.4764,75,-312.6346,75,-345.1454,75,-326.9086,75,-295.1951,75,-244.8084,75,-247.4083,75,-296.2479,75,-218.5489,75,-269.9178,75,-132.5473,75,-205.9167,75,-132.9547,75,-168.9417,75,-129.2237,75,-148.4847,75,-85.5355,75,-148.2764,75,-180.122,75,-166.5362,75,-247.5831,75,10.5806,75,35.9147,75,16.9944,75,-53.533,75,-42.8066,75,-36.7308,75,-98.1797,75,-94.1899,75,-99.522,75,-65.6225,75,-161.1448,75,-157.2552,75,-164.2058,75,-235.4325,75,-260.5432,75,-273.8619,75,-339.9413,75,-394.2312,75,-327.7644,75,-285.7273,75,-166.1638,75,-191.8238,75,-244.2994
76,-298.2205,76,-355.677,76,-396.7695,76,-403.244,76,-424.7504,76,-253.0596,76,-329.6742,76,-340.8633,76,-342.4757,76,-338.3747,76,-324.0178,76,-230.6575,76,-263.9114,76,-272.2694,76,-232.2383,76,-284.9875,76,-118.7621,76,-189.5152,76,-120.5931,76,-200.0007,76,-120.4646,76,-140.6981,76,-82.7757,76,-154.9363,76,-174.7508,76,-158.5879,76,-249.5605,76,18.9851,76,37.3037,76,11.7789,76,-23.9589,76,-52.3523,76,-70.5834,76,-121.5635,76,-92.4466,76,-125.7608,76,-75.2066,76,-166.7754,76,-170.3712,76,-169.2979,76,-231.3082,76,-254.5283,76,-282.3878,76,-340.6282,76,-410.1261,76,-340.0701,76,-293.146,76,-184.2694,76,-200.2043,76,-246.6317
77,-309.5249,77,-383.3119,77,-395.2571,77,-406.6581,77,-432.7276,77,-241.8537,77,-365.9264,77,-363.463,77,-341.6947,77,-337.4623,77,-355.447,77,-241.1411,77,-257.9885,77,-226.1097,77,-249.329,77,-245.9508,77,-120.1102,77,-183.4612,77,-131.3397,77,-227.2673,77,-114.6401,77,-142.4165,77,-92.6973,77,-155.4752,77,-180.7113,77,-138.8542,77,-244.1348,77,6.3113,77,26.2789,77,-4.4023,77,-2.0362,77,-55.505,77,-94.8297,77,-136.3468,77,-92.3176,77,-144.7252,77,-104.176,77,-159.8302,77,-165.4334,77,-170.671,77,-238.4064,77,-252.1623,77,-300.9867,77,-326.7999,77,-399.6118,77,-336.9692,77,-295.8743,77,-198.8435,77,-203.1871,77,-247.9858
78,-326.8718,78,-387.1094,78,-409.0765,78,-396.2229,78,-408.7471,78,-246.364,78,-401.3923,78,-363.9632,78,-350.6299,78,-329.8262,78,-327.4032,78,-266.4727,78,-228.0409,78,-171.0603,78,-267.546,78,-201.7976,78,-118.2073,78,-184.64,78,-153.7339,78,-221.5165,78,-125.6474,78,-139.5601,78,-109.5427,78,-147.8974,78,-203.2118,78,-113.979,78,-233.7909,78,-22.8218,78,3.1435,78,-34.7069,78,-8.0047,78,-48.6365,78,-95.6914,78,-137.6642,78,-79.5526,78,-133.5464,78,-126.9925,78,-130.3375,78,-144.3749,78,-168.272,78,-242.6828,78,-249.3262,78,-321.9813,78,-303.1932,78,-384.0298,78,-343.729,78,-311.1377,78,-212.8462,78,-202.2711,78,-250.1135
79,-337.8354,79,-389.7723,79,-436.6105,79,-381.0069,79,-405.6392,79,-270.3033,79,-409.4493,79,-361.6032,79,-361.4981,79,-328.0383,79,-258.2998,79,-275.7142,79,-214.6354,79,-130.3552,79,-275.5622,79,-187.8372,79,-117.8724,79,-175.1038,79,-178.7528,79,-191.8032,79,-146.1231,79,-124.8253,79,-110.5884,79,-156.0404,79,-222.2385,79,-98.1155,79,-222.9587,79,-42.6725,79,-14.7919,79,-65.3421,79,-46.5307,79,-54.9696,79,-74.722,79,-126.8596,79,-56.423,79,-110.5753,79,-129.5659,79,-104.4602,79,-126.1081,79,-154.9846,79,-237.9888,79,-252.0578,79,-338.5996,79,-295.0979,79,-380.1405,79,-354.613,79,-331.6929,79,-222.2726,79,-195.1316,79,-240.9356
80,-332.2805,80,-412.0356,80,-458.4063,80,-371.532,80,-406.6766,80,-324.8994,80,-394.8392,80,-365.0725,80,-353.5019,80,-333.0454,80,-172.6883,80,-267.0958,80,-232.8424,80,-120.0069,80,-272.8864,80,-205.6943,80,-117.4992,80,-148.1357,80,-198.2511,80,-171.1858,80,-163.307,80,-108.6682,80,-96.0146,80,-179.8831,80,-220.6159,80,-100.6017,80,-212.7062,80,-45.0816,80,-21.4773,80,-69.3325,80,-87.9912,80,-73.554,80,-62.3019,80,-114.3361,80,-34.5499,80,-95.3601,80,-127.9261,80,-105.1201,80,-122.1679,80,-136.034,80,-237.4956,80,-280.2955,80,-358.4982,80,-312.4544,80,-383.4427,80,-368.6959,80,-347.0336,80,-207.014,80,-178.4985,80,-211.9616