0,-28.0106,0,-29.5692,0,-88.43,0,-22.8913,0,9.1161,0,16.3722,0,-3.3112,0,-36.7979,0,-47.9957,0,-14.2129,0,-55.5635,0,-56.0832,0,-38.4279,0,-16.4668,0,-87.581,0,-50.4918,0,-37.2016,0,-10.6898,0,-43.5323,0,-30.3233,0,-41.8758,0,-25.9458,0,-36.2584,0,-8.8791,0,-46.9823
1,-33.5154,1,-30.5152,1,-58.5569,1,-34.2873,1,3.5994,1,21.5691,1,-7.0269,1,-49.0102,1,-51.958,1,-7.7058,1,-20.6448,1,-30.9001,1,-46.3645,1,-19.4936,1,-70.4314,1,-43.0315,1,-38.8173,1,-35.6781,1,-16.3719,1,-42.2321,1,-30.5248,1,-39.5431,1,-13.3982,1,-22.7717,1,-64.3142
2,-58.6059,2,-33.5726,2,-63.0269,2,-25.9995,2,1.284,2,9.1309,2,-13.9562,2,-72.159,2,-56.5001,2,11.6115,2,-20.9616,2,-17.2608,2,-52.3888,2,-15.7581,2,-67.124,2,-36.8511,2,-24.4021,2,-30.1001,2,-8.2874,2,-57.5828,2,-24.0908,2,-36.4912,2,12.0003,2,-54.3124,2,-56.5134
3,-67.089,3,-35.3895,3,-61.4647,3,-34.3295,3,4.2728,3,14.0973,3,-21.0733,3,-47.7221,3,-67.8975,3,11.2186,3,9.4315,3,-20.6716,3,-72.9463,3,-17.8433,3,-58.155,3,-44.5212,3,-24.0319,3,-22.7976,3,-15.0928,3,-20.0907,3,-42.0183,3,-50.0149,3,9.6819,3,-56.5952,3,-55.3229
4,-59.125,4,-22.6567,4,-38.9604,4,-42.3016,4,16.0347,4,23.3538,4,-18.327,4,-32.9771,4,-71.6482,4,-11.3735,4,16.1737,4,-33.4184,4,-84.2162,4,-27.9843,4,-48.7884,4,-42.5358,4,-24.5481,4,-14.5125,4,-26.936,4,-13.7198,4,-51.3904,4,-32.9429,4,11.9486,4,-34.7053,4,-54.3175
5,-46.8951,5,-38.2939,5,-23.1518,5,-18.329,5,17.5848,5,-2.112,5,-14.245,5,-63.839,5,-61.0895,5,-29.6775,5,8.2944,5,-43.5247,5,-54.8394,5,-24.2763,5,-38.1285,5,-53.6999,5,-11.4541,5,-7.0989,5,-53.5491,5,3.662,5,-49.9097,5,-22.0768,5,16.7452,5,-31.9237,5,-57.2216
6,-24.6446,6,-57.4325,6,-1.4618,6,-7.8933,6,-0.6334,6,-20.9594,6,0.3208,6,-68.1834,6,-48.8395,6,-9.9087,6,14.484,6,-44.3786,6,-49.9772,6,-15.5867,6,-50.1502,6,-36.6573,6,-1.5341,6,-17.1632,6,-70.5185,6,-0.1984,6,-35.6857,6,-15.2113,6,15.1428,6,-35.6364,6,-60.076
7,-13.4292,7,-67.9343,7,2.6689,7,-5.1867,7,-16.6825,7,-18.4495,7,5.3713,7,-76.055,7,-40.4283,7,12.3218,7,17.5012,7,-33.8939,7,-52.4033,7,-19.0929,7,-68.6633,7,-22.1332,7,-7.7616,7,-24.4942,7,-64.6231,7,-0.4262,7,-29.9506,7,-8.7446,7,19.4222,7,-13.6031,7,-65.2825
8,-20.6039,8,-61.5544,8,1.3874,8,-10.5406,8,-23.4668,8,-29.8588,8,-9.8374,8,-86.2158,8,-30.6204,8,11.7801,8,15.5305,8,-26.3325,8,-38.1256,8,-28.905,8,-52.7039,8,-9.6563,8,-28.9328,8,-26.4015,8,-43.0319,8,2.4256,8,-21.6414,8,-4.1,8,3.4495,8,-2.6114,8,-86.1115
9,-18.8892,9,-62.1749,9,-15.8709,9,-10.4651,9,-26.976,9,-17.54,9,-37.5123,9,-80.8246,9,-14.9938,9,1.7361,9,3.6005,9,-20.3892,9,-24.9564,9,-26.245,9,-30.3719,9,-1.5765,9,-50.5507,9,-33.4052,9,-25.2836,9,19.4233,9,-16.3004,9,-12.3505,9,-15.215,9,-26.1877,9,-63.5867
10,10.7491,10,-49.2178,10,-33.9243,10,-24.3433,10,-21.6052,10,-17.0358,10,-61.1625,10,-75.5459,10,-3.7966,10,-2.2069,10,-21.4536,10,-10.4865,10,-17.3022,10,-22.257,10,-12.5121,10,0.1647,10,-60.2164,10,-39.0441,10,-9.1974,10,0.0904,10,-19.4397,10,-24.5428,10,-9.121,10,-33.6553,10,-36.3452
11,-11.795,11,-40.0146,11,-41.4647,11,-42.7185,11,-11.0567,11,-9.9642,11,-69.0663,11,-70.832,11,9.6008,11,-7.2014,11,-42.8308,11,-16.1128,11,10.9042,11,-30.258,11,4.0164,11,-16.2406,11,-47.8315,11,-31.1899,11,-17.646,11,21.2988,11,-33.7574,11,-28.1081,11,-8.3024,11,-38.7594,11,-25.4167
12,-12.8001,12,-35.8493,12,-43.3779,12,-39.5405,12,-8.5082,12,-8.8024,12,-50.2783,12,-81.8943,12,12.9573,12,-8.9783,12,-58.9445,12,-18.5019,12,4.8452,12,-33.262,12,-1.0462,12,-30.2193,12,-30.4943,12,-6.5957,12,-45.002,12,17.8273,12,-46.0734,12,-33.9763,12,-5.3932,12,-39.8483,12,-17.9291
13,-9.737,13,-26.3558,13,-37.621,13,-38.2456,13,-7.0346,13,4.889,13,-24.187,13,-71.0608,13,5.2223,13,-16.4683,13,-64.8424,13,-8.9637,13,-16.7781,13,-15.7342,13,-14.6328,13,-44.6552,13,-11.397,13,14.5151,13,-45.7069,13,-6.7647,13,-35.786,13,-33.3753,13,11.5125,13,-35.1504,13,-9.0121
14,-28.8006,14,-38.2328,14,-32.1617,14,-44.6219,14,-13.5654,14,6.1873,14,-49.5297,14,-42.9478,14,-7.476,14,-25.3578,14,-52.5069,14,-10.5535,14,-31.0827,14,10.2038,14,-37.8971,14,-57.6457,14,-1.5997,14,7.346,14,-32.9614,14,-10.2768,14,-34.2907,14,-21.7142,14,13.4903,14,-49.9762,14,-7.935
15,-42.2115,15,-55.7654,15,-33.6358,15,-37.3623,15,-9.9356,15,-7.5382,15,-21.4164,15,-17.4149,15,-14.9289,15,-24.773,15,-49.9128,15,-11.6313,15,-44.2242,15,13.3849,15,-39.4716,15,-63.8929,15,-1.8074,15,-14.3274,15,-24.0292,15,-44.6964,15,-41.6716,15,-14.4033,15,8.9796,15,-63.0304,15,-13.1019
16,-30.2418,16,-55.6303,16,-27.467,16,-18.9501,16,-7.8715,16,-18.3773,16,-24.0069,16,-12.2889,16,-17.0823,16,-1.1215,16,-26.9531,16,5.1327,16,-56.0961,16,13.84,16,-30.3632,16,-86.2552,16,-15.8462,16,-30.1853,16,-17.7704,16,-58.6126,16,-48.4738,16,-5.9301,16,14.2019,16,-70.8689,16,-21.1733
17,-8.5034,17,-54.7718,17,-11.8135,17,-15.452,17,-28.2319,17,-12.8992,17,-24.7934,17,-29.2018,17,-10.4159,17,-23.0797,17,-15.0119,17,-9.2599,17,-62.1654,17,5.5004,17,-19.3997,17,-102.5603,17,-47.031,17,-38.3421,17,-12.024,17,-49.3197,17,-65.7106,17,-13.5026,17,15.8,17,-72.8953,17,-39.9761
18,-5.7386,18,-45.5957,18,-7.28,18,-10.9982,18,-47.4462,18,5.1231,18,-24.1901,18,-41.3964,18,-12.818,18,-54.1528,18,-16.9344,18,-6.906,18,-56.589,18,-4.5819,18,-12.8908,18,-104.3635,18,-53.0151,18,-29.7702,18,-19.4856,18,-53.1466,18,-80.0061,18,-5.9012,18,15.5911,18,-85.2217,18,-44.8556
19,-21.4396,19,-44.1568,19,-14.4213,19,-1.2881,19,-50.3969,19,8.1657,19,-36.3962,19,-32.4581,19,-12.594,19,-74.26,19,-21.3732,19,2.8299,19,-53.1819,19,-8.1649,19,-49.8972,19,-81.9591,19,-61.8871,19,-32.6389,19,-20.5974,19,-34.2782,19,-81.0173,19,-3.2922,19,3.0391,19,-91.8674,19,-40.9726
20,-40.4485,20,-51.3283,20,-8.7231,20,4.1021,20,-49.3815,20,2.3239,20,-43.8121,20,-25.5019,20,-11.0713,20,-71.7593,20,-28.4785,20,2.2982,20,-44.4123,20,-16.0854,20,-31.719,20,-46.5368,20,-69.3908,20,-33.9596,20,-12.6795,20,-11.6141,20,-63.1919,20,3.4045,20,-2.9764,20,-85.4763,20,-50.8589
21,-55.113,21,-57.5467,21,-23.0055,21,-4.5841,21,-44.005,21,7.1786,21,-54.0673,21,-24.0828,21,-15.0956,21,-66.7742,21,-34.2505,21,-21.5967,21,-34.7779,21,-34.3637,21,-25.0632,21,-50.0987,21,-67.4773,21,-25.8613,21,-12.2009,21,-11.5267,21,-26.8134,21,-4.756,21,-16.3246,21,-76.2464,21,-55.4055
22,-36.2927,22,-57.3793,22,-27.4584,22,-16.6503,22,-35.4785,22,-16.3624,22,-55.8612,22,-19.918,22,-16.2299,22,-50.4623,22,-37.1767,22,-13.4187,22,-33.6585,22,-46.9975,22,-23.2791,22,-49.8311,22,-62.3382,22,-22.9388,22,-14.4039,22,-21.2448,22,-42.8633,22,-22.5189,22,-24.4373,22,-56.3738,22,-49.0422
23,-26.8809,23,-58.118,23,-20.1166,23,-16.1555,23,-17.9465,23,-18.3491,23,-47.4843,23,-18.005,23,-15.3706,23,-22.9912,23,-50.7778,23,-21.2886,23,-40.4807,23,-55.4457,23,-28.295,23,-48.0768,23,-64.4379,23,-19.2953,23,-31.4051,23,-41.376,23,-53.5383,23,-49.283,23,-29.3012,23,-20.0326,23,-57.2242
24,-42.4849,24,-55.0053,24,-27.4424,24,-23.9655,24,-24.6173,24,-14.0424,24,-49.9894,24,-37.3306,24,-2.9471,24,-12.895,24,-60.6999,24,-21.1192,24,-28.2815,24,-63.4239,24,-47.81,24,-38.9017,24,-67.2428,24,-45.1277,24,-48.1982,24,-35.4471,24,-58.6296,24,-52.7715,24,-27.974,24,-23.4349,24,-56.3908
25,-59.8521,25,-44.1009,25,-57.9912,25,-27.7384,25,-14.1339,25,-0.1414,25,-53.8479,25,-65.8411,25,-1.849,25,-22.5367,25,-60.5419,25,-8.7746,25,-12.6511,25,-64.4515,25,-54.1274,25,-33.5512,25,-75.7131,25,-44.0226,25,-61.3333,25,-36.7889,25,-57.9234,25,-31.4324,25,-27.1888,25,-44.6531,25,-57.0226
26,-61.8234,26,-44.2943,26,-78.6136,26,-35.8631,26,-2.1805,26,24.2943,26,-53.9935,26,-63.3103,26,-8.802,26,-31.6428,26,-59.7664,26,-11.225,26,-5.4065,26,-69.6671,26,-56.0947,26,-32.0535,26,-64.8717,26,-34.0557,26,-62.9869,26,-56.1641,26,-58.0479,26,-25.8157,26,-28.3885,26,-39.597,26,-39.9542
27,-54.7663,27,-55.9483,27,-66.1395,27,-48.951,27,-9.2505,27,24.2335,27,-45.8602,27,-37.1667,27,8.5952,27,-22.2411,27,-77.4964,27,-12.2177,27,-1.5108,27,-76.0881,27,-70.6492,27,-24.4252,27,-46.3633,27,-22.3812,27,-59.9371,27,-59.4177,27,-66.0355,27,-22.1596,27,-26.2416,27,-40.0744,27,-23.5745
28,-46.1966,28,-66.2639,28,-60.1154,28,-35.2924,28,-11.2173,28,27.194,28,-43.9414,28,-25.6918,28,25.6737,28,-9.4604,28,-69.1466,28,-14.5153,28,-10.9449,28,-65.1804,28,-66.563,28,-12.9763,28,-61.5745,28,-27.1424,28,-67.2579,28,-48.0067,28,-67.4792,28,-19.2373,28,-3.0167,28,-54.0609,28,-33.3168
29,-27.7129,29,-67.198,29,-67.3008,29,-43.092,29,-5.276,29,32.0007,29,-51.5102,29,-34.6153,29,20.544,29,0.8238,29,-77.2582,29,-11.0284,29,-1.9494,29,-54.8452,29,-48.7868,29,-15.6317,29,-64.9673,29,-34.8172,29,-71.0827,29,-44.6285,29,-67.9574,29,-27.9259,29,-0.7845,29,-65.7486,29,-44.7215
30,-9.5841,30,-74.5482,30,-54.4853,30,-53.3143,30,8.6512,30,32.137,30,-47.8838,30,-19.5118,30,-24.1705,30,-12.5629,30,-97.524,30,7.8587,30,8.9839,30,-46.7376,30,-29.1063,30,-23.7935,30,-39.2287,30,-27.0526,30,-66.132,30,-40.5121,30,-54.6433,30,-52.7287,30,-5.2216,30,-66.4136,30,-54.9505
31,-5.2235,31,-87.1012,31,-48.3304,31,-50.4762,31,9.486,31,22.9595,31,-42.1883,31,-16.8677,31,-52.8871,31,-46.8417,31,-104.9028,31,34.7617,31,-6.1617,31,-35.806,31,-17.8635,31,-26.7648,31,-32.7348,31,-30.7161,31,-71.222,31,-62.6062,31,-47.3918,31,-67.5297,31,-6.6517,31,-39.8749,31,-52.1339
32,-10.2515,32,-85.0022,32,-44.0134,32,-51.9555,32,2.6909,32,10.03,32,-38.4179,32,-3.7319,32,-54.8973,32,-57.5158,32,-95.2251,32,20.6139,32,-18.7605,32,-5.7974,32,-6.708,32,-22.1867,32,4.6923,32,-50.4038,32,-68.3249,32,-59.3328,32,-49.8126,32,-52.4213,32,-4.4467,32,-41.266,32,-38.7991
33,-10.9917,33,-81.9117,33,-49.6944,33,-62.9861,33,-10.2251,33,-3.9775,33,-39.3757,33,-0.5848,33,-36.2781,33,-60.9291,33,-65.3415,33,-9.9262,33,-15.6609,33,-8.3586,33,-22.7815,33,-13.5867,33,-4.0502,33,-54.3157,33,-72.9972,33,-45.525,33,-63.222,33,-47.8805,33,15.6087,33,-48.9853,33,-12.3029
34,-4.4859,34,-80.2253,34,-61.7067,34,-58.566,34,-4.8333,34,-17.2915,34,-41.375,34,-6.3252,34,-21.2474,34,-65.0993,34,-54.3856,34,-19.6458,34,-13.4418,34,-20.2782,34,-31.6775,34,-9.4812,34,-7.4049,34,-42.7431,34,-75.3211,34,-21.9366,34,-71.8438,34,-65.8708,34,18.6782,34,-61.0367,34,14.1686
35,-5.663,35,-55.7291,35,-65.2469,35,-59.422,35,5.3807,35,-37.3111,35,-49.9273,35,-24.3534,35,-2.6668,35,-56.3709,35,-67.1177,35,-35.661,35,-11.2297,35,-22.5493,35,-38.9589,35,-29.1675,35,-24.6238,35,-39.5885,35,-56.0627,35,-21.0549,35,-63.5793,35,-79.2529,35,4.6747,35,-60.324,35,8.7385
36,-13.3225,36,-19.5455,36,-47.2458,36,-73.8442,36,3.8429,36,-13.6439,36,-52.9487,36,-32.0586,36,-5.778,36,-52.2588,36,-63.3224,36,-49.0034,36,-14.8983,36,-12.5083,36,-63.9654,36,-31.6056,36,-22.2753,36,-26.517,36,-41.0751,36,-9.1611,36,-78.8716,36,-98.6063,36,13.3291,36,-61.2375,36,-7.73
37,-16.2732,37,5.0657,37,-46.7842,37,-81.4865,37,1.597,37,8.3565,37,-59.7395,37,-38.0919,37,-22.5227,37,-68.0312,37,-57.193,37,-44.9159,37,-21.8758,37,3.9425,37,-84.1795,37,-45.7736,37,-19.8676,37,-32.5925,37,-47.3845,37,3.1213,37,-97.5788,37,-117.0955,37,13.2089,37,-70.7368,37,-26.8736
38,-5.9994,38,1.485,38,-33.0495,38,-67.3571,38,-13.2999,38,7.5276,38,-47.9425,38,-37.441,38,-39.2035,38,-85.7863,38,-72.1636,38,-52.9785,38,-28.802,38,-8.4515,38,-91.6822,38,-42.2076,38,-25.6132,38,-56.7579,38,-44.7148,38,8.3088,38,-93.6452,38,-80.5304,38,4.5098,38,-75.3793,38,-27.6125
39,-13.3428,39,-12.6439,39,-14.8828,39,-46.241,39,-38.4277,39,-8.9253,39,-58.7487,39,-45.379,39,-34.5307,39,-86.6006,39,-86.9444,39,-52.8517,39,-35.7149,39,-9.694,39,-97.1685,39,-32.8397,39,-33.6951,39,-78.8478,39,-24.1341,39,7.6885,39,-115.798,39,-44.5035,39,5.1419,39,-83.207,39,-28.4052
40,-30.7712,40,-25.3343,40,-14.6416,40,-37.5401,40,-73.5934,40,-20.7861,40,-49.6815,40,-54.2371,40,-35.5395,40,-78.475,40,-98.7353,40,-72.3768,40,-38.1606,40,-7.4751,40,-97.6021,40,-43.1382,40,-54.3922,40,-97.6815,40,-25.5161,40,11.8304,40,-134.0737,40,-35.6354,40,6.7162,40,-69.4945,40,-44.2273
41,-34.0019,41,-55.0285,41,-16.4508,41,-56.3162,41,-76.7123,41,-20.4303,41,-29.1835,41,-50.8834,41,-36.8084,41,-68.5601,41,-102.4931,41,-86.9771,41,-40.166,41,-30.8246,41,-74.4264,41,-53.5243,41,-57.574,41,-83.0134,41,-45.5815,41,11.1578,41,-126.7319,41,-44.4264,41,-2.2579,41,-50.6693,41,-47.5018
42,-29.2952,42,-74.4529,42,-9.8185,42,-78.3863,42,-84.5883,42,-17.9051,42,-20.6134,42,-60.3997,42,-28.5632,42,-62.7336,42,-117.225,42,-77.7135,42,-31.8277,42,-47.7863,42,-60.3758,42,-50.2954,42,-48.4066,42,-59.3497,42,-64.2856,42,4.0139,42,-124.3861,42,-53.4844,42,-7.5622,42,-38.9786,42,-54.6454
43,-29.8345,43,-76.1516,43,-14.1436,43,-81.4185,43,-70.7948,43,-18.7459,43,-26.5931,43,-92.8754,43,-42.8584,43,-94.3423,43,-119.5383,43,-87.5454,43,-23.0131,43,-31.6549,43,-57.1886,43,-34.2326,43,-40.1193,43,-58.4346,43,-71.0983,43,17.4111,43,-132.1072,43,-65.0131,43,-22.7103,43,-23.5299,43,-64.3817
44,-30.0366,44,-75.594,44,-17.8264,44,-78.4743,44,-60.8582,44,-20.5458,44,-27.4891,44,-122.0743,44,-82.493,44,-86.2775,44,-102.3828,44,-72.2646,44,-28.7772,44,-49.9364,44,-51.4953,44,-31.751,44,-20.5443,44,-62.9655,44,-78.4539,44,32.4829,44,-129.2974,44,-75.638,44,-21.7037,44,-11.8344,44,-59.9445
45,-27.6197,45,-79.5403,45,-28.2945,45,-79.4643,45,-69.9949,45,-20.9075,45,-43.6625,45,-145.8156,45,-102.0086,45,-81.0496,45,-93.5744,45,-44.611,45,-45.8653,45,-48.0909,45,-52.8794,45,-44.4534,45,-21.1502,45,-67.3201,45,-83.8974,45,43.3567,45,-122.3311,45,-91.3217,45,2.7591,45,-23.445,45,-58.8078
46,-56.1794,46,-75.8429,46,-49.106,46,-89.0144,46,-107.3604,46,-24.1222,46,-62.2462,46,-169.1526,46,-133.2378,46,-67.8158,46,-102.067,46,-47.6357,46,-54.6318,46,-70.2625,46,-61.9807,46,-46.93,46,-28.6767,46,-76.3017,46,-100.7414,46,42.3745,46,-123.0049,46,-98.3525,46,-17.157,46,-29.4459,46,-47.8357
47,-101.2503,47,-89.406,47,-61.1401,47,-90.664,47,-138.0855,47,-13.2735,47,-83.7543,47,-175.5838,47,-206.778,47,-52.5616,47,-143.9568,47,-62.6338,47,-60.9967,47,-74.492,47,-54.8503,47,-48.2191,47,-41.967,47,-85.4122,47,-122.0449,47,47.2231,47,-98.4856,47,-83.2668,47,-31.7235,47,-27.8491,47,-54.6392
48,-147.0975,48,-100.0277,48,-64.3406,48,-133.5215,48,-171.8826,48,-24.5366,48,-116.4117,48,-181.3278,48,-270.648,48,-29.0482,48,-215.3439,48,-89.6377,48,-67.9549,48,-57.3329,48,-46.3148,48,-75.0608,48,-58.1782,48,-86.8043,48,-137.0385,48,46.931,48,-109.7383,48,-75.0625,48,-65.7395,48,-40.1513,48,-86.5555
49,-213.9803,49,-121.3116,49,-83.4051,49,-147.4661,49,-237.0337,49,-61.5956,49,-145.7683,49,-216.7622,49,-315.885,49,-25.7876,49,-290.6718,49,-116.2888,49,-87.3181,49,-45.4325,49,-54.1706,49,-156.9883,49,-63.7781,49,-96.3581,49,-152.8093,49,8.9913,49,-114.0537,49,-80.0324,49,-95.22,49,-50.1441,49,-168.3945
50,-272.0768,50,-167.834,50,-119.4451,50,-183.2854,50,-254.4224,50,-92.6199,50,-166.3143,50,-261.0914,50,-344.8369,50,-30.2453,50,-340.9191,50,-121.3078,50,-133.0411,50,-52.9559,50,-79.085,50,-264.2478,50,-80.3633,50,-112.9502,50,-167.4413,50,-30.2066,50,-133.5461,50,-58.0486,50,-129.4957,50,-71.2692,50,-260.3728
51,-312.8918,51,-226.5626,51,-156.9914,51,-193.5278,51,-272.3138,51,-96.1329,51,-195.7302,51,-318.2921,51,-356.4626,51,-66.0396,51,-378.4264,51,-135.7823,51,-186.2612,51,-48.2535,51,-105.7878,51,-337.9488,51,-115.6567,51,-111.4043,51,-199.4759,51,-58.8624,51,-156.0536,51,-62.2985,51,-145.8583,51,-95.1844,51,-311.9098
52,-322.2111,52,-268.7964,52,-150.7186,52,-192.8615,52,-285.0612,52,-104.2365,52,-225.543,52,-351.3494,52,-349.254,52,-149.009,52,-401.1639,52,-172.8023,52,-227.5389,52,-37.2798,52,-145.5718,52,-350.5001,52,-157.8983,52,-117.0979,52,-246.6089,52,-70.9596,52,-191.7233,52,-80.4196,52,-166.2636,52,-134.0635,52,-336.8409
53,-330.9019,53,-304.0119,53,-156.0098,53,-216.3574,53,-309.8462,53,-119.6429,53,-256.0957,53,-355.5,53,-350.1517,53,-207.1554,53,-399.0413,53,-233.923,53,-262.2061,53,-17.2047,53,-209.6883,53,-338.1201,53,-215.3963,53,-105.4628,53,-301.6597,53,-124.1665,53,-223.9767,53,-114.3783,53,-187.2099,53,-183.0281,53,-357.7052
54,-338.7013,54,-343.4725,54,-170.7876,54,-239.9504,54,-297.6033,54,-134.861,54,-290.8337,54,-347.7635,54,-361.6138,54,-254.6066,54,-385.8102,54,-281.1364,54,-289.4276,54,-27.6086,54,-275.8949,54,-331.5748,54,-282.079,54,-142.0913,54,-344.185,54,-152.5398,54,-258.9186,54,-148.7864,54,-212.5372,54,-224.9665,54,-354.0683
55,-344.7182,55,-371.0861,55,-189.9904,55,-266.3492,55,-285.605,55,-157.9746,55,-324.5475,55,-363.2627,55,-363.9056,55,-299.3023,55,-378.8965,55,-327.7711,55,-328.8468,55,-60.3662,55,-328.5499,55,-337.6765,55,-333.0356,55,-194.9215,55,-348.9461,55,-224.1618,55,-282.0505,55,-163.4802,55,-257.2535,55,-287.8079,55,-343.3983
56,-349.895,56,-371.4178,56,-211.5647,56,-291.198,56,-246.9635,56,-189.8413,56,-313.8085,56,-373.9628,56,-369.5222,56,-327.0309,56,-368.1762,56,-359.7766,56,-329.8217,56,-95.1996,56,-362.6678,56,-335.975,56,-366.9887,56,-247.559,56,-327.5136,56,-318.9205,56,-306.8534,56,-194.3375,56,-324.3354,56,-327.2686,56,-331.7997
57,-326.5818,57,-376.6656,57,-268.4871,57,-302.6191,57,-238.5467,57,-212.3479,57,-308.0068,57,-355.9261,57,-369.9809,57,-347.7843,57,-350.724,57,-367.0547,57,-316.8111,57,-89.9187,57,-371.9679,57,-325.8273,57,-380.4938,57,-310.703,57,-336.2659,57,-361.2311,57,-340.549,57,-226.7292,57,-357.4133,57,-356.5025,57,-337.9912
58,-325.972,58,-369.0775,58,-304.7861,58,-306.7625,58,-254.0899,58,-241.9991,58,-318.6618,58,-334.9507,58,-352.687,58,-357.5065,58,-339.1108,58,-337.4221,58,-295.8595,58,-117.7157,58,-381.7493,58,-324.7551,58,-387.4541,58,-343.4105,58,-347.9819,58,-375.0659,58,-363.7775,58,-258.2223,58,-364.6059,58,-372.4051,58,-341.8154
59,-320.2993,59,-378.9485,59,-320.5123,59,-319.7157,59,-269.2827,59,-273.0081,59,-316.5589,59,-344.5427,59,-333.5995,59,-359.2282,59,-347.7397,59,-327.0952,59,-297.087,59,-191.3269,59,-383.8632,59,-334.5121,59,-377.3991,59,-356.0908,59,-330.3052,59,-393.5591,59,-341.7835,59,-274.0389,59,-368.6947,59,-378.7672,59,-346.7664
60,-315.4011,60,-389.4545,60,-320.6175,60,-330.9259,60,-273.8329,60,-291.1826,60,-323.8337,60,-363.1262,60,-333.3141,60,-353.9535,60,-367.6942,60,-333.7584,60,-293.2782,60,-271.9519,60,-392.8997,60,-353.2432,60,-345.2784,60,-347.2273,60,-330.8269,60,-395.3718,60,-322.6449,60,-289.4974,60,-370.082,60,-375.4431,60,-337.6644
61,-317.9233,61,-398.6981,61,-341.445,61,-349.2879,61,-280.8096,61,-301.562,61,-323.0495,61,-393.4344,61,-319.9757,61,-362.2251,61,-372.5219,61,-334.1069,61,-293.213,61,-309.9604,61,-392.9152,61,-350.0328,61,-328.3689,61,-365.3401,61,-338.0438,61,-393.8368,61,-320.6587,61,-309.9129,61,-364.1622,61,-357.0852,61,-327.0681
62,-310.6402,62,-383.6537,62,-338.0567,62,-368.1045,62,-276.6423,62,-312.7433,62,-321.4138,62,-399.8983,62,-350.7706,62,-382.6176,62,-375.3251,62,-332.9893,62,-282.0598,62,-329.4722,62,-381.9605,62,-375.7239,62,-323.936,62,-378.28,62,-347.5937,62,-383.8355,62,-348.2586,62,-324.9396,62,-363.1326,62,-339.4724,62,-330.17
63,-308.4618,63,-392.6007,63,-344.5978,63,-366.8393,63,-285.5798,63,-317.1254,63,-336.4052,63,-398.1093,63,-355.4789,63,-375.2604,63,-379.1219,63,-336.9691,63,-280.2795,63,-336.0493,63,-383.5618,63,-363.6631,63,-325.5407,63,-376.0582,63,-348.8942,63,-379.0065,63,-386.5909,63,-336.3616,63,-373.5516,63,-345.706,63,-327.3093
64,-308.0701,64,-420.2485,64,-355.1841,64,-343.5941,64,-273.2834,64,-321.3391,64,-356.4707,64,-393.6823,64,-357.6127,64,-357.2465,64,-361.5062,64,-347.2289,64,-267.7777,64,-345.5551,64,-401.8263,64,-321.286,64,-328.0137,64,-363.7382,64,-352.7337,64,-385.4758,64,-383.8861,64,-344.5213,64,-380.3373,64,-353.1048,64,-312.9934
65,-316.9645,65,-431.4746,65,-355.3053,65,-323.2341,65,-264.7582,65,-348.2358,65,-349.6949,65,-395.9168,65,-358.4104,65,-346.5697,65,-340.3033,65,-355.7534,65,-281.3984,65,-341.2207,65,-414.7006,65,-292.1011,65,-340.6625,65,-362.5521,65,-352.5301,65,-386.0031,65,-377.7979,65,-351.7677,65,-373.1144,65,-335.2065,65,-311.5413
66,-341.494,66,-422.1931,66,-347.0076,66,-316.0758,66,-271.1673,66,-335.6961,66,-338.7307,66,-387.1966,66,-362.4061,66,-346.2426,66,-334.0471,66,-366.6943,66,-288.8804,66,-327.608,66,-407.8661,66,-286.758,66,-361.491,66,-345.6627,66,-363.2039,66,-399.4156,66,-368.0092,66,-344.0883,66,-377.8122,66,-331.1389,66,-296.2653
67,-339.7032,67,-421.1802,67,-338.6808,67,-309.2235,67,-289.1599,67,-322.1716,67,-341.9545,67,-381.0981,67,-367.8992,67,-343.7993,67,-349.1489,67,-379.2437,67,-308.4302,67,-322.9718,67,-384.8259,67,-329.1767,67,-355.9151,67,-326.0207,67,-376.8875,67,-413.134,67,-366.6579,67,-331.6078,67,-382.3451,67,-342.4849,67,-278.0153
68,-328.4224,68,-416.9266,68,-330.8333,68,-305.7205,68,-301.5109,68,-333.8036,68,-341.7471,68,-379.4961,68,-371.5973,68,-346.2374,68,-363.7982,68,-381.3325,68,-299.1776,68,-327.0209,68,-367.6555,68,-366.3604,68,-359.1937,68,-324.3105,68,-371.5167,68,-404.5517,68,-371.308,68,-324.0413,68,-383.423,68,-363.9587,68,-283.6306
69,-317.56,69,-394.6507,69,-331.8608,69,-313.096,69,-305.1323,69,-351.9961,69,-337.5855,69,-384.4403,69,-353.1154,69,-333.8499,69,-355.4958,69,-371.6133,69,-318.1369,69,-337.4155,69,-357.6588,69,-385.1141,69,-367.2209,69,-321.7285,69,-352.2555,69,-393.8022,69,-365.312,69,-342.8331,69,-388.2823,69,-376.6556,69,-286.8031
70,-325.0131,70,-380.7106,70,-334.225,70,-319.0895,70,-301.6185,70,-349.2219,70,-325.0001,70,-375.3249,70,-349.1912,70,-322.4605,70,-340.3781,70,-365.5202,70,-319.4349,70,-350.3824,70,-352.6815,70,-392.9483,70,-374.4269,70,-333.7782,70,-349.2132,70,-372.6184,70,-362.4464,70,-352.5193,70,-372.8212,70,-360.4947,70,-309.0943
71,-330.6183,71,-371.8163,71,-324.3628,71,-301.8134,71,-287.6364,71,-337.9322,71,-324.417,71,-372.0528,71,-348.3425,71,-332.8241,71,-341.6854,71,-373.9746,71,-306.7354,71,-357.9346,71,-349.2498,71,-388.2581,71,-379.479,71,-344.4041,71,-355.7077,71,-359.095,71,-371.343,71,-362.904,71,-357.4417,71,-365.9574,71,-335.6642
72,-343.2325,72,-382.5074,72,-315.2246,72,-305.7066,72,-282.9799,72,-343.1052,72,-332.5238,72,-383.3167,72,-335.2958,72,-353.657,72,-358.9872,72,-380.4569,72,-292.1906,72,-360.8035,72,-337.8264,72,-389.6236,72,-371.45,72,-352.8662,72,-367.852,72,-355.4831,72,-373.5658,72,-348.6573,72,-356.9025,72,-367.6665,72,-349.1886
73,-345.7226,73,-402.7344,73,-328.5309,73,-295.957,73,-280.2693,73,-352.886,73,-314.1499,73,-396.5223,73,-335.4398,73,-365.099,73,-383.0106,73,-373.8122,73,-291.0389,73,-364.4202,73,-314.7108,73,-367.0246,73,-361.0673,73,-371.9391,73,-367.5544,73,-355.6128,73,-389.369,73,-345.5397,73,-371.2768,73,-360.6269,73,-358.731
74,-341.6295,74,-409.9806,74,-347.022,74,-282.8661,74,-273.0911,74,-353.0954,74,-305.2013,74,-404.5025,74,-342.6246,74,-367.665,74,-395.3492,74,-365.6839,74,-293.3473,74,-367.0478,74,-314.8094,74,-340.9244,74,-344.4239,74,-391.5384,74,-351.6604,74,-356.1139,74,-388.0268,74,-338.0139,74,-387.0696,74,-350.8575,74,-349.3258
75,-334.1739,75,-402.8734,75,-344.6977,75,-273.0283,75,-265.1557,75,-336.7572,75,-317.7074,75,-405.5886,75,-358.8519,75,-357.3523,75,-404.6248,75,-346.3402,75,-303.3688,75,-361.7292,75,-340.0718,75,-335.5872,75,-349.3055,75,-395.4731,75,-337.716,75,-365.5309,75,-378.4773,75,-329.5206,75,-391.7288,75,-330.9662,75,-335.7304
76,-332.3518,76,-387.7413,76,-328.6234,76,-284.1371,76,-266.8293,76,-322.3051,76,-317.9892,76,-402.8618,76,-341.9187,76,-337.6586,76,-399.3848,76,-350.576,76,-297.672,76,-360.588,76,-357.7859,76,-330.7181,76,-362.8239,76,-401.5287,76,-337.8651,76,-374.4246,76,-366.8109,76,-317.6718,76,-397.5492,76,-311.9615,76,-344.5208
77,-323.6309,77,-361.0322,77,-321.2716,77,-279.7184,77,-269.5795,77,-317.7602,77,-318.1971,77,-405.6034,77,-361.1585,77,-344.2619,77,-393.9045,77,-357.3384,77,-316.1654,77,-367.1221,77,-375.9956,77,-344.9349,77,-364.3043,77,-386.3193,77,-333.1581,77,-371.8358,77,-360.6458,77,-318.6409,77,-387.0834,77,-331.339,77,-358.9412
78,-328.7704,78,-338.3098,78,-309.1089,78,-286.009,78,-270.1378,78,-321.3517,78,-312.1641,78,-396.4819,78,-377.6104,78,-355.1282,78,-413.5386,78,-349.5944,78,-316.4862,78,-370.0385,78,-379.7854,78,-349.7514,78,-337.1187,78,-385.0909,78,-338.6612,78,-361.562,78,-364.865,78,-308.3464,78,-397.4756,78,-340.9677,78,-362.5251
79,-331.975,79,-336.1389,79,-317.9169,79,-314.9952,79,-270.2579,79,-348.9985,79,-344.3485,79,-377.3293,79,-375.6655,79,-359.2854,79,-429.8463,79,-337.2115,79,-301.0921,79,-358.1502,79,-368.9973,79,-359.3096,79,-323.7119,79,-395.8037,79,-343.4062,79,-354.0201,79,-386.503,79,-292.5682,79,-401.5207,79,-341.0978,79,-383.1524
80,-342.4573,80,-332.7664,80,-320.4391,80,-329.4692,80,-262.7453,80,-365.1322,80,-344.597,80,-391.1348,80,-344.5296,80,-345.5517,80,-419.5734,80,-344.1277,80,-298.9086,80,-344.4713,80,-358.6585,80,-358.0538,80,-320.8741,80,-393.2,80,-336.898,80,-337.4325,80,-387.8689,80,-304.3741,80,-395.8586,80,-339.2696,80,-366.3087
81,-357.3387,81,-324.6339,81,-299.1889,81,-335.1783,81,-253.4314,81,-340.8703,81,-317.595,81,-393.4461,81,-333.9958,81,-347.4144,81,-410.0639,81,-351.1788,81,-296.7446,81,-342.271,81,-345.8853,81,-358.4996,81,-327.5559,81,-377.2051,81,-341.6434,81,-334.3008,81,-382.058,81,-324.0373,81,-367.2392,81,-329.682,81,-338.9581
82,-352.7032,82,-310.3041,82,-279.3038,82,-331.6107,82,-229.5178,82,-328.0782,82,-305.0825,82,-392.0085,82,-356.8034,82,-349.4843,82,-400.0478,82,-354.4083,82,-322.9454,82,-335.9633,82,-318.9862,82,-328.0386,82,-312.6287,82,-363.6989,82,-366.7581,82,-328.498,82,-366.7971,82,-342.7821,82,-358.5725,82,-328.8422,82,-316.4881
83,-361.9763,83,-305.8802,83,-267.3496,83,-313.2964,83,-208.063,83,-320.016,83,-312.3905,83,-402.2669,83,-352.2042,83,-355.429,83,-393.5328,83,-363.834,83,-322.5702,83,-338.7423,83,-271.573,83,-263.9667,83,-315.4179,83,-349.541,83,-376.2721,83,-338.9409,83,-355.5139,83,-367.1339,83,-351.4909,83,-348.7462,83,-313.4244
84,-359.8684,84,-317.2787,84,-269.2206,84,-295.7635,84,-180.0823,84,-312.5509,84,-315.3001,84,-392.1536,84,-352.8286,84,-365.4571,84,-369.9651,84,-381.2426,84,-302.9406,84,-332.618,84,-217.9817,84,-177.3073,84,-306.7555,84,-333.926,84,-360.0492,84,-328.6285,84,-349.2909,84,-375.8833,84,-347.8444,84,-351.1971,84,-301.3642
85,-340.3622,85,-333.9872,85,-285.5652,85,-282.3776,85,-153.4162,85,-306.8503,85,-314.5497,85,-402.7392,85,-362.6805,85,-353.498,85,-358.623,85,-380.6536,85,-301.5854,85,-322.6207,85,-164.4827,85,-99.9246,85,-310.9436,85,-316.2766,85,-355.2961,85,-302.4709,85,-355.8274,85,-382.8867,85,-360.4756,85,-362.7172,85,-322.6619
86,-340.9784,86,-325.4679,86,-280.1888,86,-279.5441,86,-131.4577,86,-298.9424,86,-329.9857,86,-393.1148,86,-341.2065,86,-301.9637,86,-340.4827,86,-374.4654,86,-310.4627,86,-341.628,86,-110.4914,86,-47.2993,86,-304.2859,86,-291.9934,86,-361.1481,86,-220.535,86,-368.0856,86,-366.9136,86,-388.9195,86,-370.4033,86,-333.9637
87,-340.1957,87,-298.7059,87,-256.3719,87,-294.8142,87,-96.225,87,-294.7425,87,-338.3187,87,-373.8032,87,-317.3625,87,-226.0946,87,-327.7863,87,-363.4255,87,-303.2532,87,-346.2861,87,-75.0648,87,-17.3955,87,-290.7894,87,-257.2174,87,-377.9341,87,-168.2953,87,-365.3975,87,-336.3633,87,-410.6861,87,-368.9755,87,-335.1407
88,-328.0349,88,-260.1161,88,-226.408,88,-296.5993,88,-63.6591,88,-264.2204,88,-343.7878,88,-336.4626,88,-278.2295,88,-156.0055,88,-304.277,88,-308.2112,88,-307.9796,88,-346.5794,88,-52.3026,88,-4.4336,88,-290.1596,88,-195.8198,88,-394.4672,88,-105.4048,88,-349.5581,88,-287.6059,88,-412.1048,88,-368.4331,88,-333.9907
89,-324.4536,89,-210.0826,89,-199.0659,89,-264.6157,89,-59.2712,89,-217.2784,89,-334.1873,89,-272.1933,89,-227.3152,89,-116.7204,89,-253.1017,89,-232.8272,89,-324.0704,89,-352.4546,89,-34.8038,89,-2.0394,89,-288.7458,89,-119.2949,89,-371.4616,89,-78.6486,89,-350.6682,89,-259.5585,89,-387.3458,89,-355.3347,89,-326.9861
90,-307.3678,90,-166.9578,90,-148.1429,90,-226.1314,90,-65.7443,90,-175.3116,90,-323.6137,90,-215.5703,90,-166.6118,90,-81.0537,90,-215.3678,90,-158.2815,90,-319.1492,90,-356.5763,90,-23.5021,90,2.699,90,-251.0592,90,-63.8324,90,-334.4148,90,-81.6915,90,-317.1838,90,-212.3321,90,-323.7542,90,-336.3448,90,-319.4545
91,-277.5492,91,-134.5223,91,-95.4315,91,-186.9725,91,-52.7592,91,-165.385,91,-308.281,91,-166.2082,91,-100.4809,91,-68.0495,91,-185.0878,91,-97.6735,91,-292.5158,91,-366.0182,91,-16.2031,91,5.6276,91,-236.9361,91,-53.0665,91,-295.881,91,-82.9315,91,-268.0694,91,-157.2757,91,-267.9872,91,-322.1033,91,-296.6674
92,-237.0021,92,-130.0646,92,-58.5908,92,-146.5107,92,-35.3155,92,-160.489,92,-276.4112,92,-128.252,92,-45.2741,92,-70.6108,92,-158.8993,92,-60.6399,92,-249.9991,92,-360.7769,92,-41.1221,92,0.8661,92,-203.9742,92,-59.4746,92,-237.6657,92,-73.2245,92,-204.3909,92,-114.6858,92,-236.7662,92,-294.0606,92,-245.4295
93,-191.961,93,-127.4308,93,-54.6959,93,-95.2973,93,-17.0433,93,-143.9268,93,-242.8088,93,-101.7451,93,-22.6434,93,-60.7791,93,-119.5711,93,-44.3301,93,-182.0369,93,-342.3547,93,-65.3192,93,-16.9664,93,-153.6198,93,-40.7317,93,-209.5453,93,-73.6191,93,-128.1476,93,-80.5052,93,-160.6575,93,-255.9733,93,-192.2299
94,-140.056,94,-107.8126,94,-38.094,94,-57.6477,94,12.4899,94,-113.1127,94,-213.5139,94,-81.7272,94,-17.8849,94,-53.3421,94,-81.1232,94,-45.3089,94,-136.6301,94,-275.48,94,-78.1047,94,-14.5853,94,-106.8324,94,-17.9508,94,-180.7368,94,-67.3744,94,-49.8858,94,-49.8693,94,-86.65,94,-203.3062,94,-154.5689
95,-89.6793,95,-80.0636,95,-18.504,95,-41.1655,95,12.3008,95,-98.5662,95,-187.9502,95,-68.3102,95,-21.0634,95,-39.8605,95,-50.5868,95,-46.1349,95,-84.8372,95,-233.2453,95,-81.7236,95,0.0171,95,-64.9988,95,-8.7711,95,-152.3984,95,-58.5397,95,-29.566,95,-32.9414,95,-44.2806,95,-155.0045,95,-112.5805
96,-56.9193,96,-58.9179,96,3.0102,96,-15.0835,96,-15.8463,96,-94.6246,96,-169.3939,96,-53.1019,96,-45.1182,96,-24.9862,96,-19.9182,96,-53.3336,96,-41.5813,96,-153.1689,96,-73.7632,96,5.3534,96,-42.8891,96,-4.2079,96,-117.4055,96,-84.6594,96,-34.3661,96,-45.1298,96,-26.389,96,-115.0569,96,-89.4414
97,-48.8503,97,-49.6456,97,6.062,97,-14.6365,97,-37.8088,97,-90.2869,97,-134.1236,97,-48.1129,97,-48.3768,97,-33.2084,97,10.5529,97,-43.0433,97,-23.8038,97,-93.8534,97,-57.7578,97,6.3678,97,-48.9082,97,-7.6519,97,-69.7034,97,-78.5161,97,-34.0703,97,-50.9976,97,-12.2332,97,-87.0209,97,-68.7784
98,-35.7951,98,-42.5373,98,-10.7334,98,-5.7727,98,-40.0911,98,-70.889,98,-90.7603,98,-50.4138,98,-55.0351,98,-34.7005,98,-8.0665,98,-43.2237,98,-14.7942,98,-70.8866,98,-36.8641,98,-1.7463,98,-56.803,98,-18.1096,98,-41.1965,98,-54.7746,98,-21.1128,98,-40.2444,98,4.8886,98,-67.8781,98,-90.9013
99,-31.3591,99,-34.3958,99,-38.7753,99,-5.154,99,-39.279,99,-39.6174,99,-52.5033,99,-41.8052,99,-36.7498,99,-40.6651,99,-41.0862,99,-67.6474,99,-8.2607,99,-57.3237,99,-20.2503,99,5.0717,99,-60.5184,99,-19.3188,99,-26.9787,99,-18.3917,99,-12.3945,99,-23.79,99,4.2407,99,-58.4621,99,-88.4198
100,-34.7228,100,-18.7663,100,-63.5386,100,-7.1287,100,-40.9203,100,-26.5988,100,-38.8766,100,-25.7771,100,-21.9297,100,-45.0798,100,-79.1902,100,-66.0731,100,-28.0079,100,-45.5806,100,-15.8408,100,12.2541,100,-39.5308,100,-14.9052,100,-25.7896,100,-6.8093,100,-9.5946,100,-24.4861,100,-1.2736,100,-46.061,100,-65.4785
101,-46.0296,101,-16.3927,101,-84.2171,101,8.3756,101,-22.0045,101,-32.3803,101,-26.4707,101,-16.1199,101,-5.8553,101,-47.2155,101,-68.4399,101,-46.6144,101,-39.4398,101,-60.0553,101,-20.3096,101,9.7916,101,-24.0136,101,-21.378,101,-33.8273,101,-7.3564,101,-16.5259,101,-34.5845,101,-3.5981,101,-40.53,101,-48.5975
102,-39.1015,102,-17.8711,102,-81.337,102,13.4516,102,-4.851,102,-43.1657,102,-27.0633,102,-10.2048,102,-0.9125,102,-41.0126,102,-69.4526,102,-28.3453,102,-28.3479,102,-75.5917,102,-11.8394,102,8.1104,102,-28.3487,102,-32.222,102,-31.3062,102,4.1645,102,-24.7752,102,-46.0545,102,-12.987,102,-34.1434,102,-45.8291
103,-28.723,103,-12.8881,103,-67.9342,103,13.8498,103,-18.2324,103,-34.9915,103,-3.0457,103,-12.3578,103,-12.5832,103,-27.9079,103,-82.4606,103,-20.7571,103,-17.9029,103,-52.6471,103,-34.3904,103,-4.5176,103,-36.8569,103,-41.2734,103,-17.7709,103,14.1871,103,-23.9868,103,-44.4622,103,-13.4544,103,-23.9053,103,-51.531
104,-31.4597,104,-18.0443,104,-47.2581,104,7.4345,104,-34.9064,104,-29.3203,104,-1.3792,104,-9.5268,104,-50.5067,104,-32.8524,104,-87.4726,104,-27.8589,104,-11.1222,104,-39.9482,104,-52.6976,104,-37.6841,104,-55.6963,104,-44.919,104,-11.0379,104,-16.1025,104,-35.8342,104,-31.8687,104,-20.1012,104,-13.7566,104,-59.5445
105,-37.0797,105,-31.484,105,-31.9949,105,10.9412,105,-40.909,105,-23.8545,105,-7.4291,105,1.8392,105,-70.6436,105,-42.2451,105,-52.4037,105,-46.8909,105,-9.9098,105,-37.4085,105,-61.4634,105,-46.0175,105,-79.4059,105,-55.4227,105,2.3066,105,-10.1349,105,-41.8943,105,-28.4223,105,-47.0053,105,-11.8061,105,-61.6405
106,-46.3454,106,-36.9285,106,-36.37,106,11.3653,106,-42.5138,106,-15.5867,106,-24.8751,106,18.7421,106,-58.6632,106,-39.1453,106,-56.0891,106,-52.9938,106,-16.7436,106,-42.4452,106,-50.7221,106,-41.142,106,-77.1159,106,-56.8132,106,-7.4103,106,-33.2824,106,-42.6042,106,-12.6669,106,-63.2563,106,-7.6638,106,-55.03
107,-48.8996,107,-41.0382,107,-34.8598,107,3.852,107,-41.1755,107,-8.3161,107,-21.1875,107,3.1863,107,-23.8675,107,-41.7852,107,-34.9445,107,-38.315,107,-19.3802,107,-63.2318,107,-48.9907,107,-24.1263,107,-59.3022,107,-48.1348,107,1.0235,107,-45.8776,107,-56.4596,107,-3.8545,107,-45.9729,107,-29.8453,107,-46.6521
108,-20.4191,108,-22.4221,108,-12.6788,108,-2.5604,108,-30.3948,108,-14.5486,108,2.9812,108,-10.6325,108,-5.6194,108,-23.0302,108,-41.004,108,-30.9902,108,-12.421,108,-83.6782,108,-55.2145,108,-42.3221,108,-54.635,108,-27.1508,108,6.0559,108,-62.9348,108,-65.1502,108,-2.2388,108,-24.3537,108,-50.3045,108,-44.3987
109,9.1622,109,-10.4005,109,-9.9303,109,-8.8219,109,-15.9406,109,-15.6789,109,6.6101,109,-9.2632,109,0.7043,109,-23.6472,109,-30.4865,109,-22.1156,109,-8.3699,109,-70.7195,109,-63.3157,109,-50.5641,109,-54.2016,109,-3.9264,109,1.6994,109,-75.7371,109,-69.1284,109,-18.837,109,-13.0951,109,-60.472,109,-34.8726
110,19.1856,110,-23.6106,110,-7.7215,110,-20.1204,110,-24.7055,110,-28.1351,110,1.4991,110,-18.1395,110,14.9595,110,-35.5153,110,-21.1876,110,-32.9086,110,-16.7825,110,-50.4403,110,-44.1062,110,-50.3146,110,-61.2219,110,4.7443,110,-9.5464,110,-76.4332,110,-70.1101,110,-13.4361,110,-50.8167,110,-76.0629,110,-36.6511
111,13.3256,111,-53.4645,111,-16.3393,111,-28.9487,111,-37.2203,111,-32.4614,111,-6.4095,111,-15.0171,111,22.6392,111,-35.4295,111,-18.9725,111,-33.5434,111,-15.8697,111,-33.335,111,-28.1183,111,-37.6655,111,-71.272,111,-1.3153,111,-24.7261,111,-64.9348,111,-92.3561,111,-6.9144,111,-58.9474,111,-113.9538,111,-53.7671
112,-8.7679,112,-84.1132,112,-22.1552,112,-29.7104,112,-35.9912,112,-32.8467,112,-16.8409,112,-16.9797,112,-11.2422,112,-25.8953,112,-15.3223,112,-47.7294,112,-0.8377,112,-31.3586,112,-44.9665,112,-36.3371,112,-78.0356,112,-13.3664,112,-32.9701,112,-33.1636,112,-91.5274,112,-22.5382,112,-77.4824,112,-117.0926,112,-50.1856
113,-14.6076,113,-93.8089,113,-12.3424,113,-14.1799,113,-32.9476,113,-32.4526,113,-2.9887,113,-30.4239,113,-21.4251,113,-21.697,113,-26.7461,113,-58.676,113,6.6915,113,-44.6195,113,-48.3572,113,-26.4184,113,-84.2204,113,-19.6758,113,-36.467,113,1.3686,113,-70.6422,113,-37.8495,113,-99.6972,113,-97.718,113,-39.7107
114,-9.9305,114,-103.2657,114,4.8919,114,-5.9355,114,-46.0245,114,-24.417,114,3.1232,114,-39.9428,114,-16.8934,114,-27.3646,114,-39.3485,114,-64.1267,114,-4.5525,114,-68.4988,114,-51.2262,114,-25.2077,114,-91.7789,114,-40.5522,114,-40.9328,114,9.1606,114,-68.2382,114,-34.3037,114,-107.4185,114,-50.0509,114,-19.3994
115,-8.0128,115,-97.7395,115,-1.1102,115,8.1625,115,-57.0049,115,-22.5566,115,-19.3804,115,-65.1257,115,-22.8999,115,-36.6146,115,-43.455,115,-84.8731,115,2.8881,115,-85.3389,115,-23.5099,115,-41.4145,115,-97.1258,115,-34.3091,115,-38.9471,115,8.5563,115,-108.9493,115,-42.8072,115,-104.5203,115,-22.5775,115,-6.2053
116,-4.4263,116,-83.5014,116,-8.1225,116,-8.7707,116,-51.0029,116,-31.9647,116,-33.6468,116,-81.7932,116,-13.8461,116,-37.8994,116,-44.3023,116,-87.0569,116,8.6517,116,-78.5513,116,-18.2872,116,-60.2822,116,-101.2993,116,-15.206,116,-38.3475,116,2.3403,116,-120.9527,116,-47.3106,116,-96.0583,116,-20.268,116,-22.1848
117,-9.9252,117,-80.9145,117,-28.387,117,1.2534,117,-26.7617,117,-22.2015,117,-15.9353,117,-78.5726,117,15.0737,117,-27.2376,117,-61.9013,117,-61.7994,117,0.1319,117,-50.6686,117,-20.7335,117,-82.4075,117,-110.7685,117,-17.65,117,-42.7919,117,-23.424,117,-96.3299,117,-41.8629,117,-72.4585,117,-22.8209,117,-11.7827
118,-5.1678,118,-66.7252,118,-38.1771,118,-27.9076,118,-28.1688,118,-2.2986,118,8.7317,118,-80.1272,118,42.3116,118,-14.5237,118,-63.8062,118,-43.8676,118,-5.8351,118,-22.1772,118,-24.167,118,-87.1456,118,-95.1138,118,-24.0795,118,-43.7774,118,-39.3996,118,-83.5283,118,-42.4261,118,-54.2474,118,-20.3315,118,2.3593
119,17.2779,119,-62.9676,119,-16.6985,119,-36.6664,119,-51.3508,119,9.214,119,8.2993,119,-81.2197,119,26.4131,119,2.1141,119,-51.9006,119,-37.1212,119,-5.0342,119,-13.5329,119,-32.7058,119,-86.3719,119,-60.1217,119,-20.2448,119,-28.1864,119,-26.1074,119,-77.1413,119,-43.6598,119,-41.996,119,-27.5422,119,7.7635
120,14.9724,120,-43.8386,120,-17.4875,120,-30.109,120,-56.0694,120,-7.668,120,-11.4606,120,-68.3999,120,-13.9895,120,-0.9877,120,-58.7991,120,-33.4773,120,2.9863,120,-11.0896,120,-47.8682,120,-91.6216,120,-34.7463,120,-12.6392,120,-5.6065,120,-43.6679,120,-61.8799,120,-30.6488,120,-29.7161,120,-29.1158,120,-6.6997
121,-10.1221,121,-45.689,121,-21.3191,121,-24.0153,121,-51.8266,121,-16.5809,121,5.7755,121,-66.4571,121,-40.7413,121,11.9268,121,-44.1986,121,-45.4702,121,7.9095,121,2.9866,121,-38.8691,121,-76.0691,121,-17.5146,121,-14.798,121,0.4079,121,-43.1981,121,-47.2156,121,-36.307,121,-42.2102,121,-19.1054,121,-29.6161
122,-15.7808,122,-67.7485,122,-24.7093,122,-8.8136,122,-45.5084,122,-16.8532,122,-19.8007,122,-71.0921,122,-47.2708,122,20.6005,122,-55.2124,122,-36.0279,122,10.8596,122,12.3962,122,-30.8589,122,-32.1541,122,0.4342,122,-17.3561,122,-11.9557,122,-30.8133,122,-34.3834,122,-43.186,122,-42.8678,122,-32.433,122,-54.8043
123,-14.2237,123,-75.2197,123,-24.2498,123,-12.7883,123,-38.8496,123,-24.2168,123,-47.6934,123,-59.7673,123,-50.9873,123,21.9318,123,-70.7187,123,-26.5871,123,3.8287,123,9.1371,123,-37.563,123,-2.5875,123,7.7235,123,-20.8303,123,-14.3132,123,-3.1381,123,-27.845,123,-49.8797,123,-23.3398,123,-27.0287,123,-55.9186
124,-7.9988,124,-73.9944,124,-11.9962,124,-4.6386,124,-39.205,124,-20.4067,124,-66.9689,124,-54.4072,124,-42.833,124,28.3099,124,-54.6709,124,-4.5477,124,-5.3554,124,13.512,124,-39.7608,124,5.2816,124,5.4557,124,-30.5354,124,-22.3675,124,23.5244,124,-33.3634,124,-46.5568,124,-4.2503,124,1.003,124,-57.2427
125,23.5548,125,-60.3589,125,-9.392,125,13.0597,125,-23.2915,125,-28.4896,125,-62.7694,125,-43.0234,125,-19.3366,125,25.0922,125,-35.4722,125,-9.7016,125,-27.9692,125,13.4736,125,-55.164,125,28.6414,125,4.6726,125,-49.9754,125,-29.9595,125,29.8418,125,-31.7293,125,-46.0672,125,3.6491,125,-5.6062,125,-72.4114
126,32.1527,126,-57.9726,126,-35.0447,126,31.2938,126,-12.1644,126,-17.4079,126,-63.7988,126,-19.9729,126,-19.2679,126,2.0306,126,-19.3409,126,-29.4974,126,-47.7373,126,-13.5882,126,-60.0528,126,28.0992,126,-3.0967,126,-32.6034,126,-37.2737,126,47.4681,126,-45.5152,126,-38.814,126,-8.7661,126,-9.9474,126,-80.1428
127,22.7611,127,-55.1922,127,-57.0442,127,34.4687,127,-3.1491,127,-24.9458,127,-50.4733,127,-7.4542,127,-21.6024,127,-19.0646,127,-38.1664,127,-36.8132,127,-31.7837,127,-17.0873,127,-47.7268,127,25.4581,127,-12.7021,127,-31.3224,127,-36.1736,127,27.7579,127,-38.7643,127,-35.8938,127,-21.2305,127,-24.5934,127,-55.193
128,8.6355,128,-63.3982,128,-74.2439,128,19.6671,128,-3.0922,128,-47.8473,128,-35.8482,128,-2.3118,128,-4.0963,128,-18.7461,128,-59.2678,128,-54.7426,128,-22.4786,128,0.7806,128,-23.5581,128,17.273,128,-16.5366,128,-26.8665,128,-61.4899,128,12.5698,128,-35.816,128,-20.1403,128,-22.0506,128,-40.2973,128,-53.2072
129,27.7418,129,-66.9941,129,-87.3017,129,-8.1407,129,-16.9683,129,-57.4899,129,-23.8748,129,-10.0932,129,14.5523,129,-15.8273,129,-67.594,129,-71.8253,129,-5.1703,129,-12.4056,129,-26.6369,129,-2.1602,129,-15.1341,129,-45.1492,129,-81.2877,129,-14.1404,129,-57.2207,129,-4.5275,129,-17.7105,129,-24.1986,129,-37.5974
130,35.8479,130,-65.6439,130,-83.087,130,-41.5272,130,-25.2781,130,-47.5176,130,-11.395,130,-17.4745,130,10.2169,130,-17.6372,130,-53.9907,130,-64.9234,130,-2.6438,130,-29.4192,130,-40.6018,130,-10.3919,130,-17.5304,130,-48.8383,130,-58.685,130,-34.2093,130,-60.0265,130,-10.5223,130,-29.4724,130,-13.008,130,-30.5109
131,27.7813,131,-63.4262,131,-60.2476,131,-62.5701,131,-17.5731,131,-39.007,131,9.5532,131,-3.8271,131,-3.6353,131,-59.0026,131,-38.9608,131,-56.5849,131,-20.7758,131,-16.4363,131,-41.8534,131,-20.579,131,-18.7251,131,-41.9745,131,-32.2137,131,-29.2988,131,-64.8152,131,-23.5729,131,-19.2234,131,-21.3005,131,-33.4355
132,0.2356,132,-71.8473,132,-49.0208,132,-67.9473,132,-1.8327,132,-26.4111,132,29.9421,132,9.9413,132,3.4078,132,-53.8412,132,-20.9642,132,-49.6825,132,-22.7844,132,-8.0017,132,-62.6464,132,-33.227,132,-17.6754,132,-39.7214,132,-27.621,132,-34.1227,132,-70.1646,132,-21.027,132,-10.2512,132,-38.7366,132,-41.6325
133,-15.2799,133,-78.7505,133,-42.4875,133,-63.4989,133,3.4289,133,-15.871,133,35.5002,133,5.4822,133,12.7435,133,-59.1825,133,-12.6382,133,-40.3289,133,-8.4938,133,-6.6429,133,-56.7354,133,-45.3747,133,-31.7912,133,-10.2444,133,-16.5382,133,-27.0035,133,-66.5492,133,-22.4314,133,-10.064,133,-53.6101,133,-30.7258
134,10.3455,134,-69.3263,134,-22.0999,134,-37.6688,134,8.5325,134,-16.6416,134,27.5524,134,-6.6786,134,8.3771,134,-57.8216,134,-8.3588,134,-33.0269,134,-7.9581,134,-18.5571,134,-55.1665,134,-48.346,134,-31.8076,134,-14.4956,134,-2.0775,134,-39.9133,134,-66.7337,134,-23.8083,134,-28.8698,134,-49.9808,134,-26.4171
135,15.924,135,-58.4968,135,-32.7363,135,-30.9869,135,-9.4909,135,-36.2709,135,18.6756,135,-19.017,135,-11.5484,135,-53.4999,135,5.3732,135,-28.59,135,-15.7487,135,-8.7639,135,-44.7619,135,-41.359,135,-27.4188,135,6.6046,135,6.916,135,-19.5765,135,-75.483,135,-16.3879,135,-59.053,135,-38.9857,135,-27.5549
136,-7.6065,136,-46.1327,136,-42.621,136,-32.8558,136,-18.893,136,-19.3351,136,2.4444,136,-51.3855,136,-23.1083,136,-26.3858,136,5.5885,136,-44.2443,136,-26.6138,136,-0.1248,136,-44.6837,136,-50.6287,136,-5.981,136,0.7609,136,-2.2863,136,-23.1225,136,-73.0017,136,-16.4859,136,-60.2132,136,-49.6667,136,-29.1453
137,-7.5252,137,-29.7785,137,-55.7587,137,-22.9773,137,-40.9917,137,-27.0408,137,-8.3609,137,-75.432,137,-13.8122,137,-17.8097,137,-0.6338,137,-45.4416,137,-16.5324,137,-12.0584,137,-44.2207,137,-41.9249,137,-30.4565,137,-10.8749,137,-20.4029,137,-19.6479,137,-64.2916,137,-20.2125,137,-41.5763,137,-71.8616,137,-22.961
138,3.5359,138,-15.2812,138,-49.7061,138,-23.5068,138,-35.6756,138,-50.7595,138,-0.2956,138,-62.1507,138,-17.6155,138,-27.1586,138,-10.8495,138,-52.8482,138,-18.179,138,-16.8801,138,-53.794,138,-50.1114,138,-44.7325,138,-27.4789,138,-33.2655,138,-11.2297,138,-53.9728,138,-16.9091,138,-23.3758,138,-86.1284,138,-23.4602
139,4.7941,139,-8.6833,139,-55.0719,139,-12.8291,139,-37.2364,139,-48.3259,139,2.3451,139,-65.1196,139,-22.1297,139,-24.264,139,-24.668,139,-82.2747,139,-6.1103,139,-7.1903,139,-72.9348,139,-35.8019,139,-19.6974,139,-29.0735,139,-43.9971,139,-1.0892,139,-62.3328,139,-33.3036,139,-18.0611,139,-83.2941,139,-19.4862